{
  "selected_ids": [
    1188,
    416,
    1418,
    1614,
    1167,
    594,
    1630,
    520,
    637,
    786,
    553,
    1097,
    537,
    623,
    655,
    830,
    1113,
    1045,
    1933,
    1454,
    1270,
    1598,
    1199,
    356,
    773,
    1036,
    1522,
    1921,
    1012,
    1485,
    700,
    1660,
    593,
    1480,
    1795,
    1526,
    341,
    1322,
    1121,
    419,
    1792,
    1490,
    1680,
    1408,
    1627,
    1931,
    1028,
    1905,
    530,
    1400,
    1581,
    1128,
    1753,
    922,
    1808,
    581,
    591,
    1032,
    1120,
    610,
    750,
    1884,
    1404,
    1357
  ],
  "uncertainties": [
    0.0057373046875,
    0.018768310546875,
    0.003631591796875,
    0.0086517333984375,
    0.00461578369140625,
    0.009490966796875,
    0.006732940673828125,
    0.003749847412109375,
    0.002105712890625,
    0.01084136962890625,
    0.00513458251953125,
    0.00970458984375,
    0.00321197509765625,
    0.01302337646484375,
    0.004505157470703125,
    0.004344940185546875,
    0.0033721923828125,
    0.007518768310546875,
    0.00368499755859375,
    0.003566741943359375,
    0.005001068115234375,
    0.0028209686279296875,
    0.0029964447021484375,
    0.0022602081298828125,
    0.006378173828125,
    0.01367950439453125,
    0.006885528564453125,
    0.0066375732421875,
    0.0044403076171875,
    0.006740570068359375,
    0.00324249267578125,
    0.014129638671875,
    0.0022754669189453125,
    0.00522613525390625,
    0.00432586669921875,
    0.02349853515625,
    0.01224517822265625,
    0.002376556396484375,
    0.00609588623046875,
    0.005870819091796875,
    0.005096435546875,
    0.0159912109375,
    0.00241851806640625,
    0.004146575927734375,
    0.002933502197265625,
    0.002399444580078125,
    0.0032329559326171875,
    0.004131317138671875,
    0.016204833984375,
    0.0180511474609375,
    0.00789642333984375,
    0.004058837890625,
    0.00325775146484375,
    0.003108978271484375,
    0.0033092498779296875,
    0.003032684326171875,
    0.0134429931640625,
    0.00380706787109375,
    0.007965087890625,
    0.003826141357421875,
    0.0028438568115234375,
    0.0029144287109375,
    0.02447509765625,
    0.00458526611328125
  ],
  "topk_size": 64,
  "n_clusters": 64,
  "cluster_stats": {
    "0": {
      "size": 16,
      "selected_id": 1188,
      "max_uncertainty": 0.0057373046875,
      "mean_uncertainty": 0.0032329559326171875
    },
    "1": {
      "size": 5,
      "selected_id": 416,
      "max_uncertainty": 0.018768310546875,
      "mean_uncertainty": 0.01416778564453125
    },
    "2": {
      "size": 12,
      "selected_id": 1418,
      "max_uncertainty": 0.003631591796875,
      "mean_uncertainty": 0.00241851806640625
    },
    "3": {
      "size": 14,
      "selected_id": 1614,
      "max_uncertainty": 0.0086517333984375,
      "mean_uncertainty": 0.005321502685546875
    },
    "4": {
      "size": 8,
      "selected_id": 1167,
      "max_uncertainty": 0.00461578369140625,
      "mean_uncertainty": 0.0033473968505859375
    },
    "5": {
      "size": 15,
      "selected_id": 594,
      "max_uncertainty": 0.009490966796875,
      "mean_uncertainty": 0.0067901611328125
    },
    "6": {
      "size": 6,
      "selected_id": 1630,
      "max_uncertainty": 0.006732940673828125,
      "mean_uncertainty": 0.00295257568359375
    },
    "7": {
      "size": 7,
      "selected_id": 520,
      "max_uncertainty": 0.003749847412109375,
      "mean_uncertainty": 0.00283050537109375
    },
    "8": {
      "size": 5,
      "selected_id": 637,
      "max_uncertainty": 0.002105712890625,
      "mean_uncertainty": 0.0019006729125976562
    },
    "9": {
      "size": 13,
      "selected_id": 786,
      "max_uncertainty": 0.01084136962890625,
      "mean_uncertainty": 0.00617218017578125
    },
    "10": {
      "size": 20,
      "selected_id": 553,
      "max_uncertainty": 0.00513458251953125,
      "mean_uncertainty": 0.0035800933837890625
    },
    "11": {
      "size": 9,
      "selected_id": 1097,
      "max_uncertainty": 0.00970458984375,
      "mean_uncertainty": 0.00791168212890625
    },
    "12": {
      "size": 8,
      "selected_id": 537,
      "max_uncertainty": 0.00321197509765625,
      "mean_uncertainty": 0.002101898193359375
    },
    "13": {
      "size": 21,
      "selected_id": 623,
      "max_uncertainty": 0.01302337646484375,
      "mean_uncertainty": 0.0089263916015625
    },
    "14": {
      "size": 15,
      "selected_id": 655,
      "max_uncertainty": 0.004505157470703125,
      "mean_uncertainty": 0.0028839111328125
    },
    "15": {
      "size": 17,
      "selected_id": 830,
      "max_uncertainty": 0.004344940185546875,
      "mean_uncertainty": 0.0027866363525390625
    },
    "16": {
      "size": 14,
      "selected_id": 1113,
      "max_uncertainty": 0.0033721923828125,
      "mean_uncertainty": 0.0024356842041015625
    },
    "17": {
      "size": 10,
      "selected_id": 1045,
      "max_uncertainty": 0.007518768310546875,
      "mean_uncertainty": 0.004734039306640625
    },
    "18": {
      "size": 15,
      "selected_id": 1933,
      "max_uncertainty": 0.00368499755859375,
      "mean_uncertainty": 0.0024700164794921875
    },
    "19": {
      "size": 17,
      "selected_id": 1454,
      "max_uncertainty": 0.003566741943359375,
      "mean_uncertainty": 0.002460479736328125
    },
    "20": {
      "size": 18,
      "selected_id": 1270,
      "max_uncertainty": 0.005001068115234375,
      "mean_uncertainty": 0.00350189208984375
    },
    "21": {
      "size": 11,
      "selected_id": 1598,
      "max_uncertainty": 0.0028209686279296875,
      "mean_uncertainty": 0.0022754669189453125
    },
    "22": {
      "size": 12,
      "selected_id": 1199,
      "max_uncertainty": 0.0029964447021484375,
      "mean_uncertainty": 0.0021228790283203125
    },
    "23": {
      "size": 5,
      "selected_id": 356,
      "max_uncertainty": 0.0022602081298828125,
      "mean_uncertainty": 0.0019741058349609375
    },
    "24": {
      "size": 11,
      "selected_id": 773,
      "max_uncertainty": 0.006378173828125,
      "mean_uncertainty": 0.004558563232421875
    },
    "25": {
      "size": 5,
      "selected_id": 1036,
      "max_uncertainty": 0.01367950439453125,
      "mean_uncertainty": 0.01177978515625
    },
    "26": {
      "size": 13,
      "selected_id": 1522,
      "max_uncertainty": 0.006885528564453125,
      "mean_uncertainty": 0.00434112548828125
    },
    "27": {
      "size": 18,
      "selected_id": 1921,
      "max_uncertainty": 0.0066375732421875,
      "mean_uncertainty": 0.00446319580078125
    },
    "28": {
      "size": 13,
      "selected_id": 1012,
      "max_uncertainty": 0.0044403076171875,
      "mean_uncertainty": 0.0027942657470703125
    },
    "29": {
      "size": 20,
      "selected_id": 1485,
      "max_uncertainty": 0.006740570068359375,
      "mean_uncertainty": 0.00420379638671875
    },
    "30": {
      "size": 18,
      "selected_id": 700,
      "max_uncertainty": 0.00324249267578125,
      "mean_uncertainty": 0.002227783203125
    },
    "31": {
      "size": 6,
      "selected_id": 1660,
      "max_uncertainty": 0.014129638671875,
      "mean_uncertainty": 0.00963592529296875
    },
    "32": {
      "size": 6,
      "selected_id": 593,
      "max_uncertainty": 0.0022754669189453125,
      "mean_uncertainty": 0.0019283294677734375
    },
    "33": {
      "size": 13,
      "selected_id": 1480,
      "max_uncertainty": 0.00522613525390625,
      "mean_uncertainty": 0.0027141571044921875
    },
    "34": {
      "size": 22,
      "selected_id": 1795,
      "max_uncertainty": 0.00432586669921875,
      "mean_uncertainty": 0.0025882720947265625
    },
    "35": {
      "size": 3,
      "selected_id": 1526,
      "max_uncertainty": 0.02349853515625,
      "mean_uncertainty": 0.0175933837890625
    },
    "36": {
      "size": 10,
      "selected_id": 341,