{
  "selected_ids": [
    861,
    849,
    1821,
    1696,
    1939,
    1667,
    1299,
    1777,
    1414,
    697,
    935,
    1747,
    489,
    1278,
    805,
    556,
    405,
    948,
    1065,
    920,
    278,
    879,
    900,
    605,
    710,
    622,
    631,
    1165,
    1391,
    1105,
    1776,
    1666,
    1448,
    1733,
    640,
    1095,
    1346,
    770,
    1295,
    1926,
    652,
    1302,
    412,
    1479,
    531,
    980,
    1895,
    1929,
    551,
    1243,
    1843,
    1633,
    269,
    408,
    1849,
    1857,
    1714,
    1988,
    1702,
    627,
    724,
    1177,
    1805,
    1685
  ],
  "uncertainties": [
    0.0030956268310546875,
    0.003231048583984375,
    0.00392913818359375,
    0.00646209716796875,
    0.00292205810546875,
    0.0023975372314453125,
    0.01059722900390625,
    0.004108428955078125,
    0.00676727294921875,
    0.00225067138671875,
    0.004085540771484375,
    0.004268646240234375,
    0.0032329559326171875,
    0.0040130615234375,
    0.01435089111328125,
    0.0037746429443359375,
    0.0042266845703125,
    0.00789642333984375,
    0.0036716461181640625,
    0.0024261474609375,
    0.004421234130859375,
    0.0031070709228515625,
    0.002849578857421875,
    0.004199981689453125,
    0.0018777847290039062,
    0.00237274169921875,
    0.00971221923828125,
    0.0030536651611328125,
    0.003498077392578125,
    0.01561737060546875,
    0.004302978515625,
    0.0025615692138671875,
    0.0070953369140625,
    0.0033588409423828125,
    0.005741119384765625,
    0.00881195068359375,
    0.0038738250732421875,
    0.002498626708984375,
    0.006877899169921875,
    0.0021190643310546875,
    0.005306243896484375,
    0.0022182464599609375,
    0.00379180908203125,
    0.004734039306640625,
    0.0024871826171875,
    0.002346038818359375,
    0.002132415771484375,
    0.004840850830078125,
    0.004932403564453125,
    0.00254058837890625,
    0.0019292831420898438,
    0.0029926300048828125,
    0.006084442138671875,
    0.0022792816162109375,
    0.0025310516357421875,
    0.0026607513427734375,
    0.01142120361328125,
    0.0030727386474609375,
    0.004405975341796875,
    0.0019207000732421875,
    0.0023250579833984375,
    0.003734588623046875,
    0.006504058837890625,
    0.003215789794921875
  ],
  "topk_size": 64,
  "n_clusters": 64,
  "cluster_stats": {
    "0": {
      "size": 12,
      "selected_id": 861,
      "max_uncertainty": 0.0030956268310546875,
      "mean_uncertainty": 0.0018749237060546875
    },
    "1": {
      "size": 16,
      "selected_id": 849,
      "max_uncertainty": 0.003231048583984375,
      "mean_uncertainty": 0.0023708343505859375
    },
    "2": {
      "size": 9,
      "selected_id": 1821,
      "max_uncertainty": 0.00392913818359375,
      "mean_uncertainty": 0.0025119781494140625
    },
    "3": {
      "size": 13,
      "selected_id": 1696,
      "max_uncertainty": 0.00646209716796875,
      "mean_uncertainty": 0.004970550537109375
    },
    "4": {
      "size": 10,
      "selected_id": 1939,
      "max_uncertainty": 0.00292205810546875,
      "mean_uncertainty": 0.0021209716796875
    },
    "5": {
      "size": 7,
      "selected_id": 1667,
      "max_uncertainty": 0.0023975372314453125,
      "mean_uncertainty": 0.0017452239990234375
    },
    "6": {
      "size": 19,
      "selected_id": 1299,
      "max_uncertainty": 0.01059722900390625,
      "mean_uncertainty": 0.00717926025390625
    },
    "7": {
      "size": 25,
      "selected_id": 1777,
      "max_uncertainty": 0.004108428955078125,
      "mean_uncertainty": 0.0026111602783203125
    },
    "8": {
      "size": 12,
      "selected_id": 1414,
      "max_uncertainty": 0.00676727294921875,
      "mean_uncertainty": 0.005401611328125
    },
    "9": {
      "size": 8,
      "selected_id": 697,
      "max_uncertainty": 0.00225067138671875,
      "mean_uncertainty": 0.001739501953125
    },
    "10": {
      "size": 6,
      "selected_id": 935,
      "max_uncertainty": 0.004085540771484375,
      "mean_uncertainty": 0.002910614013671875
    },
    "11": {
      "size": 7,
      "selected_id": 1747,
      "max_uncertainty": 0.004268646240234375,
      "mean_uncertainty": 0.0030384063720703125
    },
    "12": {
      "size": 11,
      "selected_id": 489,
      "max_uncertainty": 0.0032329559326171875,
      "mean_uncertainty": 0.002056121826171875
    },
    "13": {
      "size": 17,
      "selected_id": 1278,
      "max_uncertainty": 0.0040130615234375,
      "mean_uncertainty": 0.002689361572265625
    },
    "14": {
      "size": 12,
      "selected_id": 805,
      "max_uncertainty": 0.01435089111328125,
      "mean_uncertainty": 0.007694244384765625
    },
    "15": {
      "size": 15,
      "selected_id": 556,
      "max_uncertainty": 0.0037746429443359375,
      "mean_uncertainty": 0.0023250579833984375
    },
    "16": {
      "size": 28,
      "selected_id": 405,
      "max_uncertainty": 0.0042266845703125,
      "mean_uncertainty": 0.0021820068359375
    },
    "17": {
      "size": 13,
      "selected_id": 948,
      "max_uncertainty": 0.00789642333984375,
      "mean_uncertainty": 0.0044708251953125
    },
    "18": {
      "size": 11,
      "selected_id": 1065,
      "max_uncertainty": 0.0036716461181640625,
      "mean_uncertainty": 0.0026264190673828125
    },
    "19": {
      "size": 10,
      "selected_id": 920,
      "max_uncertainty": 0.0024261474609375,
      "mean_uncertainty": 0.0016164779663085938
    },
    "20": {
      "size": 15,
      "selected_id": 278,
      "max_uncertainty": 0.004421234130859375,
      "mean_uncertainty": 0.0031890869140625
    },
    "21": {
      "size": 9,
      "selected_id": 879,
      "max_uncertainty": 0.0031070709228515625,
      "mean_uncertainty": 0.002407073974609375
    },
    "22": {
      "size": 8,
      "selected_id": 900,
      "max_uncertainty": 0.002849578857421875,
      "mean_uncertainty": 0.0020904541015625
    },
    "23": {
      "size": 8,
      "selected_id": 605,
      "max_uncertainty": 0.004199981689453125,
      "mean_uncertainty": 0.0028705596923828125
    },
    "24": {
      "size": 9,
      "selected_id": 710,
      "max_uncertainty": 0.0018777847290039062,
      "mean_uncertainty": 0.0016336441040039062
    },
    "25": {
      "size": 10,
      "selected_id": 622,
      "max_uncertainty": 0.00237274169921875,
      "mean_uncertainty": 0.0014667510986328125
    },
    "26": {
      "size": 18,
      "selected_id": 631,
      "max_uncertainty": 0.00971221923828125,
      "mean_uncertainty": 0.004627227783203125
    },
    "27": {
      "size": 21,
      "selected_id": 1165,
      "max_uncertainty": 0.0030536651611328125,
      "mean_uncertainty": 0.00177001953125
    },
    "28": {
      "size": 11,
      "selected_id": 1391,
      "max_uncertainty": 0.003498077392578125,
      "mean_uncertainty": 0.001918792724609375
    },
    "29": {
      "size": 8,
      "selected_id": 1105,
      "max_uncertainty": 0.01561737060546875,
      "mean_uncertainty": 0.01058197021484375
    },
    "30": {
      "size": 13,
      "selected_id": 1776,
      "max_uncertainty": 0.004302978515625,
      "mean_uncertainty": 0.00225067138671875
    },
    "31": {
      "size": 24,
      "selected_id": 1666,
      "max_uncertainty": 0.0025615692138671875,
      "mean_uncertainty": 0.00170135498046875
    },
    "32": {
      "size": 6,
      "selected_id": 1448,
      "max_uncertainty": 0.0070953369140625,
      "mean_uncertainty": 0.00592803955078125
    },
    "33": {
      "size": 20,
      "selected_id": 1733,
      "max_uncertainty": 0.0033588409423828125,
      "mean_uncertainty": 0.0019063949584960938
    },
    "34": {
      "size": 11,
      "selected_id": 640,
      "max_uncertainty": 0.005741119384765625,
      "mean_uncertainty": 0.00445556640625
    },
    "35": {
      "size": 14,
      "selected_id": 1095,
      "max_uncertainty": 0.00881195068359375,
      "mean_uncertainty": 0.0062713623046875
    },