{
  "selected_ids": [
    871,
    1551,
    970,
    1444,
    1770,
    1294,
    729,
    1730,
    312,
    1343,
    533,
    401,
    1024,
    1365,
    901,
    1210,
    288,
    1878,
    1459,
    1146,
    276,
    1474,
    1734,
    343,
    328,
    540,
    1647,
    1453,
    467,
    1191,
    582,
    1139,
    972,
    1731,
    1101,
    1875,
    886,
    1773,
    1451,
    757,
    1450,
    732,
    635,
    912,
    414,
    1007,
    1492,
    1366,
    1055,
    1244,
    1951,
    1761,
    674,
    428,
    462,
    1510,
    1658,
    1324,
    1760,
    1265,
    1063,
    1064,
    439,
    1433
  ],
  "uncertainties": [
    0.00029397010803222656,
    0.00021970272064208984,
    0.00013327598571777344,
    0.0012102127075195312,
    0.0006990432739257812,
    0.0003495216369628906,
    0.00121307373046875,
    0.002552032470703125,
    0.0004227161407470703,
    0.0007643699645996094,
    0.00040721893310546875,
    0.0007538795471191406,
    0.00024366378784179688,
    0.0009641647338867188,
    0.0006308555603027344,
    0.0010290145874023438,
    0.00038242340087890625,
    0.0017852783203125,
    0.0009250640869140625,
    0.00031948089599609375,
    0.0005712509155273438,
    0.0013418197631835938,
    0.0007109642028808594,
    0.00030159950256347656,
    0.00048351287841796875,
    0.0019855499267578125,
    0.0010290145874023438,
    0.00039005279541015625,
    0.0016431808471679688,
    0.0008978843688964844,
    0.0010919570922851562,
    0.0003063678741455078,
    0.0011692047119140625,
    0.0006442070007324219,
    0.0003516674041748047,
    0.00490570068359375,
    0.0004165172576904297,
    0.0016603469848632812,
    0.0002684593200683594,
    0.0003383159637451172,
    0.00025653839111328125,
    0.0001666545867919922,
    0.0001398324966430664,
    0.00015795230865478516,
    0.0016965866088867188,
    0.0005784034729003906,
    0.00024390220642089844,
    0.00037026405334472656,
    0.0003120899200439453,
    0.0006151199340820312,
    0.0004239082336425781,
    0.00029349327087402344,
    0.0002880096435546875,
    0.000865936279296875,
    0.0002987384796142578,
    0.0001456737518310547,
    0.0023899078369140625,
    0.0011720657348632812,
    0.00048232078552246094,
    0.0025272369384765625,
    0.00047707557678222656,
    0.0001691579818725586,
    0.001186370849609375,
    0.0005664825439453125
  ],
  "topk_size": 64,
  "n_clusters": 64,
  "cluster_stats": {
    "0": {
      "size": 3,
      "selected_id": 871,
      "max_uncertainty": 0.00029397010803222656,
      "mean_uncertainty": 0.00015878677368164062
    },
    "1": {
      "size": 8,
      "selected_id": 1551,
      "max_uncertainty": 0.00021970272064208984,
      "mean_uncertainty": 0.00012874603271484375
    },
    "2": {
      "size": 8,
      "selected_id": 970,
      "max_uncertainty": 0.00013327598571777344,
      "mean_uncertainty": 9.953975677490234e-05
    },
    "3": {
      "size": 5,
      "selected_id": 1444,
      "max_uncertainty": 0.0012102127075195312,
      "mean_uncertainty": 0.000858306884765625
    },
    "4": {
      "size": 9,
      "selected_id": 1770,
      "max_uncertainty": 0.0006990432739257812,
      "mean_uncertainty": 0.0003814697265625
    },
    "5": {
      "size": 6,
      "selected_id": 1294,
      "max_uncertainty": 0.0003495216369628906,
      "mean_uncertainty": 0.0002512931823730469
    },
    "6": {
      "size": 3,
      "selected_id": 729,
      "max_uncertainty": 0.00121307373046875,
      "mean_uncertainty": 0.0009069442749023438
    },
    "7": {
      "size": 1,
      "selected_id": 1730,
      "max_uncertainty": 0.002552032470703125,
      "mean_uncertainty": 0.002552032470703125
    },
    "8": {
      "size": 7,
      "selected_id": 312,
      "max_uncertainty": 0.0004227161407470703,
      "mean_uncertainty": 0.00025081634521484375
    },
    "9": {
      "size": 7,
      "selected_id": 1343,
      "max_uncertainty": 0.0007643699645996094,
      "mean_uncertainty": 0.0003364086151123047
    },
    "10": {
      "size": 21,
      "selected_id": 533,
      "max_uncertainty": 0.00040721893310546875,
      "mean_uncertainty": 0.00019478797912597656
    },
    "11": {
      "size": 6,
      "selected_id": 401,
      "max_uncertainty": 0.0007538795471191406,
      "mean_uncertainty": 0.00044465065002441406
    },
    "12": {
      "size": 14,
      "selected_id": 1024,
      "max_uncertainty": 0.00024366378784179688,
      "mean_uncertainty": 0.00010448694229125977
    },
    "13": {
      "size": 6,
      "selected_id": 1365,
      "max_uncertainty": 0.0009641647338867188,
      "mean_uncertainty": 0.0006508827209472656
    },
    "14": {
      "size": 7,
      "selected_id": 901,
      "max_uncertainty": 0.0006308555603027344,
      "mean_uncertainty": 0.0003714561462402344
    },
    "15": {
      "size": 5,
      "selected_id": 1210,
      "max_uncertainty": 0.0010290145874023438,
      "mean_uncertainty": 0.0007038116455078125
    },
    "16": {
      "size": 12,
      "selected_id": 288,
      "max_uncertainty": 0.00038242340087890625,
      "mean_uncertainty": 0.00013136863708496094
    },
    "17": {
      "size": 1,
      "selected_id": 1878,
      "max_uncertainty": 0.0017852783203125,
      "mean_uncertainty": 0.0017852783203125
    },
    "18": {
      "size": 6,
      "selected_id": 1459,
      "max_uncertainty": 0.0009250640869140625,
      "mean_uncertainty": 0.0006656646728515625
    },
    "19": {
      "size": 10,
      "selected_id": 1146,
      "max_uncertainty": 0.00031948089599609375,
      "mean_uncertainty": 0.00016868114471435547
    },
    "20": {
      "size": 12,
      "selected_id": 276,
      "max_uncertainty": 0.0005712509155273438,
      "mean_uncertainty": 0.00020933151245117188
    },
    "21": {
      "size": 6,
      "selected_id": 1474,
      "max_uncertainty": 0.0013418197631835938,
      "mean_uncertainty": 0.000812530517578125
    },
    "22": {
      "size": 9,
      "selected_id": 1734,
      "max_uncertainty": 0.0007109642028808594,
      "mean_uncertainty": 0.00044155120849609375
    },
    "23": {
      "size": 12,
      "selected_id": 343,
      "max_uncertainty": 0.00030159950256347656,
      "mean_uncertainty": 0.0001475811004638672
    },
    "24": {
      "size": 7,
      "selected_id": 328,
      "max_uncertainty": 0.00048351287841796875,
      "mean_uncertainty": 0.0001647472381591797
    },
    "25": {
      "size": 2,
      "selected_id": 540,
      "max_uncertainty": 0.0019855499267578125,
      "mean_uncertainty": 0.001712799072265625
    },
    "26": {
      "size": 5,
      "selected_id": 1647,
      "max_uncertainty": 0.0010290145874023438,
      "mean_uncertainty": 0.00067901611328125
    },
    "27": {
      "size": 15,
      "selected_id": 1453,
      "max_uncertainty": 0.00039005279541015625,
      "mean_uncertainty": 0.0001659393310546875
    },
    "28": {
      "size": 4,
      "selected_id": 467,
      "max_uncertainty": 0.0016431808471679688,
      "mean_uncertainty": 0.0012655258178710938
    },
    "29": {
      "size": 10,
      "selected_id": 1191,
      "max_uncertainty": 0.0008978843688964844,
      "mean_uncertainty": 0.0004978179931640625
    },
    "30": {
      "size": 2,
      "selected_id": 582,
      "max_uncertainty": 0.0010919570922851562,
      "mean_uncertainty": 0.0009822845458984375
    },
    "31": {
      "size": 7,
      "selected_id": 1139,
      "max_uncertainty": 0.0003063678741455078,
      "mean_uncertainty": 0.0001785755157470703
    },
    "32": {
      "size": 5,
      "selected_id": 972,
      "max_uncertainty": 0.0011692047119140625,
      "mean_uncertainty": 0.0009813308715820312
    },
    "33": {
      "size": 13,
      "selected_id": 1731,
      "max_uncertainty": 0.0006442070007324219,
      "mean_uncertainty": 0.00038051605224609375
    },
    "34": {
      "size": 9,
      "selected_id": 1101,
      "max_uncertainty": 0.0003516674041748047,