{
  "selected_ids": [
    1694,
    974,
    1238,
    528,
    1688,
    751,
    1020,
    997,
    456,
    705,
    325,
    1502,
    645,
    1214,
    1306,
    345,
    1927,
    1112,
    1143,
    1279,
    772,
    1700,
    969,
    1787,
    745,
    1147,
    1602,
    384,
    835,
    1550,
    1925,
    707,
    568,
    363,
    1739,
    782,
    303,
    559,
    1129,
    791,
    966,
    349,
    534,
    1042,
    1970,
    1966,
    1629,
    917,
    1106,
    1638,
    289,
    579,
    1943,
    1486,
    875,
    851,
    807,
    370,
    1571,
    1406,
    1122,
    651,
    960,
    258
  ],
  "uncertainties": [
    0.0108642578125,
    0.00650787353515625,
    0.0299835205078125,
    0.00830078125,
    0.009765625,
    0.00438690185546875,
    0.0049896240234375,
    0.0199432373046875,
    0.00629425048828125,
    0.006076812744140625,
    0.01467132568359375,
    0.01898193359375,
    0.00653076171875,
    0.01485443115234375,
    0.01395416259765625,
    0.00806427001953125,
    0.007904052734375,
    0.007137298583984375,
    0.0128173828125,
    0.004871368408203125,
    0.007228851318359375,
    0.00896453857421875,
    0.0281829833984375,
    0.01403045654296875,
    0.004947662353515625,
    0.004779815673828125,
    0.0108184814453125,
    0.0160064697265625,
    0.017364501953125,
    0.00786590576171875,
    0.0116424560546875,
    0.00551605224609375,
    0.004642486572265625,
    0.0111846923828125,
    0.00899505615234375,
    0.0266265869140625,
    0.01148223876953125,
    0.007171630859375,
    0.003879547119140625,
    0.0088653564453125,
    0.0194244384765625,
    0.008453369140625,
    0.005329132080078125,
    0.0083770751953125,
    0.0090179443359375,
    0.00739288330078125,
    0.00592803955078125,
    0.0078887939453125,
    0.04345703125,
    0.0151824951171875,
    0.011749267578125,
    0.013336181640625,
    0.004001617431640625,
    0.006740570068359375,
    0.00682830810546875,
    0.008087158203125,
    0.030670166015625,
    0.00616455078125,
    0.01432037353515625,
    0.0221099853515625,
    0.00760650634765625,
    0.00701904296875,
    0.01445770263671875,
    0.0213623046875
  ],
  "topk_size": 64,
  "n_clusters": 64,
  "cluster_stats": {
    "0": {
      "size": 12,
      "selected_id": 1694,
      "max_uncertainty": 0.0108642578125,
      "mean_uncertainty": 0.006961822509765625
    },
    "1": {
      "size": 8,
      "selected_id": 974,
      "max_uncertainty": 0.00650787353515625,
      "mean_uncertainty": 0.0045318603515625
    },
    "2": {
      "size": 2,
      "selected_id": 1238,
      "max_uncertainty": 0.0299835205078125,
      "mean_uncertainty": 0.0260009765625
    },
    "3": {
      "size": 11,
      "selected_id": 528,
      "max_uncertainty": 0.00830078125,
      "mean_uncertainty": 0.00632476806640625
    },
    "4": {
      "size": 15,
      "selected_id": 1688,
      "max_uncertainty": 0.009765625,
      "mean_uncertainty": 0.00707244873046875
    },
    "5": {
      "size": 8,
      "selected_id": 751,
      "max_uncertainty": 0.00438690185546875,
      "mean_uncertainty": 0.00333404541015625
    },
    "6": {
      "size": 14,
      "selected_id": 1020,
      "max_uncertainty": 0.0049896240234375,
      "mean_uncertainty": 0.0033359527587890625
    },
    "7": {
      "size": 11,
      "selected_id": 997,
      "max_uncertainty": 0.0199432373046875,
      "mean_uncertainty": 0.0149383544921875
    },
    "8": {
      "size": 17,
      "selected_id": 456,
      "max_uncertainty": 0.00629425048828125,
      "mean_uncertainty": 0.0035800933837890625
    },
    "9": {
      "size": 11,
      "selected_id": 705,
      "max_uncertainty": 0.006076812744140625,
      "mean_uncertainty": 0.003795623779296875
    },
    "10": {
      "size": 8,
      "selected_id": 325,
      "max_uncertainty": 0.01467132568359375,
      "mean_uncertainty": 0.01052093505859375
    },
    "11": {
      "size": 9,
      "selected_id": 1502,
      "max_uncertainty": 0.01898193359375,
      "mean_uncertainty": 0.01149749755859375
    },
    "12": {
      "size": 15,
      "selected_id": 645,
      "max_uncertainty": 0.00653076171875,
      "mean_uncertainty": 0.0035552978515625
    },
    "13": {
      "size": 10,
      "selected_id": 1214,
      "max_uncertainty": 0.01485443115234375,
      "mean_uncertainty": 0.01123809814453125
    },
    "14": {
      "size": 8,
      "selected_id": 1306,
      "max_uncertainty": 0.01395416259765625,
      "mean_uncertainty": 0.00959014892578125
    },
    "15": {
      "size": 8,
      "selected_id": 345,
      "max_uncertainty": 0.00806427001953125,
      "mean_uncertainty": 0.00664520263671875
    },
    "16": {
      "size": 15,
      "selected_id": 1927,
      "max_uncertainty": 0.007904052734375,
      "mean_uncertainty": 0.004703521728515625
    },
    "17": {
      "size": 14,
      "selected_id": 1112,
      "max_uncertainty": 0.007137298583984375,
      "mean_uncertainty": 0.00481414794921875
    },
    "18": {
      "size": 11,
      "selected_id": 1143,
      "max_uncertainty": 0.0128173828125,
      "mean_uncertainty": 0.00904083251953125
    },
    "19": {
      "size": 18,
      "selected_id": 1279,
      "max_uncertainty": 0.004871368408203125,
      "mean_uncertainty": 0.003086090087890625
    },
    "20": {
      "size": 15,
      "selected_id": 772,
      "max_uncertainty": 0.007228851318359375,
      "mean_uncertainty": 0.00371551513671875
    },
    "21": {
      "size": 8,
      "selected_id": 1700,
      "max_uncertainty": 0.00896453857421875,
      "mean_uncertainty": 0.00684356689453125
    },
    "22": {
      "size": 7,
      "selected_id": 969,
      "max_uncertainty": 0.0281829833984375,
      "mean_uncertainty": 0.0198516845703125
    },
    "23": {
      "size": 8,
      "selected_id": 1787,
      "max_uncertainty": 0.01403045654296875,
      "mean_uncertainty": 0.0107421875
    },
    "24": {
      "size": 15,
      "selected_id": 745,
      "max_uncertainty": 0.004947662353515625,
      "mean_uncertainty": 0.0030078887939453125
    },
    "25": {
      "size": 2,
      "selected_id": 1147,
      "max_uncertainty": 0.004779815673828125,
      "mean_uncertainty": 0.0037937164306640625
    },
    "26": {
      "size": 15,
      "selected_id": 1602,
      "max_uncertainty": 0.0108184814453125,
      "mean_uncertainty": 0.006069183349609375
    },
    "27": {
      "size": 12,
      "selected_id": 384,
      "max_uncertainty": 0.0160064697265625,
      "mean_uncertainty": 0.01064300537109375
    },
    "28": {
      "size": 9,
      "selected_id": 835,
      "max_uncertainty": 0.017364501953125,
      "mean_uncertainty": 0.012603759765625
    },
    "29": {
      "size": 8,
      "selected_id": 1550,
      "max_uncertainty": 0.00786590576171875,
      "mean_uncertainty": 0.004611968994140625
    },
    "30": {
      "size": 13,
      "selected_id": 1925,
      "max_uncertainty": 0.0116424560546875,
      "mean_uncertainty": 0.0080718994140625
    },
    "31": {
      "size": 15,
      "selected_id": 707,
      "max_uncertainty": 0.00551605224609375,
      "mean_uncertainty": 0.003353118896484375
    },
    "32": {
      "size": 10,
      "selected_id": 568,
      "max_uncertainty": 0.004642486572265625,
      "mean_uncertainty": 0.00319671630859375
    },
    "33": {
      "size": 12,
      "selected_id": 363,
      "max_uncertainty": 0.0111846923828125,
      "mean_uncertainty": 0.00580596923828125
    },
    "34": {
      "size": 6,
      "selected_id": 1739,
      "max_uncertainty": 0.00899505615234375,
      "mean_uncertainty": 0.006866455078125
    },
    "35": {
      "size": 5,
      "selected_id": 782,
      "max_uncertainty": 0.0266265869140625,
      "mean_uncertainty": 0.0225982666015625
    },
    "36": {
      "size": 10,
      "selected_id": 303,
      "max_uncertainty": 0.01148223876953125,
      "mean_uncertainty": 0.007537841796875
    },
    "37": {
      "size": 13,
      "selected_id": 559,