{
  "selected_ids": [
    769,
    1752,
    1410,
    1917,
    869,
    1881,
    1388,
    1160,
    1830,
    573,
    1350,
    1382,
    335,
    1062,
    417,
    1976,
    1834,
    575,
    274,
    268,
    504,
    1695,
    1892,
    1227,
    989,
    1144,
    499,
    404,
    309,
    1812,
    909,
    1635,
    566,
    321,
    1332,
    1576,
    1240,
    1820,
    1078,
    650,
    1142,
    962,
    1757,
    1263,
    586,
    820,
    1862,
    1674,
    709,
    266,
    964,
    515,
    1710,
    1381,
    1271,
    848,
    508,
    1724,
    626,
    1245,
    1334,
    1649,
    1626,
    1802
  ],
  "uncertainties": [
    0.005489349365234375,
    0.0038299560546875,
    0.0309295654296875,
    0.004123687744140625,
    0.01788330078125,
    0.003910064697265625,
    0.0114288330078125,
    0.0052490234375,
    0.00484466552734375,
    0.0037517547607421875,
    0.010467529296875,
    0.0134735107421875,
    0.003124237060546875,
    0.002918243408203125,
    0.0240020751953125,
    0.00934600830078125,
    0.004673004150390625,
    0.00505828857421875,
    0.006237030029296875,
    0.0027332305908203125,
    0.0025005340576171875,
    0.0032253265380859375,
    0.01207733154296875,
    0.0059967041015625,
    0.003086090087890625,
    0.00495147705078125,
    0.01554107666015625,
    0.0031375885009765625,
    0.034088134765625,
    0.005191802978515625,
    0.01123046875,
    0.0227508544921875,
    0.007221221923828125,
    0.006877899169921875,
    0.0050811767578125,
    0.01959228515625,
    0.0028285980224609375,
    0.0026416778564453125,
    0.002780914306640625,
    0.0023708343505859375,
    0.0026950836181640625,
    0.00846099853515625,
    0.00591278076171875,
    0.004913330078125,
    0.006389617919921875,
    0.00936126708984375,
    0.00279998779296875,
    0.01229095458984375,
    0.0062255859375,
    0.0216064453125,
    0.02740478515625,
    0.0029964447021484375,
    0.0258026123046875,
    0.009002685546875,
    0.00379180908203125,
    0.01061248779296875,
    0.023406982421875,
    0.0135955810546875,
    0.0067596435546875,
    0.00244903564453125,
    0.002735137939453125,
    0.00311279296875,
    0.016387939453125,
    0.0036144256591796875
  ],
  "topk_size": 64,
  "n_clusters": 64,
  "cluster_stats": {
    "0": {
      "size": 6,
      "selected_id": 769,
      "max_uncertainty": 0.005489349365234375,
      "mean_uncertainty": 0.004299163818359375
    },
    "1": {
      "size": 19,
      "selected_id": 1752,
      "max_uncertainty": 0.0038299560546875,
      "mean_uncertainty": 0.002475738525390625
    },
    "2": {
      "size": 13,
      "selected_id": 1410,
      "max_uncertainty": 0.0309295654296875,
      "mean_uncertainty": 0.0206756591796875
    },
    "3": {
      "size": 7,
      "selected_id": 1917,
      "max_uncertainty": 0.004123687744140625,
      "mean_uncertainty": 0.0031452178955078125
    },
    "4": {
      "size": 10,
      "selected_id": 869,
      "max_uncertainty": 0.01788330078125,
      "mean_uncertainty": 0.0116424560546875
    },
    "5": {
      "size": 21,
      "selected_id": 1881,
      "max_uncertainty": 0.003910064697265625,
      "mean_uncertainty": 0.0023593902587890625
    },
    "6": {
      "size": 6,
      "selected_id": 1388,
      "max_uncertainty": 0.0114288330078125,
      "mean_uncertainty": 0.00826263427734375
    },
    "7": {
      "size": 15,
      "selected_id": 1160,
      "max_uncertainty": 0.0052490234375,
      "mean_uncertainty": 0.003894805908203125
    },
    "8": {
      "size": 11,
      "selected_id": 1830,
      "max_uncertainty": 0.00484466552734375,
      "mean_uncertainty": 0.0027790069580078125
    },
    "9": {
      "size": 11,
      "selected_id": 573,
      "max_uncertainty": 0.0037517547607421875,
      "mean_uncertainty": 0.002399444580078125
    },
    "10": {
      "size": 8,
      "selected_id": 1350,
      "max_uncertainty": 0.010467529296875,
      "mean_uncertainty": 0.008941650390625
    },
    "11": {
      "size": 15,
      "selected_id": 1382,
      "max_uncertainty": 0.0134735107421875,
      "mean_uncertainty": 0.01001739501953125
    },
    "12": {
      "size": 14,
      "selected_id": 335,
      "max_uncertainty": 0.003124237060546875,
      "mean_uncertainty": 0.0023937225341796875
    },
    "13": {
      "size": 12,
      "selected_id": 1062,
      "max_uncertainty": 0.002918243408203125,
      "mean_uncertainty": 0.0021800994873046875
    },
    "14": {
      "size": 11,
      "selected_id": 417,
      "max_uncertainty": 0.0240020751953125,
      "mean_uncertainty": 0.016876220703125
    },
    "15": {
      "size": 16,
      "selected_id": 1976,
      "max_uncertainty": 0.00934600830078125,
      "mean_uncertainty": 0.00542449951171875
    },
    "16": {
      "size": 9,
      "selected_id": 1834,
      "max_uncertainty": 0.004673004150390625,
      "mean_uncertainty": 0.003330230712890625
    },
    "17": {
      "size": 11,
      "selected_id": 575,
      "max_uncertainty": 0.00505828857421875,
      "mean_uncertainty": 0.0036754608154296875
    },
    "18": {
      "size": 13,
      "selected_id": 274,
      "max_uncertainty": 0.006237030029296875,
      "mean_uncertainty": 0.004360198974609375
    },
    "19": {
      "size": 16,
      "selected_id": 268,
      "max_uncertainty": 0.0027332305908203125,
      "mean_uncertainty": 0.0023174285888671875
    },
    "20": {
      "size": 14,
      "selected_id": 504,
      "max_uncertainty": 0.0025005340576171875,
      "mean_uncertainty": 0.0020885467529296875
    },
    "21": {
      "size": 18,
      "selected_id": 1695,
      "max_uncertainty": 0.0032253265380859375,
      "mean_uncertainty": 0.00214385986328125
    },
    "22": {
      "size": 16,
      "selected_id": 1892,
      "max_uncertainty": 0.01207733154296875,
      "mean_uncertainty": 0.00839996337890625
    },
    "23": {
      "size": 13,
      "selected_id": 1227,
      "max_uncertainty": 0.0059967041015625,
      "mean_uncertainty": 0.0034732818603515625
    },
    "24": {
      "size": 15,
      "selected_id": 989,
      "max_uncertainty": 0.003086090087890625,
      "mean_uncertainty": 0.0020008087158203125
    },
    "25": {
      "size": 6,
      "selected_id": 1144,
      "max_uncertainty": 0.00495147705078125,
      "mean_uncertainty": 0.0033740997314453125
    },
    "26": {
      "size": 11,
      "selected_id": 499,
      "max_uncertainty": 0.01554107666015625,
      "mean_uncertainty": 0.01253509521484375
    },
    "27": {
      "size": 13,
      "selected_id": 404,
      "max_uncertainty": 0.0031375885009765625,
      "mean_uncertainty": 0.0020351409912109375
    },
    "28": {
      "size": 7,
      "selected_id": 309,
      "max_uncertainty": 0.034088134765625,
      "mean_uncertainty": 0.024444580078125
    },
    "29": {
      "size": 17,
      "selected_id": 1812,
      "max_uncertainty": 0.005191802978515625,
      "mean_uncertainty": 0.0035114288330078125
    },
    "30": {
      "size": 13,
      "selected_id": 909,
      "max_uncertainty": 0.01123046875,
      "mean_uncertainty": 0.00824737548828125
    },
    "31": {
      "size": 17,
      "selected_id": 1635,
      "max_uncertainty": 0.0227508544921875,
      "mean_uncertainty": 0.013763427734375
    },
    "32": {
      "size": 11,
      "selected_id": 566,
      "max_uncertainty": 0.007221221923828125,
      "mean_uncertainty": 0.00409698486328125
    },
    "33": {
      "size": 16,
      "selected_id": 321,
      "max_uncertainty": 0.006877899169921875,
      "mean_uncertainty": 0.005306243896484375
    },
    "34": {
      "size": 21,
      "selected_id": 1332,
      "max_uncertainty": 0.0050811767578125,
      "mean_uncertainty": 0.00281524658203125
    },
    "35": {
      "size": 17,
      "selected_id": 1576,
      "max_uncertainty": 0.01959228515625,
      "mean_uncertainty": 0.012420654296875
    },
    "36": {
      "size": 15,
      "selected_id": 1240,