{
  "selected_ids": [
    1822,
    286,
    837,
    458,
    450,
    526,
    1618,
    711,
    1387,
    1807,
    1189,
    1249,
    1013,
    597,
    943,
    1069,
    878,
    595,
    465,
    1333,
    887,
    1744,
    342,
    1689,
    1585,
    753,
    1871,
    1668,
    297,
    1948,
    1089,
    1837,
    621,
    1336,
    1293,
    1386,
    353,
    845,
    1956,
    304,
    1855,
    763,
    894,
    1037,
    1407,
    1213,
    889,
    1541,
    787,
    795,
    921,
    1899,
    1276,
    1145,
    1534,
    1902,
    784,
    669,
    850,
    815,
    1223,
    434,
    339,
    293
  ],
  "uncertainties": [
    0.0033969879150390625,
    0.0021343231201171875,
    0.002178192138671875,
    0.003238677978515625,
    0.002376556396484375,
    0.002655029296875,
    0.003658294677734375,
    0.0033550262451171875,
    0.00225830078125,
    0.0022449493408203125,
    0.00545501708984375,
    0.0025577545166015625,
    0.0028934478759765625,
    0.002765655517578125,
    0.00240325927734375,
    0.002727508544921875,
    0.00254058837890625,
    0.004367828369140625,
    0.0023059844970703125,
    0.0019550323486328125,
    0.0025844573974609375,
    0.0029926300048828125,
    0.0035305023193359375,
    0.0019216537475585938,
    0.003509521484375,
    0.0031604766845703125,
    0.00434112548828125,
    0.00238800048828125,
    0.00469207763671875,
    0.0027675628662109375,
    0.0027828216552734375,
    0.0027618408203125,
    0.002490997314453125,
    0.0032444000244140625,
    0.00516510009765625,
    0.0035266876220703125,
    0.002590179443359375,
    0.002208709716796875,
    0.0022525787353515625,
    0.0020389556884765625,
    0.0020294189453125,
    0.0022106170654296875,
    0.0018463134765625,
    0.00225830078125,
    0.0025348663330078125,
    0.0027256011962890625,
    0.00356292724609375,
    0.004756927490234375,
    0.0034351348876953125,
    0.003696441650390625,
    0.0028247833251953125,
    0.002193450927734375,
    0.0028553009033203125,
    0.002986907958984375,
    0.00327301025390625,
    0.002521514892578125,
    0.0017595291137695312,
    0.00218963623046875,
    0.003704071044921875,
    0.0031871795654296875,
    0.002346038818359375,
    0.0026950836181640625,
    0.00295257568359375,
    0.002338409423828125
  ],
  "topk_size": 64,
  "n_clusters": 64,
  "cluster_stats": {
    "0": {
      "size": 17,
      "selected_id": 1822,
      "max_uncertainty": 0.0033969879150390625,
      "mean_uncertainty": 0.002349853515625
    },
    "1": {
      "size": 11,
      "selected_id": 286,
      "max_uncertainty": 0.0021343231201171875,
      "mean_uncertainty": 0.0016155242919921875
    },
    "2": {
      "size": 21,
      "selected_id": 837,
      "max_uncertainty": 0.002178192138671875,
      "mean_uncertainty": 0.0017070770263671875
    },
    "3": {
      "size": 17,
      "selected_id": 458,
      "max_uncertainty": 0.003238677978515625,
      "mean_uncertainty": 0.002300262451171875
    },
    "4": {
      "size": 9,
      "selected_id": 450,
      "max_uncertainty": 0.002376556396484375,
      "mean_uncertainty": 0.0018243789672851562
    },
    "5": {
      "size": 12,
      "selected_id": 526,
      "max_uncertainty": 0.002655029296875,
      "mean_uncertainty": 0.0017671585083007812
    },
    "6": {
      "size": 19,
      "selected_id": 1618,
      "max_uncertainty": 0.003658294677734375,
      "mean_uncertainty": 0.00237274169921875
    },
    "7": {
      "size": 12,
      "selected_id": 711,
      "max_uncertainty": 0.0033550262451171875,
      "mean_uncertainty": 0.002552032470703125
    },
    "8": {
      "size": 10,
      "selected_id": 1387,
      "max_uncertainty": 0.00225830078125,
      "mean_uncertainty": 0.001720428466796875
    },
    "9": {
      "size": 20,
      "selected_id": 1807,
      "max_uncertainty": 0.0022449493408203125,
      "mean_uncertainty": 0.0016918182373046875
    },
    "10": {
      "size": 15,
      "selected_id": 1189,
      "max_uncertainty": 0.00545501708984375,
      "mean_uncertainty": 0.0031108856201171875
    },
    "11": {
      "size": 21,
      "selected_id": 1249,
      "max_uncertainty": 0.0025577545166015625,
      "mean_uncertainty": 0.001903533935546875
    },
    "12": {
      "size": 21,
      "selected_id": 1013,
      "max_uncertainty": 0.0028934478759765625,
      "mean_uncertainty": 0.001880645751953125
    },
    "13": {
      "size": 20,
      "selected_id": 597,
      "max_uncertainty": 0.002765655517578125,
      "mean_uncertainty": 0.001953125
    },
    "14": {
      "size": 19,
      "selected_id": 943,
      "max_uncertainty": 0.00240325927734375,
      "mean_uncertainty": 0.0018644332885742188
    },
    "15": {
      "size": 21,
      "selected_id": 1069,
      "max_uncertainty": 0.002727508544921875,
      "mean_uncertainty": 0.0019359588623046875
    },
    "16": {
      "size": 15,
      "selected_id": 878,
      "max_uncertainty": 0.00254058837890625,
      "mean_uncertainty": 0.0017843246459960938
    },
    "17": {
      "size": 6,
      "selected_id": 595,
      "max_uncertainty": 0.004367828369140625,
      "mean_uncertainty": 0.00383758544921875
    },
    "18": {
      "size": 15,
      "selected_id": 465,
      "max_uncertainty": 0.0023059844970703125,
      "mean_uncertainty": 0.001735687255859375
    },
    "19": {
      "size": 13,
      "selected_id": 1333,
      "max_uncertainty": 0.0019550323486328125,
      "mean_uncertainty": 0.0015859603881835938
    },
    "20": {
      "size": 11,
      "selected_id": 887,
      "max_uncertainty": 0.0025844573974609375,
      "mean_uncertainty": 0.00177764892578125
    },
    "21": {
      "size": 12,
      "selected_id": 1744,
      "max_uncertainty": 0.0029926300048828125,
      "mean_uncertainty": 0.0021190643310546875
    },
    "22": {
      "size": 20,
      "selected_id": 342,
      "max_uncertainty": 0.0035305023193359375,
      "mean_uncertainty": 0.0022258758544921875
    },
    "23": {
      "size": 10,
      "selected_id": 1689,
      "max_uncertainty": 0.0019216537475585938,
      "mean_uncertainty": 0.0016460418701171875
    },
    "24": {
      "size": 10,
      "selected_id": 1585,
      "max_uncertainty": 0.003509521484375,
      "mean_uncertainty": 0.0027980804443359375
    },
    "25": {
      "size": 13,
      "selected_id": 753,
      "max_uncertainty": 0.0031604766845703125,
      "mean_uncertainty": 0.0024738311767578125
    },
    "26": {
      "size": 4,
      "selected_id": 1871,
      "max_uncertainty": 0.00434112548828125,
      "mean_uncertainty": 0.002758026123046875
    },
    "27": {
      "size": 8,
      "selected_id": 1668,
      "max_uncertainty": 0.00238800048828125,
      "mean_uncertainty": 0.0017251968383789062
    },
    "28": {
      "size": 10,
      "selected_id": 297,
      "max_uncertainty": 0.00469207763671875,
      "mean_uncertainty": 0.0030040740966796875
    },
    "29": {
      "size": 7,
      "selected_id": 1948,
      "max_uncertainty": 0.0027675628662109375,
      "mean_uncertainty": 0.0023136138916015625
    },
    "30": {
      "size": 20,
      "selected_id": 1089,
      "max_uncertainty": 0.0027828216552734375,
      "mean_uncertainty": 0.0021381378173828125
    },
    "31": {
      "size": 5,
      "selected_id": 1837,
      "max_uncertainty": 0.0027618408203125,
      "mean_uncertainty": 0.0023403167724609375
    },
    "32": {
      "size": 11,
      "selected_id": 621,
      "max_uncertainty": 0.002490997314453125,
      "mean_uncertainty": 0.001964569091796875
    },
    "33": {
      "size": 10,
      "selected_id": 1336,
      "max_uncertainty": 0.0032444000244140625,
      "mean_uncertainty": 0.00244140625
    },
    "34": {
      "size": 12,
      "selected_id": 1293,
      "max_uncertainty": 0.00516510009765625,
      "mean_uncertainty": 0.00394439697265625
    },
    "35": {
      "size": 21,
      "selected_id": 1386,
      "max_uncertainty": 0.0035266876220703125,