{
  "selected_ids": [
    843,
    1832,
    780,
    380,
    893,
    1283,
    984,
    1212,
    1392,
    1831,
    722,
    1377,
    1981,
    481,
    410,
    639,
    1654,
    1166,
    1499,
    1504,
    1215,
    1258,
    372,
    1643,
    519,
    1018,
    1132,
    1909,
    1084,
    1060,
    687,
    1398,
    1713,
    633,
    1860,
    472,
    812,
    1628,
    1465,
    1016,
    1360,
    737,
    1194,
    934,
    746,
    441,
    1434,
    1945,
    464,
    1094,
    1452,
    1509,
    562,
    1507,
    1727,
    847,
    1340,
    1582,
    1914,
    547,
    892,
    1456,
    804,
    1021
  ],
  "uncertainties": [
    0.001926422119140625,
    0.0024509429931640625,
    0.0015478134155273438,
    0.00917816162109375,
    0.0031490325927734375,
    0.0024566650390625,
    0.005096435546875,
    0.0011768341064453125,
    0.0016574859619140625,
    0.0012359619140625,
    0.0013628005981445312,
    0.00200653076171875,
    0.00452423095703125,
    0.0018634796142578125,
    0.003093719482421875,
    0.0027408599853515625,
    0.0021877288818359375,
    0.01222991943359375,
    0.0022602081298828125,
    0.00518798828125,
    0.0016622543334960938,
    0.001293182373046875,
    0.0022125244140625,
    0.0020236968994140625,
    0.0012769699096679688,
    0.0021419525146484375,
    0.003307342529296875,
    0.0027103424072265625,
    0.0014715194702148438,
    0.00098419189453125,
    0.0033817291259765625,
    0.00411224365234375,
    0.00391387939453125,
    0.0019969940185546875,
    0.0023860931396484375,
    0.009796142578125,
    0.0027370452880859375,
    0.0012083053588867188,
    0.0018415451049804688,
    0.00234222412109375,
    0.0012359619140625,
    0.006977081298828125,
    0.001987457275390625,
    0.003368377685546875,
    0.006500244140625,
    0.0013980865478515625,
    0.0017795562744140625,
    0.0008568763732910156,
    0.003437042236328125,
    0.003314971923828125,
    0.001811981201171875,
    0.0012874603271484375,
    0.002750396728515625,
    0.0010557174682617188,
    0.00263214111328125,
    0.0014295578002929688,
    0.00478363037109375,
    0.00431060791015625,
    0.004276275634765625,
    0.00274658203125,
    0.0060577392578125,
    0.0012760162353515625,
    0.006015777587890625,
    0.0019292831420898438
  ],
  "topk_size": 64,
  "n_clusters": 64,
  "cluster_stats": {
    "0": {
      "size": 9,
      "selected_id": 843,
      "max_uncertainty": 0.001926422119140625,
      "mean_uncertainty": 0.0013303756713867188
    },
    "1": {
      "size": 8,
      "selected_id": 1832,
      "max_uncertainty": 0.0024509429931640625,
      "mean_uncertainty": 0.0016307830810546875
    },
    "2": {
      "size": 15,
      "selected_id": 780,
      "max_uncertainty": 0.0015478134155273438,
      "mean_uncertainty": 0.0009984970092773438
    },
    "3": {
      "size": 4,
      "selected_id": 380,
      "max_uncertainty": 0.00917816162109375,
      "mean_uncertainty": 0.005336761474609375
    },
    "4": {
      "size": 18,
      "selected_id": 893,
      "max_uncertainty": 0.0031490325927734375,
      "mean_uncertainty": 0.0024261474609375
    },
    "5": {
      "size": 7,
      "selected_id": 1283,
      "max_uncertainty": 0.0024566650390625,
      "mean_uncertainty": 0.00168609619140625
    },
    "6": {
      "size": 7,
      "selected_id": 984,
      "max_uncertainty": 0.005096435546875,
      "mean_uncertainty": 0.00435638427734375
    },
    "7": {
      "size": 11,
      "selected_id": 1212,
      "max_uncertainty": 0.0011768341064453125,
      "mean_uncertainty": 0.0008721351623535156
    },
    "8": {
      "size": 12,
      "selected_id": 1392,
      "max_uncertainty": 0.0016574859619140625,
      "mean_uncertainty": 0.00101470947265625
    },
    "9": {
      "size": 17,
      "selected_id": 1831,
      "max_uncertainty": 0.0012359619140625,
      "mean_uncertainty": 0.0008821487426757812
    },
    "10": {
      "size": 8,
      "selected_id": 722,
      "max_uncertainty": 0.0013628005981445312,
      "mean_uncertainty": 0.0009965896606445312
    },
    "11": {
      "size": 4,
      "selected_id": 1377,
      "max_uncertainty": 0.00200653076171875,
      "mean_uncertainty": 0.001674652099609375
    },
    "12": {
      "size": 5,
      "selected_id": 1981,
      "max_uncertainty": 0.00452423095703125,
      "mean_uncertainty": 0.0034046173095703125
    },
    "13": {
      "size": 17,
      "selected_id": 481,
      "max_uncertainty": 0.0018634796142578125,
      "mean_uncertainty": 0.0011615753173828125
    },
    "14": {
      "size": 22,
      "selected_id": 410,
      "max_uncertainty": 0.003093719482421875,
      "mean_uncertainty": 0.002101898193359375
    },
    "15": {
      "size": 16,
      "selected_id": 639,
      "max_uncertainty": 0.0027408599853515625,
      "mean_uncertainty": 0.001987457275390625
    },
    "16": {
      "size": 23,
      "selected_id": 1654,
      "max_uncertainty": 0.0021877288818359375,
      "mean_uncertainty": 0.0012416839599609375
    },
    "17": {
      "size": 4,
      "selected_id": 1166,
      "max_uncertainty": 0.01222991943359375,
      "mean_uncertainty": 0.0080413818359375
    },
    "18": {
      "size": 11,
      "selected_id": 1499,
      "max_uncertainty": 0.0022602081298828125,
      "mean_uncertainty": 0.0014972686767578125
    },
    "19": {
      "size": 13,
      "selected_id": 1504,
      "max_uncertainty": 0.00518798828125,
      "mean_uncertainty": 0.0041656494140625
    },
    "20": {
      "size": 2,
      "selected_id": 1215,
      "max_uncertainty": 0.0016622543334960938,
      "mean_uncertainty": 0.001434326171875
    },
    "21": {
      "size": 15,
      "selected_id": 1258,
      "max_uncertainty": 0.001293182373046875,
      "mean_uncertainty": 0.0009260177612304688
    },
    "22": {
      "size": 6,
      "selected_id": 372,
      "max_uncertainty": 0.0022125244140625,
      "mean_uncertainty": 0.0014476776123046875
    },
    "23": {
      "size": 15,
      "selected_id": 1643,
      "max_uncertainty": 0.0020236968994140625,
      "mean_uncertainty": 0.0013904571533203125
    },
    "24": {
      "size": 11,
      "selected_id": 519,
      "max_uncertainty": 0.0012769699096679688,
      "mean_uncertainty": 0.0009016990661621094
    },
    "25": {
      "size": 11,
      "selected_id": 1018,
      "max_uncertainty": 0.0021419525146484375,
      "mean_uncertainty": 0.0012664794921875
    },
    "26": {
      "size": 7,
      "selected_id": 1132,
      "max_uncertainty": 0.003307342529296875,
      "mean_uncertainty": 0.0025730133056640625
    },
    "27": {
      "size": 10,
      "selected_id": 1909,
      "max_uncertainty": 0.0027103424072265625,
      "mean_uncertainty": 0.0011892318725585938
    },
    "28": {
      "size": 9,
      "selected_id": 1084,
      "max_uncertainty": 0.0014715194702148438,
      "mean_uncertainty": 0.0009098052978515625
    },
    "29": {
      "size": 14,
      "selected_id": 1060,
      "max_uncertainty": 0.00098419189453125,
      "mean_uncertainty": 0.0007710456848144531
    },
    "30": {
      "size": 16,
      "selected_id": 687,
      "max_uncertainty": 0.0033817291259765625,
      "mean_uncertainty": 0.001987457275390625
    },
    "31": {
      "size": 9,
      "selected_id": 1398,
      "max_uncertainty": 0.00411224365234375,
      "mean_uncertainty": 0.0031528472900390625
    },
    "32": {
      "size": 5,
      "selected_id": 1713,
      "max_uncertainty": 0.00391387939453125,
      "mean_uncertainty": 0.003337860107421875
    },
    "33": {
      "size": 9,
      "selected_id": 633,
      "max_uncertainty": 0.0019969940185546875,
      "mean_uncertainty": 0.0013265609741210938
    },
    "34": {
      "size": 13,
      "selected_id": 1860,
      "max_uncertainty": 0.0023860931396484375,
      "mean_uncertainty": 0.0011949539184570312
    },
    "35": {
      "size": 1,
      "selected_id": 472,
      "max_uncertainty": 0.009796142578125,