{
  "selected_ids": [
    834,
    1816,
    448,
    1634,
    1823,
    1503,
    315,
    1552,
    1765,
    715,
    1901,
    413,
    1642,
    1682,
    571,
    802,
    1337,
    798,
    1922,
    311,
    1869,
    402,
    950,
    1074,
    1756,
    512,
    1631,
    1164,
    1737,
    555,
    1930,
    1599,
    397,
    1497,
    793,
    1890,
    938,
    291,
    1114,
    1580,
    1054,
    641,
    1979,
    880,
    1031,
    1799,
    1960,
    665,
    525,
    1051,
    1719,
    686,
    1646,
    1564,
    714,
    1918,
    1048,
    991,
    1781,
    1261,
    941,
    1014,
    1565,
    632
  ],
  "uncertainties": [
    0.0010585784912109375,
    0.001262664794921875,
    0.0003795623779296875,
    0.002132415771484375,
    0.0023975372314453125,
    0.00042819976806640625,
    0.0005097389221191406,
    0.002872467041015625,
    0.0006923675537109375,
    0.0007443428039550781,
    0.003978729248046875,
    0.002414703369140625,
    0.0005040168762207031,
    0.0018148422241210938,
    0.0012025833129882812,
    0.0015439987182617188,
    0.0006604194641113281,
    0.004848480224609375,
    0.00026035308837890625,
    0.00392913818359375,
    0.00026869773864746094,
    0.0010395050048828125,
    0.00864410400390625,
    0.0014772415161132812,
    0.002162933349609375,
    0.0011606216430664062,
    0.0004277229309082031,
    0.0007419586181640625,
    0.0028209686279296875,
    0.004482269287109375,
    0.002094268798828125,
    0.0014801025390625,
    0.003002166748046875,
    0.0004494190216064453,
    0.0007715225219726562,
    0.005458831787109375,
    0.0006136894226074219,
    0.0006875991821289062,
    0.0017747879028320312,
    0.0005297660827636719,
    0.0016937255859375,
    0.006740570068359375,
    0.0009918212890625,
    0.000732421875,
    0.0004394054412841797,
    0.0003001689910888672,
    0.0006151199340820312,
    0.0004341602325439453,
    0.0003991127014160156,
    0.0024662017822265625,
    0.0012083053588867188,
    0.0008144378662109375,
    0.0017375946044921875,
    0.0002799034118652344,
    0.0007252693176269531,
    0.0025348663330078125,
    0.00299072265625,
    0.0011768341064453125,
    0.001323699951171875,
    0.0008301734924316406,
    0.0017910003662109375,
    0.0003254413604736328,
    0.0019893646240234375,
    0.0034275054931640625
  ],
  "topk_size": 64,
  "n_clusters": 64,
  "cluster_stats": {
    "0": {
      "size": 9,
      "selected_id": 834,
      "max_uncertainty": 0.0010585784912109375,
      "mean_uncertainty": 0.000644683837890625
    },
    "1": {
      "size": 13,
      "selected_id": 1816,
      "max_uncertainty": 0.001262664794921875,
      "mean_uncertainty": 0.0007429122924804688
    },
    "2": {
      "size": 8,
      "selected_id": 448,
      "max_uncertainty": 0.0003795623779296875,
      "mean_uncertainty": 0.00025534629821777344
    },
    "3": {
      "size": 5,
      "selected_id": 1634,
      "max_uncertainty": 0.002132415771484375,
      "mean_uncertainty": 0.0018215179443359375
    },
    "4": {
      "size": 5,
      "selected_id": 1823,
      "max_uncertainty": 0.0023975372314453125,
      "mean_uncertainty": 0.0016231536865234375
    },
    "5": {
      "size": 15,
      "selected_id": 1503,
      "max_uncertainty": 0.00042819976806640625,
      "mean_uncertainty": 0.0002582073211669922
    },
    "6": {
      "size": 16,
      "selected_id": 315,
      "max_uncertainty": 0.0005097389221191406,
      "mean_uncertainty": 0.00023376941680908203
    },
    "7": {
      "size": 7,
      "selected_id": 1552,
      "max_uncertainty": 0.002872467041015625,
      "mean_uncertainty": 0.0017881393432617188
    },
    "8": {
      "size": 15,
      "selected_id": 1765,
      "max_uncertainty": 0.0006923675537109375,
      "mean_uncertainty": 0.0003178119659423828
    },
    "9": {
      "size": 9,
      "selected_id": 715,
      "max_uncertainty": 0.0007443428039550781,
      "mean_uncertainty": 0.000335693359375
    },
    "10": {
      "size": 2,
      "selected_id": 1901,
      "max_uncertainty": 0.003978729248046875,
      "mean_uncertainty": 0.00336456298828125
    },
    "11": {
      "size": 13,
      "selected_id": 413,
      "max_uncertainty": 0.002414703369140625,
      "mean_uncertainty": 0.0011129379272460938
    },
    "12": {
      "size": 11,
      "selected_id": 1642,
      "max_uncertainty": 0.0005040168762207031,
      "mean_uncertainty": 0.00021946430206298828
    },
    "13": {
      "size": 6,
      "selected_id": 1682,
      "max_uncertainty": 0.0018148422241210938,
      "mean_uncertainty": 0.0011568069458007812
    },
    "14": {
      "size": 13,
      "selected_id": 571,
      "max_uncertainty": 0.0012025833129882812,
      "mean_uncertainty": 0.0006351470947265625
    },
    "15": {
      "size": 7,
      "selected_id": 802,
      "max_uncertainty": 0.0015439987182617188,
      "mean_uncertainty": 0.0009131431579589844
    },
    "16": {
      "size": 12,
      "selected_id": 1337,
      "max_uncertainty": 0.0006604194641113281,
      "mean_uncertainty": 0.00038361549377441406
    },
    "17": {
      "size": 2,
      "selected_id": 798,
      "max_uncertainty": 0.004848480224609375,
      "mean_uncertainty": 0.003009796142578125
    },
    "18": {
      "size": 13,
      "selected_id": 1922,
      "max_uncertainty": 0.00026035308837890625,
      "mean_uncertainty": 0.00017952919006347656
    },
    "19": {
      "size": 8,
      "selected_id": 311,
      "max_uncertainty": 0.00392913818359375,
      "mean_uncertainty": 0.0024318695068359375
    },
    "20": {
      "size": 10,
      "selected_id": 1869,
      "max_uncertainty": 0.00026869773864746094,
      "mean_uncertainty": 0.0002067089080810547
    },
    "21": {
      "size": 10,
      "selected_id": 402,
      "max_uncertainty": 0.0010395050048828125,
      "mean_uncertainty": 0.0005483627319335938
    },
    "22": {
      "size": 2,
      "selected_id": 950,
      "max_uncertainty": 0.00864410400390625,
      "mean_uncertainty": 0.00688934326171875
    },
    "23": {
      "size": 6,
      "selected_id": 1074,
      "max_uncertainty": 0.0014772415161132812,
      "mean_uncertainty": 0.0008387565612792969
    },
    "24": {
      "size": 9,
      "selected_id": 1756,
      "max_uncertainty": 0.002162933349609375,
      "mean_uncertainty": 0.0013370513916015625
    },
    "25": {
      "size": 18,
      "selected_id": 512,
      "max_uncertainty": 0.0011606216430664062,
      "mean_uncertainty": 0.00045418739318847656
    },
    "26": {
      "size": 7,
      "selected_id": 1631,
      "max_uncertainty": 0.0004277229309082031,
      "mean_uncertainty": 0.00026798248291015625
    },
    "27": {
      "size": 8,
      "selected_id": 1164,
      "max_uncertainty": 0.0007419586181640625,
      "mean_uncertainty": 0.0004930496215820312
    },
    "28": {
      "size": 3,
      "selected_id": 1737,
      "max_uncertainty": 0.0028209686279296875,
      "mean_uncertainty": 0.0020160675048828125
    },
    "29": {
      "size": 8,
      "selected_id": 555,
      "max_uncertainty": 0.004482269287109375,
      "mean_uncertainty": 0.00322723388671875
    },
    "30": {
      "size": 3,
      "selected_id": 1930,
      "max_uncertainty": 0.002094268798828125,
      "mean_uncertainty": 0.0015954971313476562
    },
    "31": {
      "size": 9,
      "selected_id": 1599,
      "max_uncertainty": 0.0014801025390625,
      "mean_uncertainty": 0.0008015632629394531
    },
    "32": {
      "size": 5,
      "selected_id": 397,
      "max_uncertainty": 0.003002166748046875,
      "mean_uncertainty": 0.0023975372314453125
    },
    "33": {
      "size": 9,
      "selected_id": 1497,
      "max_uncertainty": 0.0004494190216064453,
      "mean_uncertainty": 0.0002472400665283203
    },
    "34": {
      "size": 13,
      "selected_id": 793,
      "max_uncertainty": 0.0007715225219726562,
      "mean_uncertainty": 0.0003211498260498047
    },
    "35": {
      "size": 2,