{
  "selected_ids": [
    1803,
    1159,
    398,
    720,
    1590,
    1421,
    844,
    1809,
    987,
    1422,
    701,
    816,
    1788,
    1264,
    1076,
    1150,
    1944,
    386,
    1521,
    1253,
    1321,
    1819,
    1190,
    636,
    589,
    300,
    1548,
    1592,
    1141,
    1612,
    671,
    1569,
    1250,
    1818,
    1736,
    1248,
    362,
    648,
    1033,
    653,
    331,
    1447,
    1513,
    1162,
    1222,
    852,
    486,
    1198,
    712,
    1115,
    1542,
    1839,
    1171,
    403,
    902,
    1908,
    590,
    1068,
    578,
    1729,
    564,
    876,
    752,
    264
  ],
  "uncertainties": [
    0.0027313232421875,
    0.0011692047119140625,
    0.0005755424499511719,
    0.0068359375,
    0.0035037994384765625,
    0.00150299072265625,
    0.007572174072265625,
    0.002044677734375,
    0.002254486083984375,
    0.0016222000122070312,
    0.0014028549194335938,
    0.00127410888671875,
    0.005878448486328125,
    0.0007929801940917969,
    0.0019130706787109375,
    0.0030689239501953125,
    0.0006103515625,
    0.002254486083984375,
    0.0007176399230957031,
    0.0005469322204589844,
    0.004459381103515625,
    0.0042877197265625,
    0.0029449462890625,
    0.0005793571472167969,
    0.0014410018920898438,
    0.002384185791015625,
    0.0014333724975585938,
    0.001361846923828125,
    0.0081634521484375,
    0.0089111328125,
    0.00344085693359375,
    0.0003638267517089844,
    0.0033626556396484375,
    0.002597808837890625,
    0.001544952392578125,
    0.0031795501708984375,
    0.002811431884765625,
    0.0015325546264648438,
    0.002254486083984375,
    0.0016012191772460938,
    0.0003192424774169922,
    0.00040459632873535156,
    0.0015859603881835938,
    0.0006632804870605469,
    0.0040283203125,
    0.0013332366943359375,
    0.0003368854522705078,
    0.0011835098266601562,
    0.0024929046630859375,
    0.006969451904296875,
    0.0008172988891601562,
    0.0013675689697265625,
    0.0037059783935546875,
    0.0014514923095703125,
    0.0018281936645507812,
    0.00098419189453125,
    0.0011625289916992188,
    0.005146026611328125,
    0.01116943359375,
    0.00189971923828125,
    0.0008511543273925781,
    0.0018606185913085938,
    0.00263214111328125,
    0.004138946533203125
  ],
  "topk_size": 64,
  "n_clusters": 64,
  "cluster_stats": {
    "0": {
      "size": 7,
      "selected_id": 1803,
      "max_uncertainty": 0.0027313232421875,
      "mean_uncertainty": 0.00142669677734375
    },
    "1": {
      "size": 8,
      "selected_id": 1159,
      "max_uncertainty": 0.0011692047119140625,
      "mean_uncertainty": 0.0007801055908203125
    },
    "2": {
      "size": 6,
      "selected_id": 398,
      "max_uncertainty": 0.0005755424499511719,
      "mean_uncertainty": 0.00036597251892089844
    },
    "3": {
      "size": 7,
      "selected_id": 720,
      "max_uncertainty": 0.0068359375,
      "mean_uncertainty": 0.00391387939453125
    },
    "4": {
      "size": 5,
      "selected_id": 1590,
      "max_uncertainty": 0.0035037994384765625,
      "mean_uncertainty": 0.002559661865234375
    },
    "5": {
      "size": 17,
      "selected_id": 1421,
      "max_uncertainty": 0.00150299072265625,
      "mean_uncertainty": 0.0005974769592285156
    },
    "6": {
      "size": 3,
      "selected_id": 844,
      "max_uncertainty": 0.007572174072265625,
      "mean_uncertainty": 0.0068359375
    },
    "7": {
      "size": 6,
      "selected_id": 1809,
      "max_uncertainty": 0.002044677734375,
      "mean_uncertainty": 0.0010251998901367188
    },
    "8": {
      "size": 10,
      "selected_id": 987,
      "max_uncertainty": 0.002254486083984375,
      "mean_uncertainty": 0.0017757415771484375
    },
    "9": {
      "size": 13,
      "selected_id": 1422,
      "max_uncertainty": 0.0016222000122070312,
      "mean_uncertainty": 0.0008497238159179688
    },
    "10": {
      "size": 14,
      "selected_id": 701,
      "max_uncertainty": 0.0014028549194335938,
      "mean_uncertainty": 0.0008883476257324219
    },
    "11": {
      "size": 11,
      "selected_id": 816,
      "max_uncertainty": 0.00127410888671875,
      "mean_uncertainty": 0.0008592605590820312
    },
    "12": {
      "size": 8,
      "selected_id": 1788,
      "max_uncertainty": 0.005878448486328125,
      "mean_uncertainty": 0.0034999847412109375
    },
    "13": {
      "size": 10,
      "selected_id": 1264,
      "max_uncertainty": 0.0007929801940917969,
      "mean_uncertainty": 0.0005331039428710938
    },
    "14": {
      "size": 18,
      "selected_id": 1076,
      "max_uncertainty": 0.0019130706787109375,
      "mean_uncertainty": 0.0009188652038574219
    },
    "15": {
      "size": 1,
      "selected_id": 1150,
      "max_uncertainty": 0.0030689239501953125,
      "mean_uncertainty": 0.0030689239501953125
    },
    "16": {
      "size": 8,
      "selected_id": 1944,
      "max_uncertainty": 0.0006103515625,
      "mean_uncertainty": 0.0004038810729980469
    },
    "17": {
      "size": 5,
      "selected_id": 386,
      "max_uncertainty": 0.002254486083984375,
      "mean_uncertainty": 0.0014171600341796875
    },
    "18": {
      "size": 17,
      "selected_id": 1521,
      "max_uncertainty": 0.0007176399230957031,
      "mean_uncertainty": 0.00044608116149902344
    },
    "19": {
      "size": 14,
      "selected_id": 1253,
      "max_uncertainty": 0.0005469322204589844,
      "mean_uncertainty": 0.00036406517028808594
    },
    "20": {
      "size": 3,
      "selected_id": 1321,
      "max_uncertainty": 0.004459381103515625,
      "mean_uncertainty": 0.003185272216796875
    },
    "21": {
      "size": 10,
      "selected_id": 1819,
      "max_uncertainty": 0.0042877197265625,
      "mean_uncertainty": 0.0024318695068359375
    },
    "22": {
      "size": 7,
      "selected_id": 1190,
      "max_uncertainty": 0.0029449462890625,
      "mean_uncertainty": 0.0023822784423828125
    },
    "23": {
      "size": 16,
      "selected_id": 636,
      "max_uncertainty": 0.0005793571472167969,
      "mean_uncertainty": 0.0003581047058105469
    },
    "24": {
      "size": 5,
      "selected_id": 589,
      "max_uncertainty": 0.0014410018920898438,
      "mean_uncertainty": 0.0010242462158203125
    },
    "25": {
      "size": 8,
      "selected_id": 300,
      "max_uncertainty": 0.002384185791015625,
      "mean_uncertainty": 0.0012664794921875
    },
    "26": {
      "size": 5,
      "selected_id": 1548,
      "max_uncertainty": 0.0014333724975585938,
      "mean_uncertainty": 0.001117706298828125
    },
    "27": {
      "size": 12,
      "selected_id": 1592,
      "max_uncertainty": 0.001361846923828125,
      "mean_uncertainty": 0.0005645751953125
    },
    "28": {
      "size": 4,
      "selected_id": 1141,
      "max_uncertainty": 0.0081634521484375,
      "mean_uncertainty": 0.005649566650390625
    },
    "29": {
      "size": 4,
      "selected_id": 1612,
      "max_uncertainty": 0.0089111328125,
      "mean_uncertainty": 0.006694793701171875
    },
    "30": {
      "size": 16,
      "selected_id": 671,
      "max_uncertainty": 0.00344085693359375,
      "mean_uncertainty": 0.002166748046875
    },
    "31": {
      "size": 6,
      "selected_id": 1569,
      "max_uncertainty": 0.0003638267517089844,
      "mean_uncertainty": 0.00031375885009765625
    },
    "32": {
      "size": 7,
      "selected_id": 1250,
      "max_uncertainty": 0.0033626556396484375,
      "mean_uncertainty": 0.001697540283203125
    },
    "33": {
      "size": 6,
      "selected_id": 1818,
      "max_uncertainty": 0.002597808837890625,
      "mean_uncertainty": 0.0015277862548828125
    },
    "34": {
      "size": 6,
      "selected_id": 1736,
      "max_uncertainty": 0.001544952392578125,
      "mean_uncertainty": 0.0011186599731445312
    },
    "35": {
      "size": 2,
      "selected_id": 1248,
      "max_uncertainty": 0.0031795501708984375,