{
  "selected_ids": [
    1425,
    1997,
    1625,
    1768,
    978,
    1272,
    828,
    1152,
    658,
    790,
    630,
    502,
    1208,
    1515,
    1100,
    352,
    1720,
    1176,
    672,
    1958,
    883,
    1269,
    369,
    952,
    1706,
    430,
    1378,
    1779,
    1915,
    1844,
    454,
    1755,
    1836,
    981,
    945,
    1109,
    1438,
    1524,
    1239,
    1669,
    1096,
    1865,
    951,
    1553,
    1413,
    588,
    895,
    1179,
    522,
    387,
    1659,
    273,
    1575,
    1891,
    1023,
    1006,
    1185,
    355,
    265,
    1369,
    620,
    1339,
    792,
    395
  ],
  "uncertainties": [
    0.003387451171875,
    0.00269317626953125,
    0.0010328292846679688,
    0.003238677978515625,
    0.0015478134155273438,
    0.006496429443359375,
    0.0007114410400390625,
    0.0014371871948242188,
    0.0014362335205078125,
    0.0007677078247070312,
    0.006496429443359375,
    0.003910064697265625,
    0.0012035369873046875,
    0.00154876708984375,
    0.0019741058349609375,
    0.00490570068359375,
    0.0013284683227539062,
    0.0016994476318359375,
    0.0047149658203125,
    0.00249481201171875,
    0.0014219284057617188,
    0.004627227783203125,
    0.0036754608154296875,
    0.00235748291015625,
    0.002490997314453125,
    0.0071868896484375,
    0.003917694091796875,
    0.004199981689453125,
    0.0027179718017578125,
    0.01434326171875,
    0.0009713172912597656,
    0.0010852813720703125,
    0.0015048980712890625,
    0.001796722412109375,
    0.005336761474609375,
    0.00998687744140625,
    0.006511688232421875,
    0.0013723373413085938,
    0.0012845993041992188,
    0.0015163421630859375,
    0.005126953125,
    0.00917816162109375,
    0.0012102127075195312,
    0.0014467239379882812,
    0.0011301040649414062,
    0.0022430419921875,
    0.00244140625,
    0.00164794921875,
    0.00405120849609375,
    0.005420684814453125,
    0.006244659423828125,
    0.0014104843139648438,
    0.002811431884765625,
    0.0028476715087890625,
    0.0012006759643554688,
    0.0011615753173828125,
    0.00396728515625,
    0.0029697418212890625,
    0.0028972625732421875,
    0.0032787322998046875,
    0.001537322998046875,
    0.0029392242431640625,
    0.004428863525390625,
    0.00104522705078125
  ],
  "topk_size": 64,
  "n_clusters": 64,
  "cluster_stats": {
    "0": {
      "size": 10,
      "selected_id": 1425,
      "max_uncertainty": 0.003387451171875,
      "mean_uncertainty": 0.0019931793212890625
    },
    "1": {
      "size": 11,
      "selected_id": 1997,
      "max_uncertainty": 0.00269317626953125,
      "mean_uncertainty": 0.0013189315795898438
    },
    "2": {
      "size": 8,
      "selected_id": 1625,
      "max_uncertainty": 0.0010328292846679688,
      "mean_uncertainty": 0.0007534027099609375
    },
    "3": {
      "size": 12,
      "selected_id": 1768,
      "max_uncertainty": 0.003238677978515625,
      "mean_uncertainty": 0.0022678375244140625
    },
    "4": {
      "size": 7,
      "selected_id": 978,
      "max_uncertainty": 0.0015478134155273438,
      "mean_uncertainty": 0.0009388923645019531
    },
    "5": {
      "size": 4,
      "selected_id": 1272,
      "max_uncertainty": 0.006496429443359375,
      "mean_uncertainty": 0.004833221435546875
    },
    "6": {
      "size": 1,
      "selected_id": 828,
      "max_uncertainty": 0.0007114410400390625,
      "mean_uncertainty": 0.0007114410400390625
    },
    "7": {
      "size": 8,
      "selected_id": 1152,
      "max_uncertainty": 0.0014371871948242188,
      "mean_uncertainty": 0.000995635986328125
    },
    "8": {
      "size": 13,
      "selected_id": 658,
      "max_uncertainty": 0.0014362335205078125,
      "mean_uncertainty": 0.0009312629699707031
    },
    "9": {
      "size": 7,
      "selected_id": 790,
      "max_uncertainty": 0.0007677078247070312,
      "mean_uncertainty": 0.0006608963012695312
    },
    "10": {
      "size": 5,
      "selected_id": 630,
      "max_uncertainty": 0.006496429443359375,
      "mean_uncertainty": 0.00467681884765625
    },
    "11": {
      "size": 10,
      "selected_id": 502,
      "max_uncertainty": 0.003910064697265625,
      "mean_uncertainty": 0.00272369384765625
    },
    "12": {
      "size": 24,
      "selected_id": 1208,
      "max_uncertainty": 0.0012035369873046875,
      "mean_uncertainty": 0.0007119178771972656
    },
    "13": {
      "size": 7,
      "selected_id": 1515,
      "max_uncertainty": 0.00154876708984375,
      "mean_uncertainty": 0.0011396408081054688
    },
    "14": {
      "size": 12,
      "selected_id": 1100,
      "max_uncertainty": 0.0019741058349609375,
      "mean_uncertainty": 0.001102447509765625
    },
    "15": {
      "size": 7,
      "selected_id": 352,
      "max_uncertainty": 0.00490570068359375,
      "mean_uncertainty": 0.0033245086669921875
    },
    "16": {
      "size": 14,
      "selected_id": 1720,
      "max_uncertainty": 0.0013284683227539062,
      "mean_uncertainty": 0.0009317398071289062
    },
    "17": {
      "size": 10,
      "selected_id": 1176,
      "max_uncertainty": 0.0016994476318359375,
      "mean_uncertainty": 0.001010894775390625
    },
    "18": {
      "size": 3,
      "selected_id": 672,
      "max_uncertainty": 0.0047149658203125,
      "mean_uncertainty": 0.0031795501708984375
    },
    "19": {
      "size": 1,
      "selected_id": 1958,
      "max_uncertainty": 0.00249481201171875,
      "mean_uncertainty": 0.00249481201171875
    },
    "20": {
      "size": 12,
      "selected_id": 883,
      "max_uncertainty": 0.0014219284057617188,
      "mean_uncertainty": 0.0007634162902832031
    },
    "21": {
      "size": 7,
      "selected_id": 1269,
      "max_uncertainty": 0.004627227783203125,
      "mean_uncertainty": 0.0037403106689453125
    },
    "22": {
      "size": 11,
      "selected_id": 369,
      "max_uncertainty": 0.0036754608154296875,
      "mean_uncertainty": 0.0027370452880859375
    },
    "23": {
      "size": 14,
      "selected_id": 952,
      "max_uncertainty": 0.00235748291015625,
      "mean_uncertainty": 0.0014276504516601562
    },
    "24": {
      "size": 11,
      "selected_id": 1706,
      "max_uncertainty": 0.002490997314453125,
      "mean_uncertainty": 0.0010528564453125
    },
    "25": {
      "size": 3,
      "selected_id": 430,
      "max_uncertainty": 0.0071868896484375,
      "mean_uncertainty": 0.006465911865234375
    },
    "26": {
      "size": 11,
      "selected_id": 1378,
      "max_uncertainty": 0.003917694091796875,
      "mean_uncertainty": 0.00191497802734375
    },
    "27": {
      "size": 15,
      "selected_id": 1779,
      "max_uncertainty": 0.004199981689453125,
      "mean_uncertainty": 0.0022430419921875
    },
    "28": {
      "size": 5,
      "selected_id": 1915,
      "max_uncertainty": 0.0027179718017578125,
      "mean_uncertainty": 0.0012712478637695312
    },
    "29": {
      "size": 7,
      "selected_id": 1844,
      "max_uncertainty": 0.01434326171875,
      "mean_uncertainty": 0.011505126953125
    },
    "30": {
      "size": 8,
      "selected_id": 454,
      "max_uncertainty": 0.0009713172912597656,
      "mean_uncertainty": 0.0006961822509765625
    },
    "31": {
      "size": 6,
      "selected_id": 1755,
      "max_uncertainty": 0.0010852813720703125,
      "mean_uncertainty": 0.0007333755493164062
    },
    "32": {
      "size": 16,
      "selected_id": 1836,
      "max_uncertainty": 0.0015048980712890625,
      "mean_uncertainty": 0.0008873939514160156
    },
    "33": {
      "size": 20,
      "selected_id": 981,
      "max_uncertainty": 0.001796722412109375,
      "mean_uncertainty": 0.0008516311645507812
    },
    "34": {
      "size": 6,
      "selected_id": 945,
      "max_uncertainty": 0.005336761474609375,
      "mean_uncertainty": 0.00441741943359375
    },
    "35": {
      "size": 7,
      "selected_id": 1109,
      "max_uncertainty": 0.00998687744140625,