{
  "selected_ids": [
    289,
    262,
    670,
    420,
    967,
    172,
    378,
    364,
    578,
    368,
    715,
    435,
    798,
    664,
    885,
    187,
    920,
    305,
    720,
    153,
    831,
    399,
    943,
    485,
    181,
    492,
    681,
    355,
    741,
    135,
    193,
    497,
    615,
    324,
    860,
    419,
    155,
    905,
    788,
    529,
    536,
    496,
    282,
    723,
    218,
    734,
    133,
    539,
    293,
    789,
    636,
    197,
    884,
    585,
    356,
    627,
    178,
    621,
    545,
    500,
    328,
    599,
    476,
    358
  ],
  "uncertainties": [
    0.0008646665955893695,
    0.0006921910680830479,
    0.0011385357938706875,
    0.0008296939777210355,
    0.0009888876229524612,
    0.0013910457491874695,
    0.0007481884676963091,
    0.0014505224535241723,
    0.0010148851433768868,
    0.0008313597645610571,
    0.0014143346343189478,
    0.0008767240797169507,
    0.0007926669786684215,
    0.0010326085612177849,
    0.001425060909241438,
    0.0006937880534678698,
    0.0008014520280994475,
    0.0009137923480011523,
    0.001020717667415738,
    0.0010183285921812057,
    0.0009577503660693765,
    0.0010733238887041807,
    0.0012746615102514625,
    0.0008882672409527004,
    0.0015339257661253214,
    0.000913298805244267,
    0.0011803645174950361,
    0.0015302903484553099,
    0.001871622633188963,
    0.0011364251840859652,
    0.0014190508518368006,
    0.00275509525090456,
    0.0009455173858441412,
    0.0008782708318904042,
    0.001064581098034978,
    0.001086077536456287,
    0.0009717617649585009,
    0.0007564853876829147,
    0.0009302833932451904,
    0.00089747563470155,
    0.0007052021101117134,
    0.0009228788549080491,
    0.0006920648738741875,
    0.0007666158489882946,
    0.001132591045461595,
    0.0008485615253448486,
    0.0008499646210111678,
    0.0008658993756398559,
    0.0015722669195383787,
    0.0008233304833993316,
    0.0008510652114637196,
    0.0007187738083302975,
    0.0011071445187553763,
    0.0007946144323796034,
    0.0014012455940246582,
    0.0010597638320177794,
    0.0006787622114643455,
    0.0012571904808282852,
    0.001306271180510521,
    0.0007155027706176043,
    0.0008670338429510593,
    0.0006278867367655039,
    0.0016032294370234013,
    0.0007012737914919853
  ],
  "topk_size": 64,
  "n_clusters": 64,
  "cluster_stats": {
    "0": {
      "size": 3,
      "selected_id": 289,
      "max_uncertainty": 0.0008646665955893695,
      "mean_uncertainty": 0.0007559873047284782
    },
    "1": {
      "size": 2,
      "selected_id": 262,
      "max_uncertainty": 0.0006921910680830479,
      "mean_uncertainty": 0.0006818179390393198
    },
    "2": {
      "size": 6,
      "selected_id": 670,
      "max_uncertainty": 0.0011385357938706875,
      "mean_uncertainty": 0.0009156007436104119
    },
    "3": {
      "size": 7,
      "selected_id": 420,
      "max_uncertainty": 0.0008296939777210355,
      "mean_uncertainty": 0.0007755485130473971
    },
    "4": {
      "size": 4,
      "selected_id": 967,
      "max_uncertainty": 0.0009888876229524612,
      "mean_uncertainty": 0.0009191295830532908
    },
    "5": {
      "size": 2,
      "selected_id": 172,
      "max_uncertainty": 0.0013910457491874695,
      "mean_uncertainty": 0.001080321497283876
    },
    "6": {
      "size": 6,
      "selected_id": 378,
      "max_uncertainty": 0.0007481884676963091,
      "mean_uncertainty": 0.0006730884197168052
    },
    "7": {
      "size": 4,
      "selected_id": 364,
      "max_uncertainty": 0.0014505224535241723,
      "mean_uncertainty": 0.0011488596210256219
    },
    "8": {
      "size": 5,
      "selected_id": 578,
      "max_uncertainty": 0.0010148851433768868,
      "mean_uncertainty": 0.0007487009861506522
    },
    "9": {
      "size": 3,
      "selected_id": 368,
      "max_uncertainty": 0.0008313597645610571,
      "mean_uncertainty": 0.0007232315838336945
    },
    "10": {
      "size": 3,
      "selected_id": 715,
      "max_uncertainty": 0.0014143346343189478,
      "mean_uncertainty": 0.0011319577461108565
    },
    "11": {
      "size": 4,
      "selected_id": 435,
      "max_uncertainty": 0.0008767240797169507,
      "mean_uncertainty": 0.0007002864731475711
    },
    "12": {
      "size": 5,
      "selected_id": 798,
      "max_uncertainty": 0.0007926669786684215,
      "mean_uncertainty": 0.000716748065315187
    },
    "13": {
      "size": 6,
      "selected_id": 664,
      "max_uncertainty": 0.0010326085612177849,
      "mean_uncertainty": 0.0007823419873602688
    },
    "14": {
      "size": 4,
      "selected_id": 885,
      "max_uncertainty": 0.001425060909241438,
      "mean_uncertainty": 0.00111158296931535
    },
    "15": {
      "size": 7,
      "selected_id": 187,
      "max_uncertainty": 0.0006937880534678698,
      "mean_uncertainty": 0.0006599018233828247
    },
    "16": {
      "size": 1,
      "selected_id": 920,
      "max_uncertainty": 0.0008014520280994475,
      "mean_uncertainty": 0.0008014520280994475
    },
    "17": {
      "size": 7,
      "selected_id": 305,
      "max_uncertainty": 0.0009137923480011523,
      "mean_uncertainty": 0.0008183172321878374
    },
    "18": {
      "size": 3,
      "selected_id": 720,
      "max_uncertainty": 0.001020717667415738,
      "mean_uncertainty": 0.0009363607387058437
    },
    "19": {
      "size": 3,
      "selected_id": 153,
      "max_uncertainty": 0.0010183285921812057,
      "mean_uncertainty": 0.0008150707581080496
    },
    "20": {
      "size": 6,
      "selected_id": 831,
      "max_uncertainty": 0.0009577503660693765,
      "mean_uncertainty": 0.0007680009002797306
    },
    "21": {
      "size": 7,
      "selected_id": 399,
      "max_uncertainty": 0.0010733238887041807,
      "mean_uncertainty": 0.0007692856015637517
    },
    "22": {
      "size": 4,
      "selected_id": 943,
      "max_uncertainty": 0.0012746615102514625,
      "mean_uncertainty": 0.0008937332313507795
    },
    "23": {
      "size": 5,
      "selected_id": 485,
      "max_uncertainty": 0.0008882672409527004,
      "mean_uncertainty": 0.0007899844204075634
    },
    "24": {
      "size": 7,
      "selected_id": 181,
      "max_uncertainty": 0.0015339257661253214,
      "mean_uncertainty": 0.0012760825920850039
    },
    "25": {
      "size": 5,
      "selected_id": 492,
      "max_uncertainty": 0.000913298805244267,
      "mean_uncertainty": 0.0007206664304248989
    },
    "26": {
      "size": 4,
      "selected_id": 681,
      "max_uncertainty": 0.0011803645174950361,
      "mean_uncertainty": 0.0010102003579959273
    },
    "27": {
      "size": 4,
      "selected_id": 355,
      "max_uncertainty": 0.0015302903484553099,
      "mean_uncertainty": 0.001066888915374875
    },
    "28": {
      "size": 3,
      "selected_id": 741,
      "max_uncertainty": 0.001871622633188963,
      "mean_uncertainty": 0.0017533892532810569
    },
    "29": {
      "size": 9,
      "selected_id": 135,
      "max_uncertainty": 0.0011364251840859652,
      "mean_uncertainty": 0.0008609277429059148
    },
    "30": {
      "size": 4,
      "selected_id": 193,
      "max_uncertainty": 0.0014190508518368006,
      "mean_uncertainty": 0.001124002505093813
    },
    "31": {
      "size": 7,
      "selected_id": 497,
      "max_uncertainty": 0.00275509525090456,
      "mean_uncertainty": 0.0015973822446539998
    },
    "32": {
      "size": 5,
      "selected_id": 615,
      "max_uncertainty": 0.0009455173858441412,
      "mean_uncertainty": 0.0007640717667527497
    },
    "33": {
      "size": 5,
      "selected_id": 324,
      "max_uncertainty": 0.0008782708318904042,
      "mean_uncertainty": 0.0007129580480977893
    },
    "34": {
      "size": 5,
      "selected_id": 860,
      "max_uncertainty": 0.001064581098034978,
      "mean_uncertainty": 0.0007853133720345795
    },
    "35": {
      "size": 2,
      "selected_id": 419,