{
  "selected_ids": [
    731,
    377,
    766,
    560,
    311,
    327,
    829,
    506,
    648,
    640,
    336,
    893,
    993,
    249,
    593,
    285,
    439,
    776,
    241,
    732,
    457,
    162,
    423,
    211,
    331,
    213,
    138,
    617,
    573,
    338,
    644,
    528,
    851,
    590,
    691,
    427,
    923,
    606,
    770,
    189,
    724,
    582,
    753,
    912,
    376,
    467,
    421,
    878,
    185,
    737,
    292,
    200,
    221,
    424,
    288,
    917,
    254,
    461,
    553,
    843,
    903,
    865,
    743,
    413
  ],
  "uncertainties": [
    0.0004397401353344321,
    0.0003994632279500365,
    0.0006059244624339044,
    0.00048980483552441,
    0.0005835075862705708,
    0.00055441923905164,
    0.00040010194061324,
    0.0006103995256125927,
    0.0004518591449595988,
    0.0005207725334912539,
    0.0004530098522081971,
    0.0007072912412695587,
    0.0009436116088181734,
    0.00037419021828100085,
    0.0006015918334014714,
    0.00041846311069093645,
    0.0004604947753250599,
    0.0004697518888860941,
    0.0003612138098105788,
    0.0003758567036129534,
    0.0004322956665419042,
    0.000443180906586349,
    0.0004155118949711323,
    0.0006491048261523247,
    0.0005688589881174266,
    0.00042227283120155334,
    0.00052980100736022,
    0.0005982920993119478,
    0.0008216005517169833,
    0.000411207671277225,
    0.00037483248161152005,
    0.00038304884219542146,
    0.0006420320714823902,
    0.0005454595666378736,
    0.0003993681166321039,
    0.00044646585593000054,
    0.000539391883648932,
    0.00042394333286210895,
    0.0004405732615850866,
    0.000402720645070076,
    0.0007202447159215808,
    0.0009208600968122482,
    0.00038665480678901076,
    0.0003999225446023047,
    0.00034971529385074973,
    0.0005391585873439908,
    0.0004330592346377671,
    0.00037762935971841216,
    0.0004918698687106371,
    0.0006621399661526084,
    0.0006438617710955441,
    0.0004281683941371739,
    0.0006577097810804844,
    0.0004251735517755151,
    0.0004750729713123292,
    0.0003898931317962706,
    0.0005481897387653589,
    0.0004008500254712999,
    0.00041995462379418314,
    0.0005764187080785632,
    0.0003705450799316168,
    0.0003970371326431632,
    0.0005098024266771972,
    0.0003634996246546507
  ],
  "topk_size": 64,
  "n_clusters": 64,
  "cluster_stats": {
    "0": {
      "size": 1,
      "selected_id": 731,
      "max_uncertainty": 0.0004397401353344321,
      "mean_uncertainty": 0.0004397401353344321
    },
    "1": {
      "size": 2,
      "selected_id": 377,
      "max_uncertainty": 0.0003994632279500365,
      "mean_uncertainty": 0.00038093701004981995
    },
    "2": {
      "size": 4,
      "selected_id": 766,
      "max_uncertainty": 0.0006059244624339044,
      "mean_uncertainty": 0.0004556964267976582
    },
    "3": {
      "size": 7,
      "selected_id": 560,
      "max_uncertainty": 0.00048980483552441,
      "mean_uncertainty": 0.00039800634840503335
    },
    "4": {
      "size": 1,
      "selected_id": 311,
      "max_uncertainty": 0.0005835075862705708,
      "mean_uncertainty": 0.0005835075862705708
    },
    "5": {
      "size": 3,
      "selected_id": 327,
      "max_uncertainty": 0.00055441923905164,
      "mean_uncertainty": 0.000435354420915246
    },
    "6": {
      "size": 3,
      "selected_id": 829,
      "max_uncertainty": 0.00040010194061324,
      "mean_uncertainty": 0.00037233842886053026
    },
    "7": {
      "size": 3,
      "selected_id": 506,
      "max_uncertainty": 0.0006103995256125927,
      "mean_uncertainty": 0.0005047787562943995
    },
    "8": {
      "size": 4,
      "selected_id": 648,
      "max_uncertainty": 0.0004518591449595988,
      "mean_uncertainty": 0.0004143521364312619
    },
    "9": {
      "size": 5,
      "selected_id": 640,
      "max_uncertainty": 0.0005207725334912539,
      "mean_uncertainty": 0.0004096456686966121
    },
    "10": {
      "size": 2,
      "selected_id": 336,
      "max_uncertainty": 0.0004530098522081971,
      "mean_uncertainty": 0.0004088730493094772
    },
    "11": {
      "size": 3,
      "selected_id": 893,
      "max_uncertainty": 0.0007072912412695587,
      "mean_uncertainty": 0.0005608072970062494
    },
    "12": {
      "size": 1,
      "selected_id": 993,
      "max_uncertainty": 0.0009436116088181734,
      "mean_uncertainty": 0.0009436116088181734
    },
    "13": {
      "size": 2,
      "selected_id": 249,
      "max_uncertainty": 0.00037419021828100085,
      "mean_uncertainty": 0.0003729727759491652
    },
    "14": {
      "size": 2,
      "selected_id": 593,
      "max_uncertainty": 0.0006015918334014714,
      "mean_uncertainty": 0.0005649193190038204
    },
    "15": {
      "size": 3,
      "selected_id": 285,
      "max_uncertainty": 0.00041846311069093645,
      "mean_uncertainty": 0.00038677756674587727
    },
    "16": {
      "size": 2,
      "selected_id": 439,
      "max_uncertainty": 0.0004604947753250599,
      "mean_uncertainty": 0.0004291297518648207
    },
    "17": {
      "size": 3,
      "selected_id": 776,
      "max_uncertainty": 0.0004697518888860941,
      "mean_uncertainty": 0.0003920440503861755
    },
    "18": {
      "size": 2,
      "selected_id": 241,
      "max_uncertainty": 0.0003612138098105788,
      "mean_uncertainty": 0.0003524852218106389
    },
    "19": {
      "size": 3,
      "selected_id": 732,
      "max_uncertainty": 0.0003758567036129534,
      "mean_uncertainty": 0.0003569315595086664
    },
    "20": {
      "size": 2,
      "selected_id": 457,
      "max_uncertainty": 0.0004322956665419042,
      "mean_uncertainty": 0.00039288148400373757
    },
    "21": {
      "size": 3,
      "selected_id": 162,
      "max_uncertainty": 0.000443180906586349,
      "mean_uncertainty": 0.000413606408983469
    },
    "22": {
      "size": 1,
      "selected_id": 423,
      "max_uncertainty": 0.0004155118949711323,
      "mean_uncertainty": 0.0004155118949711323
    },
    "23": {
      "size": 3,
      "selected_id": 211,
      "max_uncertainty": 0.0006491048261523247,
      "mean_uncertainty": 0.0005213250988163054
    },
    "24": {
      "size": 3,
      "selected_id": 331,
      "max_uncertainty": 0.0005688589881174266,
      "mean_uncertainty": 0.0005075469962321222
    },
    "25": {
      "size": 2,
      "selected_id": 213,
      "max_uncertainty": 0.00042227283120155334,
      "mean_uncertainty": 0.00040629334398545325
    },
    "26": {
      "size": 3,
      "selected_id": 138,
      "max_uncertainty": 0.00052980100736022,
      "mean_uncertainty": 0.0005194743280299008
    },
    "27": {
      "size": 3,
      "selected_id": 617,
      "max_uncertainty": 0.0005982920993119478,
      "mean_uncertainty": 0.0005166149348951876
    },
    "28": {
      "size": 2,
      "selected_id": 573,
      "max_uncertainty": 0.0008216005517169833,
      "mean_uncertainty": 0.0007462207577191293
    },
    "29": {
      "size": 4,
      "selected_id": 338,
      "max_uncertainty": 0.000411207671277225,
      "mean_uncertainty": 0.0003717032086569816
    },
    "30": {
      "size": 2,
      "selected_id": 644,
      "max_uncertainty": 0.00037483248161152005,
      "mean_uncertainty": 0.00037045887438580394
    },
    "31": {
      "size": 4,
      "selected_id": 528,
      "max_uncertainty": 0.00038304884219542146,
      "mean_uncertainty": 0.000358982098987326
    },
    "32": {
      "size": 2,
      "selected_id": 851,
      "max_uncertainty": 0.0006420320714823902,
      "mean_uncertainty": 0.000602495449129492
    },
    "33": {
      "size": 3,
      "selected_id": 590,
      "max_uncertainty": 0.0005454595666378736,
      "mean_uncertainty": 0.0004488615086302161
    },
    "34": {
      "size": 3,
      "selected_id": 691,
      "max_uncertainty": 0.0003993681166321039,
      "mean_uncertainty": 0.0003949159290641546
    },
    "35": {
      "size": 3,
      "selected_id": 427,