{
  "selected_ids": [
    608,
    298,
    652,
    800,
    480,
    313,
    662,
    939,
    942,
    433,
    862,
    689,
    446,
    763,
    649,
    678,
    201,
    158,
    847,
    666,
    761,
    510,
    548,
    346,
    240,
    481,
    247,
    302,
    985,
    687,
    609,
    226,
    792,
    361,
    523,
    202,
    402,
    494,
    451,
    248,
    639,
    263,
    525,
    977,
    524,
    315,
    550,
    774,
    425,
    874,
    748,
    801,
    306,
    472,
    694,
    453,
    194,
    821,
    755,
    283,
    976,
    914,
    796,
    222
  ],
  "uncertainties": [
    0.0020067975856363773,
    0.0021919705905020237,
    0.0019543939270079136,
    0.0018882969161495566,
    0.0024818081874400377,
    0.003091149963438511,
    0.001933759544044733,
    0.0026636426337063313,
    0.0013006411027163267,
    0.0021137220319360495,
    0.0016029328107833862,
    0.0021925512701272964,
    0.0023101945407688618,
    0.001366014126688242,
    0.001926038064993918,
    0.0014859153889119625,
    0.00151574716437608,
    0.0020597693510353565,
    0.0021954155527055264,
    0.0013978320639580488,
    0.0023307257797569036,
    0.002267338801175356,
    0.0017379946075379848,
    0.0015579769387841225,
    0.002219314221292734,
    0.0026230420917272568,
    0.0013712802901864052,
    0.001558682881295681,
    0.0017345317173749208,
    0.002513369545340538,
    0.0016838547307997942,
    0.0015594447031617165,
    0.0019011108670383692,
    0.002352521289139986,
    0.0013907963875681162,
    0.001564385718666017,
    0.0029410759452730417,
    0.001227138563990593,
    0.0020527089945971966,
    0.0016363661270588636,
    0.002810443751513958,
    0.002590819261968136,
    0.0011748766992241144,
    0.002520704874768853,
    0.0013743930030614138,
    0.0015938406577333808,
    0.002313067438080907,
    0.0015489236684516072,
    0.0017805821262300014,
    0.0030144164338707924,
    0.0014180822763592005,
    0.001714899204671383,
    0.0016785254701972008,
    0.0021078973077237606,
    0.0020294361747801304,
    0.0019572931341826916,
    0.0015753533225506544,
    0.0016620383830741048,
    0.0016181539976969361,
    0.0023452676832675934,
    0.001555978786200285,
    0.0017804417293518782,
    0.002345408545807004,
    0.0013124707620590925
  ],
  "topk_size": 64,
  "n_clusters": 64,
  "cluster_stats": {
    "0": {
      "size": 8,
      "selected_id": 608,
      "max_uncertainty": 0.0020067975856363773,
      "mean_uncertainty": 0.0015623972285538912
    },
    "1": {
      "size": 10,
      "selected_id": 298,
      "max_uncertainty": 0.0021919705905020237,
      "mean_uncertainty": 0.0016277616377919912
    },
    "2": {
      "size": 2,
      "selected_id": 652,
      "max_uncertainty": 0.0019543939270079136,
      "mean_uncertainty": 0.0015930895460769534
    },
    "3": {
      "size": 6,
      "selected_id": 800,
      "max_uncertainty": 0.0018882969161495566,
      "mean_uncertainty": 0.0015158812748268247
    },
    "4": {
      "size": 8,
      "selected_id": 480,
      "max_uncertainty": 0.0024818081874400377,
      "mean_uncertainty": 0.0017211196245625615
    },
    "5": {
      "size": 9,
      "selected_id": 313,
      "max_uncertainty": 0.003091149963438511,
      "mean_uncertainty": 0.0026386871468275785
    },
    "6": {
      "size": 8,
      "selected_id": 662,
      "max_uncertainty": 0.001933759544044733,
      "mean_uncertainty": 0.001709568314254284
    },
    "7": {
      "size": 5,
      "selected_id": 939,
      "max_uncertainty": 0.0026636426337063313,
      "mean_uncertainty": 0.002094259951263666
    },
    "8": {
      "size": 7,
      "selected_id": 942,
      "max_uncertainty": 0.0013006411027163267,
      "mean_uncertainty": 0.0012375983642414212
    },
    "9": {
      "size": 9,
      "selected_id": 433,
      "max_uncertainty": 0.0021137220319360495,
      "mean_uncertainty": 0.0016767006600275636
    },
    "10": {
      "size": 2,
      "selected_id": 862,
      "max_uncertainty": 0.0016029328107833862,
      "mean_uncertainty": 0.0015484552131965756
    },
    "11": {
      "size": 14,
      "selected_id": 689,
      "max_uncertainty": 0.0021925512701272964,
      "mean_uncertainty": 0.0015257628401741385
    },
    "12": {
      "size": 4,
      "selected_id": 446,
      "max_uncertainty": 0.0023101945407688618,
      "mean_uncertainty": 0.002053498290479183
    },
    "13": {
      "size": 9,
      "selected_id": 763,
      "max_uncertainty": 0.001366014126688242,
      "mean_uncertainty": 0.001276517752557993
    },
    "14": {
      "size": 7,
      "selected_id": 649,
      "max_uncertainty": 0.001926038064993918,
      "mean_uncertainty": 0.0014812445733696222
    },
    "15": {
      "size": 7,
      "selected_id": 678,
      "max_uncertainty": 0.0014859153889119625,
      "mean_uncertainty": 0.0012828970793634653
    },
    "16": {
      "size": 4,
      "selected_id": 201,
      "max_uncertainty": 0.00151574716437608,
      "mean_uncertainty": 0.001364072784781456
    },
    "17": {
      "size": 4,
      "selected_id": 158,
      "max_uncertainty": 0.0020597693510353565,
      "mean_uncertainty": 0.001653333310969174
    },
    "18": {
      "size": 5,
      "selected_id": 847,
      "max_uncertainty": 0.0021954155527055264,
      "mean_uncertainty": 0.0018110563978552818
    },
    "19": {
      "size": 2,
      "selected_id": 666,
      "max_uncertainty": 0.0013978320639580488,
      "mean_uncertainty": 0.0013105868129059672
    },
    "20": {
      "size": 6,
      "selected_id": 761,
      "max_uncertainty": 0.0023307257797569036,
      "mean_uncertainty": 0.0014920622343197465
    },
    "21": {
      "size": 4,
      "selected_id": 510,
      "max_uncertainty": 0.002267338801175356,
      "mean_uncertainty": 0.0020745950751006603
    },
    "22": {
      "size": 5,
      "selected_id": 548,
      "max_uncertainty": 0.0017379946075379848,
      "mean_uncertainty": 0.0014021486276760697
    },
    "23": {
      "size": 3,
      "selected_id": 346,
      "max_uncertainty": 0.0015579769387841225,
      "mean_uncertainty": 0.0014252770924940705
    },
    "24": {
      "size": 8,
      "selected_id": 240,
      "max_uncertainty": 0.002219314221292734,
      "mean_uncertainty": 0.0016018548049032688
    },
    "25": {
      "size": 6,
      "selected_id": 481,
      "max_uncertainty": 0.0026230420917272568,
      "mean_uncertainty": 0.0017198299756273627
    },
    "26": {
      "size": 4,
      "selected_id": 247,
      "max_uncertainty": 0.0013712802901864052,
      "mean_uncertainty": 0.001269103609956801
    },
    "27": {
      "size": 5,
      "selected_id": 302,
      "max_uncertainty": 0.001558682881295681,
      "mean_uncertainty": 0.0013479309855028987
    },
    "28": {
      "size": 5,
      "selected_id": 985,
      "max_uncertainty": 0.0017345317173749208,
      "mean_uncertainty": 0.0015112279215827584
    },
    "29": {
      "size": 10,
      "selected_id": 687,
      "max_uncertainty": 0.002513369545340538,
      "mean_uncertainty": 0.0018174179131165147
    },
    "30": {
      "size": 4,
      "selected_id": 609,
      "max_uncertainty": 0.0016838547307997942,
      "mean_uncertainty": 0.001385331037454307
    },
    "31": {
      "size": 3,
      "selected_id": 226,
      "max_uncertainty": 0.0015594447031617165,
      "mean_uncertainty": 0.0013781565940007567
    },
    "32": {
      "size": 5,
      "selected_id": 792,
      "max_uncertainty": 0.0019011108670383692,
      "mean_uncertainty": 0.001507200999185443
    },
    "33": {
      "size": 6,
      "selected_id": 361,
      "max_uncertainty": 0.002352521289139986,
      "mean_uncertainty": 0.0018842375138774514
    },
    "34": {
      "size": 6,
      "selected_id": 523,
      "max_uncertainty": 0.0013907963875681162,
      "mean_uncertainty": 0.0012930236989632249
    },
    "35": {
      "size": 2,
      "selected_id": 202,
      "max_uncertainty": 0.001564385718666017,