{
  "selected_ids": [
    537,
    168,
    455,
    184,
    641,
    554,
    611,
    583,
    676,
    839,
    569,
    488,
    198,
    447,
    393,
    902,
    503,
    563,
    612,
    684,
    191,
    892,
    832,
    559,
    493,
    229,
    818,
    805,
    667,
    556,
    971,
    760,
    808,
    876,
    385,
    340,
    812,
    169,
    572,
    722,
    848,
    295,
    239,
    757,
    613,
    891,
    131,
    474,
    462,
    675,
    988,
    981,
    845,
    837,
    173,
    508,
    647,
    190,
    972,
    951,
    690,
    577,
    940,
    261
  ],
  "uncertainties": [
    0.0006064388435333967,
    0.0005576849216595292,
    0.0005489749019034207,
    0.0008163729216903448,
    0.0006725061102770269,
    0.0005331828724592924,
    0.000551670731510967,
    0.0006332257180474699,
    0.0005495036020874977,
    0.0007507316768169403,
    0.0006590799312107265,
    0.0006631453288719058,
    0.0005330922431312501,
    0.0006868935306556523,
    0.0005082691786810756,
    0.0005662536714226007,
    0.0008021937683224678,
    0.0007900239434093237,
    0.0008255193242803216,
    0.0004604523128364235,
    0.0005888885934837162,
    0.0005983649753034115,
    0.0009779565734788775,
    0.0006719838129356503,
    0.0008945308509282768,
    0.0005591141525655985,
    0.0005657821311615407,
    0.0010561812669038773,
    0.0005844872212037444,
    0.0007114066393114626,
    0.0008010541787371039,
    0.0007427313830703497,
    0.0008872803300619125,
    0.0010389415547251701,
    0.000562547123990953,
    0.00113661028444767,
    0.0007371423998847604,
    0.0006583550712093711,
    0.000598476966843009,
    0.0006377686513587832,
    0.0006724250270053744,
    0.0004618243547156453,
    0.0010283152805641294,
    0.0007296240655705333,
    0.0005490097100846469,
    0.000479058304335922,
    0.0008933419012464583,
    0.0005091576604172587,
    0.0005586774786934257,
    0.0009363177814520895,
    0.0011137262918055058,
    0.0005840523517690599,
    0.0007174243801273406,
    0.0008096173405647278,
    0.0005677092703990638,
    0.0006172972498461604,
    0.0012267320416867733,
    0.0009658745257183909,
    0.0006410303176380694,
    0.0011635355185717344,
    0.0006784337456338108,
    0.0004554682527668774,
    0.0011482163099572062,
    0.0006624306552112103
  ],
  "topk_size": 64,
  "n_clusters": 64,
  "cluster_stats": {
    "0": {
      "size": 3,
      "selected_id": 537,
      "max_uncertainty": 0.0006064388435333967,
      "mean_uncertainty": 0.0005469443858601153
    },
    "1": {
      "size": 2,
      "selected_id": 168,
      "max_uncertainty": 0.0005576849216595292,
      "mean_uncertainty": 0.000508239259943366
    },
    "2": {
      "size": 3,
      "selected_id": 455,
      "max_uncertainty": 0.0005489749019034207,
      "mean_uncertainty": 0.0005066092708148062
    },
    "3": {
      "size": 3,
      "selected_id": 184,
      "max_uncertainty": 0.0008163729216903448,
      "mean_uncertainty": 0.0007883710786700249
    },
    "4": {
      "size": 1,
      "selected_id": 641,
      "max_uncertainty": 0.0006725061102770269,
      "mean_uncertainty": 0.0006725061102770269
    },
    "5": {
      "size": 4,
      "selected_id": 554,
      "max_uncertainty": 0.0005331828724592924,
      "mean_uncertainty": 0.0005089450860396028
    },
    "6": {
      "size": 5,
      "selected_id": 611,
      "max_uncertainty": 0.000551670731510967,
      "mean_uncertainty": 0.00048674363642930984
    },
    "7": {
      "size": 3,
      "selected_id": 583,
      "max_uncertainty": 0.0006332257180474699,
      "mean_uncertainty": 0.0005562618025578558
    },
    "8": {
      "size": 5,
      "selected_id": 676,
      "max_uncertainty": 0.0005495036020874977,
      "mean_uncertainty": 0.0005068582249805331
    },
    "9": {
      "size": 3,
      "selected_id": 839,
      "max_uncertainty": 0.0007507316768169403,
      "mean_uncertainty": 0.0007279117126017809
    },
    "10": {
      "size": 3,
      "selected_id": 569,
      "max_uncertainty": 0.0006590799312107265,
      "mean_uncertainty": 0.0005882540717720985
    },
    "11": {
      "size": 3,
      "selected_id": 488,
      "max_uncertainty": 0.0006631453288719058,
      "mean_uncertainty": 0.0005514949443750083
    },
    "12": {
      "size": 5,
      "selected_id": 198,
      "max_uncertainty": 0.0005330922431312501,
      "mean_uncertainty": 0.0005152468802407384
    },
    "13": {
      "size": 5,
      "selected_id": 447,
      "max_uncertainty": 0.0006868935306556523,
      "mean_uncertainty": 0.0005809798021800816
    },
    "14": {
      "size": 4,
      "selected_id": 393,
      "max_uncertainty": 0.0005082691786810756,
      "mean_uncertainty": 0.00048709195107221603
    },
    "15": {
      "size": 6,
      "selected_id": 902,
      "max_uncertainty": 0.0005662536714226007,
      "mean_uncertainty": 0.0005247227963991463
    },
    "16": {
      "size": 6,
      "selected_id": 503,
      "max_uncertainty": 0.0008021937683224678,
      "mean_uncertainty": 0.0006363876163959503
    },
    "17": {
      "size": 5,
      "selected_id": 563,
      "max_uncertainty": 0.0007900239434093237,
      "mean_uncertainty": 0.0006585983210243285
    },
    "18": {
      "size": 5,
      "selected_id": 612,
      "max_uncertainty": 0.0008255193242803216,
      "mean_uncertainty": 0.0006942088948562741
    },
    "19": {
      "size": 1,
      "selected_id": 684,
      "max_uncertainty": 0.0004604523128364235,
      "mean_uncertainty": 0.0004604523128364235
    },
    "20": {
      "size": 6,
      "selected_id": 191,
      "max_uncertainty": 0.0005888885934837162,
      "mean_uncertainty": 0.0005216956487856805
    },
    "21": {
      "size": 3,
      "selected_id": 892,
      "max_uncertainty": 0.0005983649753034115,
      "mean_uncertainty": 0.0005514026270247996
    },
    "22": {
      "size": 5,
      "selected_id": 832,
      "max_uncertainty": 0.0009779565734788775,
      "mean_uncertainty": 0.0007135655614547431
    },
    "23": {
      "size": 2,
      "selected_id": 559,
      "max_uncertainty": 0.0006719838129356503,
      "mean_uncertainty": 0.0006473675020970404
    },
    "24": {
      "size": 3,
      "selected_id": 493,
      "max_uncertainty": 0.0008945308509282768,
      "mean_uncertainty": 0.0007538720383308828
    },
    "25": {
      "size": 2,
      "selected_id": 229,
      "max_uncertainty": 0.0005591141525655985,
      "mean_uncertainty": 0.000553637626580894
    },
    "26": {
      "size": 3,
      "selected_id": 818,
      "max_uncertainty": 0.0005657821311615407,
      "mean_uncertainty": 0.0005399372894316912
    },
    "27": {
      "size": 6,
      "selected_id": 805,
      "max_uncertainty": 0.0010561812669038773,
      "mean_uncertainty": 0.0008103193249553442
    },
    "28": {
      "size": 5,
      "selected_id": 667,
      "max_uncertainty": 0.0005844872212037444,
      "mean_uncertainty": 0.0005152652156539261
    },
    "29": {
      "size": 7,
      "selected_id": 556,
      "max_uncertainty": 0.0007114066393114626,
      "mean_uncertainty": 0.000579271640162915
    },
    "30": {
      "size": 3,
      "selected_id": 971,
      "max_uncertainty": 0.0008010541787371039,
      "mean_uncertainty": 0.0007374050910584629
    },
    "31": {
      "size": 3,
      "selected_id": 760,
      "max_uncertainty": 0.0007427313830703497,
      "mean_uncertainty": 0.0006734277121722698
    },
    "32": {
      "size": 3,
      "selected_id": 808,
      "max_uncertainty": 0.0008872803300619125,
      "mean_uncertainty": 0.0006014143582433462
    },
    "33": {
      "size": 4,
      "selected_id": 876,
      "max_uncertainty": 0.0010389415547251701,
      "mean_uncertainty": 0.0007650238694623113
    },
    "34": {
      "size": 5,
      "selected_id": 385,
      "max_uncertainty": 0.000562547123990953,
      "mean_uncertainty": 0.0005119843408465385
    },
    "35": {
      "size": 6,
      "selected_id": 340,