{
  "selected_ids": [
    343,
    151,
    877,
    231,
    957,
    396,
    383,
    934,
    452,
    147,
    482,
    137,
    460,
    697,
    310,
    850,
    219,
    183,
    783,
    961,
    403,
    730,
    855,
    744,
    192,
    614,
    176,
    607,
    995,
    391,
    326,
    487,
    685,
    969,
    567,
    778,
    926,
    484,
    948,
    543,
    382,
    526,
    703,
    592,
    441,
    533,
    784,
    170,
    164,
    836,
    987,
    668,
    973,
    519,
    319,
    999,
    919,
    486,
    950,
    814,
    962,
    928,
    745,
    602
  ],
  "uncertainties": [
    0.002915180753916502,
    0.004692659713327885,
    0.0032051941379904747,
    0.002997412346303463,
    0.0028983629308640957,
    0.003933658357709646,
    0.0028835388366132975,
    0.0026598514523357153,
    0.004211046267300844,
    0.002875586273148656,
    0.0063240984454751015,
    0.003821421880275011,
    0.003602355718612671,
    0.003031900618225336,
    0.004612443968653679,
    0.0031603225506842136,
    0.0024032408837229013,
    0.0033181614708155394,
    0.00475108390673995,
    0.0026817270554602146,
    0.0030711174476891756,
    0.002966074738651514,
    0.003512933384627104,
    0.0034192604944109917,
    0.0027739773504436016,
    0.0026360303163528442,
    0.003874861402437091,
    0.0033043238800019026,
    0.0032557668164372444,
    0.00424705445766449,
    0.0022558183409273624,
    0.002540184883400798,
    0.004144387785345316,
    0.0028997366316616535,
    0.0037258302327245474,
    0.0050200228579342365,
    0.0032878625206649303,
    0.00568980909883976,
    0.004269189666956663,
    0.003493743948638439,
    0.004524360876530409,
    0.003746964270249009,
    0.0035103666596114635,
    0.00319760013371706,
    0.004487125668674707,
    0.0024091568775475025,
    0.002381938975304365,
    0.002964027225971222,
    0.0028457804583013058,
    0.004614473320543766,
    0.004488097969442606,
    0.0028802957385778427,
    0.0031072122510522604,
    0.004150706343352795,
    0.003159800311550498,
    0.004179687239229679,
    0.0024518948048353195,
    0.004340973682701588,
    0.003028695937246084,
    0.002808069344609976,
    0.0032114172354340553,
    0.005231501534581184,
    0.004000160843133926,
    0.0022734790109097958
  ],
  "topk_size": 64,
  "n_clusters": 64,
  "cluster_stats": {
    "0": {
      "size": 7,
      "selected_id": 343,
      "max_uncertainty": 0.002915180753916502,
      "mean_uncertainty": 0.0023382992949336767
    },
    "1": {
      "size": 4,
      "selected_id": 151,
      "max_uncertainty": 0.004692659713327885,
      "mean_uncertainty": 0.0041387444362044334
    },
    "2": {
      "size": 5,
      "selected_id": 877,
      "max_uncertainty": 0.0032051941379904747,
      "mean_uncertainty": 0.002697764430195093
    },
    "3": {
      "size": 2,
      "selected_id": 231,
      "max_uncertainty": 0.002997412346303463,
      "mean_uncertainty": 0.0024819173850119114
    },
    "4": {
      "size": 4,
      "selected_id": 957,
      "max_uncertainty": 0.0028983629308640957,
      "mean_uncertainty": 0.002486834768205881
    },
    "5": {
      "size": 10,
      "selected_id": 396,
      "max_uncertainty": 0.003933658357709646,
      "mean_uncertainty": 0.002881050808355212
    },
    "6": {
      "size": 5,
      "selected_id": 383,
      "max_uncertainty": 0.0028835388366132975,
      "mean_uncertainty": 0.0025168408174067736
    },
    "7": {
      "size": 7,
      "selected_id": 934,
      "max_uncertainty": 0.0026598514523357153,
      "mean_uncertainty": 0.002461765194311738
    },
    "8": {
      "size": 10,
      "selected_id": 452,
      "max_uncertainty": 0.004211046267300844,
      "mean_uncertainty": 0.003403275040909648
    },
    "9": {
      "size": 7,
      "selected_id": 147,
      "max_uncertainty": 0.002875586273148656,
      "mean_uncertainty": 0.002265114802867174
    },
    "10": {
      "size": 8,
      "selected_id": 482,
      "max_uncertainty": 0.0063240984454751015,
      "mean_uncertainty": 0.003831433830782771
    },
    "11": {
      "size": 2,
      "selected_id": 137,
      "max_uncertainty": 0.003821421880275011,
      "mean_uncertainty": 0.0032886378467082977
    },
    "12": {
      "size": 5,
      "selected_id": 460,
      "max_uncertainty": 0.003602355718612671,
      "mean_uncertainty": 0.002606496913358569
    },
    "13": {
      "size": 10,
      "selected_id": 697,
      "max_uncertainty": 0.003031900618225336,
      "mean_uncertainty": 0.0024628890678286552
    },
    "14": {
      "size": 6,
      "selected_id": 310,
      "max_uncertainty": 0.004612443968653679,
      "mean_uncertainty": 0.004107802640646696
    },
    "15": {
      "size": 6,
      "selected_id": 850,
      "max_uncertainty": 0.0031603225506842136,
      "mean_uncertainty": 0.0024024276062846184
    },
    "16": {
      "size": 9,
      "selected_id": 219,
      "max_uncertainty": 0.0024032408837229013,
      "mean_uncertainty": 0.0020814768504351377
    },
    "17": {
      "size": 5,
      "selected_id": 183,
      "max_uncertainty": 0.0033181614708155394,
      "mean_uncertainty": 0.0027556661516427994
    },
    "18": {
      "size": 5,
      "selected_id": 783,
      "max_uncertainty": 0.00475108390673995,
      "mean_uncertainty": 0.003441341919824481
    },
    "19": {
      "size": 3,
      "selected_id": 961,
      "max_uncertainty": 0.0026817270554602146,
      "mean_uncertainty": 0.002241801703348756
    },
    "20": {
      "size": 7,
      "selected_id": 403,
      "max_uncertainty": 0.0030711174476891756,
      "mean_uncertainty": 0.002532260026782751
    },
    "21": {
      "size": 7,
      "selected_id": 730,
      "max_uncertainty": 0.002966074738651514,
      "mean_uncertainty": 0.0022837489377707243
    },
    "22": {
      "size": 6,
      "selected_id": 855,
      "max_uncertainty": 0.003512933384627104,
      "mean_uncertainty": 0.0027286566328257322
    },
    "23": {
      "size": 3,
      "selected_id": 744,
      "max_uncertainty": 0.0034192604944109917,
      "mean_uncertainty": 0.002968059154227376
    },
    "24": {
      "size": 7,
      "selected_id": 192,
      "max_uncertainty": 0.0027739773504436016,
      "mean_uncertainty": 0.0023587760515511036
    },
    "25": {
      "size": 5,
      "selected_id": 614,
      "max_uncertainty": 0.0026360303163528442,
      "mean_uncertainty": 0.0022730103228241205
    },
    "26": {
      "size": 2,
      "selected_id": 176,
      "max_uncertainty": 0.003874861402437091,
      "mean_uncertainty": 0.0037820739671587944
    },
    "27": {
      "size": 13,
      "selected_id": 607,
      "max_uncertainty": 0.0033043238800019026,
      "mean_uncertainty": 0.0025649736635386944
    },
    "28": {
      "size": 5,
      "selected_id": 995,
      "max_uncertainty": 0.0032557668164372444,
      "mean_uncertainty": 0.0028472598642110825
    },
    "29": {
      "size": 5,
      "selected_id": 391,
      "max_uncertainty": 0.00424705445766449,
      "mean_uncertainty": 0.0035287830978631973
    },
    "30": {
      "size": 7,
      "selected_id": 326,
      "max_uncertainty": 0.0022558183409273624,
      "mean_uncertainty": 0.0020054453052580357
    },
    "31": {
      "size": 6,
      "selected_id": 487,
      "max_uncertainty": 0.002540184883400798,
      "mean_uncertainty": 0.0022414654958993196
    },
    "32": {
      "size": 5,
      "selected_id": 685,
      "max_uncertainty": 0.004144387785345316,
      "mean_uncertainty": 0.003068340942263603
    },
    "33": {
      "size": 9,
      "selected_id": 969,
      "max_uncertainty": 0.0028997366316616535,
      "mean_uncertainty": 0.0021364667918533087
    },
    "34": {
      "size": 3,
      "selected_id": 567,
      "max_uncertainty": 0.0037258302327245474,
      "mean_uncertainty": 0.003336842404678464
    },
    "35": {
      "size": 7,
      "selected_id": 778,
      "max_uncertainty": 0.0050200228579342365,