{
  "selected_ids": [
    362,
    386,
    965,
    710,
    918,
    557,
    538,
    888,
    749,
    937,
    856,
    683,
    347,
    586,
    673,
    426,
    208,
    883,
    384,
    941,
    740,
    320,
    938,
    949,
    921,
    143,
    414,
    711,
    260,
    823,
    630,
    816,
    416,
    605,
    417,
    304,
    708,
    204,
    330,
    495,
    581,
    729,
    160,
    180,
    235,
    795,
    953,
    518,
    702,
    165,
    765,
    782,
    959,
    900,
    406,
    335,
    780,
    866,
    468,
    897,
    345,
    489,
    626,
    561
  ],
  "uncertainties": [
    0.001165006309747696,
    0.0017523372080177069,
    0.0011584681924432516,
    0.0019162122625857592,
    0.00111372338142246,
    0.0014859505463391542,
    0.0009460101719014347,
    0.0017329268157482147,
    0.0011909533059224486,
    0.0009530152310617268,
    0.001441056141629815,
    0.001256448682397604,
    0.002074857708066702,
    0.001131061464548111,
    0.0018741696840152144,
    0.0008884254493750632,
    0.0009546724613755941,
    0.0020256550051271915,
    0.0010774133261293173,
    0.0010777981951832771,
    0.0015102589968591928,
    0.0011233673430979252,
    0.0018176476005464792,
    0.0014247152721509337,
    0.0013236422091722488,
    0.0018353352788835764,
    0.0014749576803296804,
    0.0015349577879533172,
    0.0016111645381897688,
    0.0009747832082211971,
    0.0019164180848747492,
    0.0010312823578715324,
    0.0016016243025660515,
    0.001043636235408485,
    0.0018742859829217196,
    0.00215614284388721,
    0.0015658518532291055,
    0.0014200604055076838,
    0.0009229772840626538,
    0.0013469438999891281,
    0.0009381521376781166,
    0.0020878296345472336,
    0.0009168761898763478,
    0.00113010685890913,
    0.001118942047469318,
    0.0013696921523660421,
    0.0009044542093761265,
    0.0009331234032288194,
    0.0012064144248142838,
    0.0009752850164659321,
    0.0015152060659602284,
    0.0010333298705518246,
    0.0017257912550121546,
    0.0018099872395396233,
    0.0011124456068500876,
    0.0013203113339841366,
    0.0009787408635020256,
    0.00143844960257411,
    0.0010760363657027483,
    0.0017549339681863785,
    0.0010334218386560678,
    0.0014816599432379007,
    0.0023399482015520334,
    0.0019406676292419434
  ],
  "topk_size": 64,
  "n_clusters": 64,
  "cluster_stats": {
    "0": {
      "size": 5,
      "selected_id": 362,
      "max_uncertainty": 0.001165006309747696,
      "mean_uncertainty": 0.0010728249326348305
    },
    "1": {
      "size": 3,
      "selected_id": 386,
      "max_uncertainty": 0.0017523372080177069,
      "mean_uncertainty": 0.001334886415861547
    },
    "2": {
      "size": 4,
      "selected_id": 965,
      "max_uncertainty": 0.0011584681924432516,
      "mean_uncertainty": 0.0010074966121464968
    },
    "3": {
      "size": 8,
      "selected_id": 710,
      "max_uncertainty": 0.0019162122625857592,
      "mean_uncertainty": 0.001039100345224142
    },
    "4": {
      "size": 6,
      "selected_id": 918,
      "max_uncertainty": 0.00111372338142246,
      "mean_uncertainty": 0.0009692393359728158
    },
    "5": {
      "size": 5,
      "selected_id": 557,
      "max_uncertainty": 0.0014859505463391542,
      "mean_uncertainty": 0.0010811409447342157
    },
    "6": {
      "size": 5,
      "selected_id": 538,
      "max_uncertainty": 0.0009460101719014347,
      "mean_uncertainty": 0.0008423688123002648
    },
    "7": {
      "size": 3,
      "selected_id": 888,
      "max_uncertainty": 0.0017329268157482147,
      "mean_uncertainty": 0.0014127780450507998
    },
    "8": {
      "size": 5,
      "selected_id": 749,
      "max_uncertainty": 0.0011909533059224486,
      "mean_uncertainty": 0.0010624360293149948
    },
    "9": {
      "size": 5,
      "selected_id": 937,
      "max_uncertainty": 0.0009530152310617268,
      "mean_uncertainty": 0.0008666403591632843
    },
    "10": {
      "size": 2,
      "selected_id": 856,
      "max_uncertainty": 0.001441056141629815,
      "mean_uncertainty": 0.0012833804357796907
    },
    "11": {
      "size": 5,
      "selected_id": 683,
      "max_uncertainty": 0.001256448682397604,
      "mean_uncertainty": 0.0009490422671660781
    },
    "12": {
      "size": 5,
      "selected_id": 347,
      "max_uncertainty": 0.002074857708066702,
      "mean_uncertainty": 0.0015545865753665566
    },
    "13": {
      "size": 6,
      "selected_id": 586,
      "max_uncertainty": 0.001131061464548111,
      "mean_uncertainty": 0.0010002183262258768
    },
    "14": {
      "size": 2,
      "selected_id": 673,
      "max_uncertainty": 0.0018741696840152144,
      "mean_uncertainty": 0.001671950682066381
    },
    "15": {
      "size": 4,
      "selected_id": 426,
      "max_uncertainty": 0.0008884254493750632,
      "mean_uncertainty": 0.0008495525107719004
    },
    "16": {
      "size": 3,
      "selected_id": 208,
      "max_uncertainty": 0.0009546724613755941,
      "mean_uncertainty": 0.0009115392458625138
    },
    "17": {
      "size": 5,
      "selected_id": 883,
      "max_uncertainty": 0.0020256550051271915,
      "mean_uncertainty": 0.0016649384051561356
    },
    "18": {
      "size": 9,
      "selected_id": 384,
      "max_uncertainty": 0.0010774133261293173,
      "mean_uncertainty": 0.0009535580174997449
    },
    "19": {
      "size": 6,
      "selected_id": 941,
      "max_uncertainty": 0.0010777981951832771,
      "mean_uncertainty": 0.0009490274242125452
    },
    "20": {
      "size": 3,
      "selected_id": 740,
      "max_uncertainty": 0.0015102589968591928,
      "mean_uncertainty": 0.0010545434197410941
    },
    "21": {
      "size": 5,
      "selected_id": 320,
      "max_uncertainty": 0.0011233673430979252,
      "mean_uncertainty": 0.0009905140614137053
    },
    "22": {
      "size": 5,
      "selected_id": 938,
      "max_uncertainty": 0.0018176476005464792,
      "mean_uncertainty": 0.0014661464374512434
    },
    "23": {
      "size": 5,
      "selected_id": 949,
      "max_uncertainty": 0.0014247152721509337,
      "mean_uncertainty": 0.0010645169531926513
    },
    "24": {
      "size": 7,
      "selected_id": 921,
      "max_uncertainty": 0.0013236422091722488,
      "mean_uncertainty": 0.0011249445378780365
    },
    "25": {
      "size": 1,
      "selected_id": 143,
      "max_uncertainty": 0.0018353352788835764,
      "mean_uncertainty": 0.0018353352788835764
    },
    "26": {
      "size": 5,
      "selected_id": 414,
      "max_uncertainty": 0.0014749576803296804,
      "mean_uncertainty": 0.0010486552491784096
    },
    "27": {
      "size": 7,
      "selected_id": 711,
      "max_uncertainty": 0.0015349577879533172,
      "mean_uncertainty": 0.0010147830471396446
    },
    "28": {
      "size": 7,
      "selected_id": 260,
      "max_uncertainty": 0.0016111645381897688,
      "mean_uncertainty": 0.0011668454390019178
    },
    "29": {
      "size": 6,
      "selected_id": 823,
      "max_uncertainty": 0.0009747832082211971,
      "mean_uncertainty": 0.00089974794536829
    },
    "30": {
      "size": 8,
      "selected_id": 630,
      "max_uncertainty": 0.0019164180848747492,
      "mean_uncertainty": 0.0012536621652543545
    },
    "31": {
      "size": 5,
      "selected_id": 816,
      "max_uncertainty": 0.0010312823578715324,
      "mean_uncertainty": 0.0009159502806141973
    },
    "32": {
      "size": 4,
      "selected_id": 416,
      "max_uncertainty": 0.0016016243025660515,
      "mean_uncertainty": 0.0014372370205819607
    },
    "33": {
      "size": 3,
      "selected_id": 605,
      "max_uncertainty": 0.001043636235408485,
      "mean_uncertainty": 0.0009293965995311737
    },
    "34": {
      "size": 9,
      "selected_id": 417,
      "max_uncertainty": 0.0018742859829217196,
      "mean_uncertainty": 0.001390337129123509
    },
    "35": {
      "size": 4,
      "selected_id": 304,