{
  "selected_ids": [
    785,
    596,
    989,
    624,
    430,
    501,
    422,
    498,
    502,
    713,
    589,
    431,
    442,
    750,
    129,
    852,
    751,
    540,
    547,
    132,
    835,
    478,
    209,
    966,
    371,
    638,
    909,
    409,
    960,
    339,
    804,
    933,
    646,
    807,
    886,
    889,
    594,
    810,
    844,
    916,
    910,
    314,
    834,
    859,
    360,
    522,
    827,
    645,
    534,
    318,
    669,
    870,
    236,
    527,
    756,
    945,
    144,
    514,
    657,
    587,
    140,
    660,
    412,
    444
  ],
  "uncertainties": [
    0.0007510363357141614,
    0.0003982354828622192,
    0.00039840565295889974,
    0.0007281478028744459,
    0.0005546153988689184,
    0.0004911997239105403,
    0.0003684926778078079,
    0.0005186472553759813,
    0.000522118411026895,
    0.00047724691103212535,
    0.0006968489615246654,
    0.000639538571704179,
    0.0006976145086809993,
    0.0006434955867007375,
    0.0005411400925368071,
    0.0005011351313441992,
    0.0005320401978679001,
    0.0006714154733344913,
    0.0006969877285882831,
    0.001016725436784327,
    0.0006334659410640597,
    0.0004686281899921596,
    0.0005438256775960326,
    0.0005846557905897498,
    0.00045776061597280204,
    0.0004480933421291411,
    0.0007707419572398067,
    0.0005896406946703792,
    0.0006448031053878367,
    0.0006367932073771954,
    0.0005336051108315587,
    0.00038591030170209706,
    0.0005625839694403112,
    0.00046030833618715405,
    0.0006291376776061952,
    0.000619926315266639,
    0.0005882815457880497,
    0.0005615445552393794,
    0.0005488322931341827,
    0.0004712541413027793,
    0.00040907220682129264,
    0.0005986369797028601,
    0.0006035119295120239,
    0.0006139683537185192,
    0.00036410411121323705,
    0.000562769768293947,
    0.00037824141327291727,
    0.0006702978862449527,
    0.0004645572043955326,
    0.000998073723167181,
    0.0004520929651334882,
    0.00041985342977568507,
    0.0005036528455093503,
    0.0003701407113112509,
    0.00045146956108510494,
    0.0005997460102662444,
    0.0010676076635718346,
    0.00048585550393909216,
    0.0005296739982441068,
    0.0006098587764427066,
    0.0005215227138251066,
    0.0004697653348557651,
    0.0006193049484863877,
    0.000929762318264693
  ],
  "topk_size": 64,
  "n_clusters": 64,
  "cluster_stats": {
    "0": {
      "size": 4,
      "selected_id": 785,
      "max_uncertainty": 0.0007510363357141614,
      "mean_uncertainty": 0.0006692236638627946
    },
    "1": {
      "size": 3,
      "selected_id": 596,
      "max_uncertainty": 0.0003982354828622192,
      "mean_uncertainty": 0.0003796187520492822
    },
    "2": {
      "size": 2,
      "selected_id": 989,
      "max_uncertainty": 0.00039840565295889974,
      "mean_uncertainty": 0.00039563453174196184
    },
    "3": {
      "size": 5,
      "selected_id": 624,
      "max_uncertainty": 0.0007281478028744459,
      "mean_uncertainty": 0.0005929511971771717
    },
    "4": {
      "size": 2,
      "selected_id": 430,
      "max_uncertainty": 0.0005546153988689184,
      "mean_uncertainty": 0.0005264128558337688
    },
    "5": {
      "size": 2,
      "selected_id": 501,
      "max_uncertainty": 0.0004911997239105403,
      "mean_uncertainty": 0.0004735469410661608
    },
    "6": {
      "size": 1,
      "selected_id": 422,
      "max_uncertainty": 0.0003684926778078079,
      "mean_uncertainty": 0.0003684926778078079
    },
    "7": {
      "size": 4,
      "selected_id": 498,
      "max_uncertainty": 0.0005186472553759813,
      "mean_uncertainty": 0.00048131734365597367
    },
    "8": {
      "size": 4,
      "selected_id": 502,
      "max_uncertainty": 0.000522118411026895,
      "mean_uncertainty": 0.0004664941516239196
    },
    "9": {
      "size": 3,
      "selected_id": 713,
      "max_uncertainty": 0.00047724691103212535,
      "mean_uncertainty": 0.0004649623588193208
    },
    "10": {
      "size": 2,
      "selected_id": 589,
      "max_uncertainty": 0.0006968489615246654,
      "mean_uncertainty": 0.0006268817814998329
    },
    "11": {
      "size": 1,
      "selected_id": 431,
      "max_uncertainty": 0.000639538571704179,
      "mean_uncertainty": 0.000639538571704179
    },
    "12": {
      "size": 4,
      "selected_id": 442,
      "max_uncertainty": 0.0006976145086809993,
      "mean_uncertainty": 0.0005704525974579155
    },
    "13": {
      "size": 4,
      "selected_id": 750,
      "max_uncertainty": 0.0006434955867007375,
      "mean_uncertainty": 0.0004572860198095441
    },
    "14": {
      "size": 4,
      "selected_id": 129,
      "max_uncertainty": 0.0005411400925368071,
      "mean_uncertainty": 0.00048431684263050556
    },
    "15": {
      "size": 5,
      "selected_id": 852,
      "max_uncertainty": 0.0005011351313441992,
      "mean_uncertainty": 0.0004396407457534224
    },
    "16": {
      "size": 2,
      "selected_id": 751,
      "max_uncertainty": 0.0005320401978679001,
      "mean_uncertainty": 0.0005020631360821426
    },
    "17": {
      "size": 3,
      "selected_id": 540,
      "max_uncertainty": 0.0006714154733344913,
      "mean_uncertainty": 0.0006168282125145197
    },
    "18": {
      "size": 6,
      "selected_id": 547,
      "max_uncertainty": 0.0006969877285882831,
      "mean_uncertainty": 0.0006185885285958648
    },
    "19": {
      "size": 4,
      "selected_id": 132,
      "max_uncertainty": 0.001016725436784327,
      "mean_uncertainty": 0.0008608812349848449
    },
    "20": {
      "size": 5,
      "selected_id": 835,
      "max_uncertainty": 0.0006334659410640597,
      "mean_uncertainty": 0.0004860553308390081
    },
    "21": {
      "size": 3,
      "selected_id": 478,
      "max_uncertainty": 0.0004686281899921596,
      "mean_uncertainty": 0.0004208348982501775
    },
    "22": {
      "size": 4,
      "selected_id": 209,
      "max_uncertainty": 0.0005438256775960326,
      "mean_uncertainty": 0.00047267868649214506
    },
    "23": {
      "size": 3,
      "selected_id": 966,
      "max_uncertainty": 0.0005846557905897498,
      "mean_uncertainty": 0.0005069142207503319
    },
    "24": {
      "size": 3,
      "selected_id": 371,
      "max_uncertainty": 0.00045776061597280204,
      "mean_uncertainty": 0.0004234644293319434
    },
    "25": {
      "size": 2,
      "selected_id": 638,
      "max_uncertainty": 0.0004480933421291411,
      "mean_uncertainty": 0.0004221369745209813
    },
    "26": {
      "size": 7,
      "selected_id": 909,
      "max_uncertainty": 0.0007707419572398067,
      "mean_uncertainty": 0.0004948354908265173
    },
    "27": {
      "size": 3,
      "selected_id": 409,
      "max_uncertainty": 0.0005896406946703792,
      "mean_uncertainty": 0.00048632468678988516
    },
    "28": {
      "size": 4,
      "selected_id": 960,
      "max_uncertainty": 0.0006448031053878367,
      "mean_uncertainty": 0.0005712884594686329
    },
    "29": {
      "size": 5,
      "selected_id": 339,
      "max_uncertainty": 0.0006367932073771954,
      "mean_uncertainty": 0.0005155467079021037
    },
    "30": {
      "size": 3,
      "selected_id": 804,
      "max_uncertainty": 0.0005336051108315587,
      "mean_uncertainty": 0.00045676412992179394
    },
    "31": {
      "size": 2,
      "selected_id": 933,
      "max_uncertainty": 0.00038591030170209706,
      "mean_uncertainty": 0.0003851595101878047
    },
    "32": {
      "size": 4,
      "selected_id": 646,
      "max_uncertainty": 0.0005625839694403112,
      "mean_uncertainty": 0.0004578198422677815
    },
    "33": {
      "size": 7,
      "selected_id": 807,
      "max_uncertainty": 0.00046030833618715405,
      "mean_uncertainty": 0.00041927097481675446
    },
    "34": {
      "size": 2,
      "selected_id": 886,
      "max_uncertainty": 0.0006291376776061952,
      "mean_uncertainty": 0.0005631542298942804
    },
    "35": {
      "size": 3,