{
  "variables": {
    "x_0": {
      "min": 0.0227120731338604,
      "max": 0.8585979199113825,
      "range": 0.8358858467775221
    },
    "x_1": {
      "min": 0.0073622697510055,
      "max": 0.9618976645495144,
      "range": 0.9545353947985089
    }
  },
  "outputs": {
    "y_0": {
      "mean": 0.15504942016107207,
      "std": 0.9591547385591873
    },
    "y_1": {
      "mean": 0.2388878485855641,
      "std": 1.117064924245933
    }
  }
}
