{
  "variables": {
    "x_0": {
      "min": 0.0073144562930156,
      "max": 0.9975800372629172,
      "range": 0.9902655809699016
    },
    "x_1": {
      "min": 0.0296072891286132,
      "max": 0.9991047304742386,
      "range": 0.9694974413456254
    },
    "x_2": {
      "min": 0.0016607076748005,
      "max": 0.9970346578375732,
      "range": 0.9953739501627726
    },
    "x_3": {
      "min": 0.0073622697510055,
      "max": 0.9903216643262726,
      "range": 0.982959394575267
    },
    "x_4": {
      "min": 0.0045001249396591,
      "max": 0.9818059475425356,
      "range": 0.9773058226028765
    },
    "x_5": {
      "min": 0.0012330625119081,
      "max": 0.9954644725836372,
      "range": 0.9942314100717291
    }
  },
  "outputs": {
    "ts_0_0": {
      "mean": -0.07315727841203085,
      "std": 0.8999323579351279
    },
    "ts_0_1": {
      "mean": -0.09934515193454564,
      "std": 0.7618371028511602
    },
    "ts_1_0": {
      "mean": -0.03420384956272613,
      "std": 0.802537149414538
    },
    "ts_1_1": {
      "mean": 0.0621042936506488,
      "std": 0.7212685913685023
    },
    "ts_2_0": {
      "mean": 0.0968851514251839,
      "std": 0.6244207161647993
    },
    "ts_2_1": {
      "mean": 0.06701969775421869,
      "std": 0.6251724226452788
    },
    "ts_3_0": {
      "mean": -0.004691896586588222,
      "std": 0.5865613212837282
    },
    "ts_3_1": {
      "mean": -0.04538516623240767,
      "std": 0.5433305772852195
    },
    "ts_4_0": {
      "mean": -0.037838535231124966,
      "std": 0.5288946315646289
    },
    "ts_4_1": {
      "mean": -0.011445715897603188,
      "std": 0.47423315519577797
    },
    "ts_5_0": {
      "mean": 0.010032870807464934,
      "std": 0.408706870636734
    },
    "ts_5_1": {
      "mean": 0.01686984549918284,
      "std": 0.43496197298381195
    },
    "ts_6_0": {
      "mean": -0.008177543390471527,
      "std": 0.4059633805531902
    },
    "ts_6_1": {
      "mean": -0.040683120528321653,
      "std": 0.3790208701047464
    },
    "ts_7_0": {
      "mean": -0.020352568782308185,
      "std": 0.41566932365395765
    },
    "ts_7_1": {
      "mean": -0.002726162849089489,
      "std": 0.3694234976452545
    },
    "ts_8_0": {
      "mean": 0.0071778999798561725,
      "std": 0.38240819545755517
    },
    "ts_8_1": {
      "mean": -0.007213830209564346,
      "std": 0.4181371442622941
    },
    "ts_9_0": {
      "mean": -0.05102251471941151,
      "std": 0.3069958778609485
    },
    "ts_9_1": {
      "mean": -0.05425926700155067,
      "std": 0.31166696589025533
    },
    "ts_10_0": {
      "mean": -0.01633164356387023,
      "std": 0.33278071676092047
    },
    "ts_10_1": {
      "mean": 0.033869183904468116,
      "std": 0.2597946492588929
    },
    "ts_11_0": {
      "mean": 0.06529538646234286,
      "std": 0.3241679285661611
    },
    "ts_11_1": {
      "mean": 0.04884793952843938,
      "std": 0.35909099599403566
    },
    "ts_12_0": {
      "mean": 0.02142595371488849,
      "std": 0.2861050160073038
    },
    "ts_12_1": {
      "mean": -0.010990110275481775,
      "std": 0.2997289595476869
    },
    "ts_13_0": {
      "mean": -0.015476210294406557,
      "std": 0.28948777802181536
    },
    "ts_13_1": {
      "mean": 0.0029525272936431275,
      "std": 0.25809024350142734
    },
    "ts_14_0": {
      "mean": 0.01993981145743443,
      "std": 0.3074196075246676
    },
    "ts_14_1": {
      "mean": 0.020105550357918514,
      "std": 0.27788630095172356
    },
    "ts_15_0": {
      "mean": -0.012081330051872691,
      "std": 0.23713631790886885
    },
    "ts_15_1": {
      "mean": -0.031113391283370033,
      "std": 0.3043055670852255
    },
    "ts_16_0": {
      "mean": -0.02910412301943634,
      "std": 0.2818872552643853
    },
    "ts_16_1": {
      "mean": 0.002771830522334984,
      "std": 0.23003828287461667
    },
    "ts_17_0": {
      "mean": 0.033043754880011926,
      "std": 0.2628250882564408
    },
    "ts_17_1": {
      "mean": 0.036876134095211184,
      "std": 0.2174795291484633
    },
    "ts_18_0": {
      "mean": 0.002844015284203135,
      "std": 0.20029251813924007
    },
    "ts_18_1": {
      "mean": -0.034695130167422705,
      "std": 0.2821455206249802
    },
    "ts_19_0": {
      "mean": -0.042665062768321695,
      "std": 0.2854370584354574
    },
    "ts_19_1": {
      "mean": -0.03012175887481191,
      "std": 0.23174877390487952
    },
    "ts_20_0": {
      "mean": 0.006899458183568106,
      "std": 0.2175959418059152
    },
    "ts_20_1": {
      "mean": 0.028383123569617884,
      "std": 0.19879831826633454
    },
    "ts_21_0": {
      "mean": 0.01587628460618771,
      "std": 0.21751258407310092
    },
    "ts_21_1": {
      "mean": -0.012467419542279298,
      "std": 0.24368706927013734
    },
    "ts_22_0": {
      "mean": -0.02216724570713409,
      "std": 0.2239679872794967
    },
    "ts_22_1": {
      "mean": -0.025569623381099565,
      "std": 0.20712493160511827
    },
    "ts_23_0": {
      "mean": 0.001822765208725206,
      "std": 0.2160717395169736
    },
    "ts_23_1": {
      "mean": 0.011477688697160966,
      "std": 0.2206907361049873
    },
    "ts_24_0": {
      "mean": 0.0030314355777130903,
      "std": 0.23183945667908165
    },
    "ts_24_1": {
      "mean": -0.016032961229802484,
      "std": 0.2319295180929854
    },
    "ts_25_0": {
      "mean": -0.07884023097370531,
      "std": 0.9046673962826887
    },
    "ts_25_1": {
      "mean": -0.10916452159910471,
      "std": 0.7723243957845313
    },
    "ts_26_0": {
      "mean": -0.04046956416610874,
      "std": 0.8176672228574725
    },
    "ts_26_1": {
      "mean": 0.048269485265468266,
      "std": 0.7311232466126751
    },
    "ts_27_0": {
      "mean": 0.10096915990274895,
      "std": 0.623019940603225
    },
    "ts_27_1": {
      "mean": 0.061270254314093595,
      "std": 0.6112865948020845
    },
    "ts_28_0": {
      "mean": -0.004087221355694851,
      "std": 0.5842331658252385
    },
    "ts_28_1": {
      "mean": -0.04489686417090846,
      "std": 0.5374428279508117
    },
    "ts_29_0": {
      "mean": -0.05149120586926959,
      "std": 0.5171218226279342
    },
    "ts_29_1": {
      "mean": -0.011268696542815758,
      "std": 0.47599233786600686
    },
    "ts_30_0": {
      "mean": 0.02382309516293512,
      "std": 0.4173947305931076
    },
    "ts_30_1": {
      "mean": 0.02116710257491696,
      "std": 0.4338049068184393
    },
    "ts_31_0": {
      "mean": -0.011320691479839662,
      "std": 0.40015840834116045
    },
    "ts_31_1": {
      "mean": -0.021851913694332287,
      "std": 0.3851923363183349
    },
    "ts_32_0": {
      "mean": -0.024257341988275234,
      "std": 0.42371235603982377
    },
    "ts_32_1": {
      "mean": -0.0010794184673951729,
      "std": 0.37135057319676545
    },
    "ts_33_0": {
      "mean": 0.008758714307446668,
      "std": 0.384621729829281
    },
    "ts_33_1": {
      "mean": -0.017923600384412906,
      "std": 0.41631539398660017
    },
    "ts_34_0": {
      "mean": -0.04457915845467045,
      "std": 0.31351022164708087
    },
    "ts_34_1": {
      "mean": -0.05416701520463861,
      "std": 0.2914765135930195
    },
    "ts_35_0": {
      "mean": -0.024173357010203175,
      "std": 0.320784305657992
    },
    "ts_35_1": {
      "mean": 0.03762526676603955,
      "std": 0.25684887340845947
    },
    "ts_36_0": {
      "mean": 0.06351901760600864,
      "std": 0.3268372516921625
    },
    "ts_36_1": {
      "mean": 0.04823800012480791,
      "std": 0.3589456895619812
    },
    "ts_37_0": {
      "mean": 0.013427245146853286,
      "std": 0.28849481332941534
    },
    "ts_37_1": {
      "mean": -0.01152120303441175,
      "std": 0.2993025567614347
    },
    "ts_38_0": {
      "mean": -0.013646831277126814,
      "std": 0.2886728475262872
    },
    "ts_38_1": {
      "mean": 0.008440664647582188,
      "std": 0.23757898430895433
    },