{
  "selected_ids": [
    474,
    811,
    883,
    1979,
    1603,
    1920,
    530,
    1045,
    1536,
    1771,
    1791,
    1830,
    1403,
    967,
    403,
    379,
    1331,
    1792,
    754,
    1290,
    1615,
    1776,
    1069,
    1777,
    733,
    618,
    1014,
    1914,
    562,
    1392,
    1189,
    1419,
    1909,
    1117,
    1024,
    1877,
    1007,
    1368,
    1241,
    626,
    648,
    1733,
    794,
    1970,
    668,
    1072,
    1585,
    1575,
    1053,
    1445,
    1501,
    1406,
    1581,
    585,
    1284,
    540,
    1845,
    1795,
    835,
    1283,
    556,
    667,
    1096,
    1627
  ],
  "uncertainties": [
    0.0008070821641013026,
    0.0007550661102868617,
    0.0006322534754872322,
    0.0009994624415412545,
    0.0010237079113721848,
    0.0006190548883751035,
    0.0008032213663682342,
    0.0009109799866564572,
    0.0006667029811069369,
    0.0009853200754150748,
    0.0010126485722139478,
    0.0008459874079562724,
    0.000956500880420208,
    0.0006344578578136861,
    0.0007817989680916071,
    0.0006734270718879998,
    0.0007450829725712538,
    0.0011593333911150694,
    0.0010220311814919114,
    0.000789499026723206,
    0.0007313714013434947,
    0.0006861381116323173,
    0.0011669604573398829,
    0.0006485847989097238,
    0.0007352827815338969,
    0.0012880431022495031,
    0.0008302874630317092,
    0.0012437707046046853,
    0.0010321841109544039,
    0.0007151327445171773,
    0.0013538566417992115,
    0.0006540251197293401,
    0.0009636072209104896,
    0.0006935358978807926,
    0.0006664001848548651,
    0.0007028342224657536,
    0.0009689332218840718,
    0.0007804025080986321,
    0.000749103375710547,
    0.0010164055274799466,
    0.0010504601523280144,
    0.0007002323400229216,
    0.0006715008057653904,
    0.0007090980652719736,
    0.000944752711802721,
    0.0006717831711284816,
    0.0006322704721242189,
    0.0008888255106285214,
    0.0006350988405756652,
    0.0010027096141129732,
    0.000626389984972775,
    0.0005975306266918778,
    0.0007423039060086012,
    0.0011828651186078787,
    0.0008847539429552853,
    0.0006612030556425452,
    0.0008778133778832853,
    0.0006664041429758072,
    0.0006755740032531321,
    0.001073864521458745,
    0.0010275139939039946,
    0.0008626214694231749,
    0.0011176352854818106,
    0.0009603326907381415
  ],
  "topk_size": 64,
  "n_clusters": 64,
  "cluster_stats": {
    "0": {
      "size": 3,
      "selected_id": 474,
      "max_uncertainty": 0.0008070821641013026,
      "mean_uncertainty": 0.0007044991361908615
    },
    "1": {
      "size": 12,
      "selected_id": 811,
      "max_uncertainty": 0.0007550661102868617,
      "mean_uncertainty": 0.0006061483290977776
    },
    "2": {
      "size": 7,
      "selected_id": 883,
      "max_uncertainty": 0.0006322534754872322,
      "mean_uncertainty": 0.0005700512556359172
    },
    "3": {
      "size": 9,
      "selected_id": 1979,
      "max_uncertainty": 0.0009994624415412545,
      "mean_uncertainty": 0.0007626787992194295
    },
    "4": {
      "size": 8,
      "selected_id": 1603,
      "max_uncertainty": 0.0010237079113721848,
      "mean_uncertainty": 0.000790222198702395
    },
    "5": {
      "size": 6,
      "selected_id": 1920,
      "max_uncertainty": 0.0006190548883751035,
      "mean_uncertainty": 0.0005553466617129743
    },
    "6": {
      "size": 13,
      "selected_id": 530,
      "max_uncertainty": 0.0008032213663682342,
      "mean_uncertainty": 0.0006062385509721935
    },
    "7": {
      "size": 9,
      "selected_id": 1045,
      "max_uncertainty": 0.0009109799866564572,
      "mean_uncertainty": 0.0007359322626143694
    },
    "8": {
      "size": 19,
      "selected_id": 1536,
      "max_uncertainty": 0.0006667029811069369,
      "mean_uncertainty": 0.0005571591900661588
    },
    "9": {
      "size": 4,
      "selected_id": 1771,
      "max_uncertainty": 0.0009853200754150748,
      "mean_uncertainty": 0.0008970169583335519
    },
    "10": {
      "size": 10,
      "selected_id": 1791,
      "max_uncertainty": 0.0010126485722139478,
      "mean_uncertainty": 0.000837779778521508
    },
    "11": {
      "size": 8,
      "selected_id": 1830,
      "max_uncertainty": 0.0008459874079562724,
      "mean_uncertainty": 0.0006196279427967966
    },
    "12": {
      "size": 22,
      "selected_id": 1403,
      "max_uncertainty": 0.000956500880420208,
      "mean_uncertainty": 0.0007057834882289171
    },
    "13": {
      "size": 16,
      "selected_id": 967,
      "max_uncertainty": 0.0006344578578136861,
      "mean_uncertainty": 0.0005778564373031259
    },
    "14": {
      "size": 22,
      "selected_id": 403,
      "max_uncertainty": 0.0007817989680916071,
      "mean_uncertainty": 0.0006189459236338735
    },
    "15": {
      "size": 7,
      "selected_id": 379,
      "max_uncertainty": 0.0006734270718879998,
      "mean_uncertainty": 0.0005691801779903471
    },
    "16": {
      "size": 6,
      "selected_id": 1331,
      "max_uncertainty": 0.0007450829725712538,
      "mean_uncertainty": 0.0006336315418593585
    },
    "17": {
      "size": 11,
      "selected_id": 1792,
      "max_uncertainty": 0.0011593333911150694,
      "mean_uncertainty": 0.0006572612910531461
    },
    "18": {
      "size": 16,
      "selected_id": 754,
      "max_uncertainty": 0.0010220311814919114,
      "mean_uncertainty": 0.0007700708811171353
    },
    "19": {
      "size": 14,
      "selected_id": 1290,
      "max_uncertainty": 0.000789499026723206,
      "mean_uncertainty": 0.0006199957570061088
    },
    "20": {
      "size": 11,
      "selected_id": 1615,
      "max_uncertainty": 0.0007313714013434947,
      "mean_uncertainty": 0.0006276624626480043
    },
    "21": {
      "size": 12,
      "selected_id": 1776,
      "max_uncertainty": 0.0006861381116323173,
      "mean_uncertainty": 0.0005884244455955923
    },
    "22": {
      "size": 10,
      "selected_id": 1069,
      "max_uncertainty": 0.0011669604573398829,
      "mean_uncertainty": 0.0008921052212826908
    },
    "23": {
      "size": 4,
      "selected_id": 1777,
      "max_uncertainty": 0.0006485847989097238,
      "mean_uncertainty": 0.0006048840004950762
    },
    "24": {
      "size": 17,
      "selected_id": 733,
      "max_uncertainty": 0.0007352827815338969,
      "mean_uncertainty": 0.0006282621761783957
    },
    "25": {
      "size": 9,
      "selected_id": 618,
      "max_uncertainty": 0.0012880431022495031,
      "mean_uncertainty": 0.0008982994477264583
    },
    "26": {
      "size": 6,
      "selected_id": 1014,
      "max_uncertainty": 0.0008302874630317092,
      "mean_uncertainty": 0.0006625858950428665
    },
    "27": {
      "size": 9,
      "selected_id": 1914,
      "max_uncertainty": 0.0012437707046046853,
      "mean_uncertainty": 0.0009168914402835071
    },
    "28": {
      "size": 12,
      "selected_id": 562,
      "max_uncertainty": 0.0010321841109544039,
      "mean_uncertainty": 0.0007406437653116882
    },
    "29": {
      "size": 7,
      "selected_id": 1392,
      "max_uncertainty": 0.0007151327445171773,
      "mean_uncertainty": 0.0005685699870809913
    },
    "30": {
      "size": 16,
      "selected_id": 1189,
      "max_uncertainty": 0.0013538566417992115,
      "mean_uncertainty": 0.0006974803982302547
    },
    "31": {
      "size": 8,
      "selected_id": 1419,
      "max_uncertainty": 0.0006540251197293401,
      "mean_uncertainty": 0.0005512170027941465
    },
    "32": {
      "size": 18,
      "selected_id": 1909,
      "max_uncertainty": 0.0009636072209104896,
      "mean_uncertainty": 0.0007509805727750063
    },
    "33": {
      "size": 7,
      "selected_id": 1117,
      "max_uncertainty": 0.0006935358978807926,
      "mean_uncertainty": 0.0005904660210944712
    },
    "34": {
      "size": 7,
      "selected_id": 1024,
      "max_uncertainty": 0.0006664001848548651,