{
  "selected_ids": [
    798,
    1190,
    1758,
    609,
    1318,
    295,
    1718,
    1883,
    647,
    723,
    1171,
    1799,
    1382,
    1542,
    1950,
    588,
    448,
    1278,
    1031,
    1359,
    1365,
    1377,
    439,
    1559,
    1528,
    1781,
    502,
    914,
    1049,
    702,
    1315,
    1479,
    1203,
    847,
    409,
    628,
    1805,
    1517,
    1843,
    418,
    1855,
    1328,
    1505,
    1425,
    662,
    1440,
    981,
    1637,
    829,
    711,
    1208,
    301,
    353,
    414,
    1011,
    627,
    658,
    837,
    669,
    1073,
    555,
    310,
    1340,
    1816
  ],
  "uncertainties": [
    0.0005350491264835,
    0.0005346270045265555,
    0.0005702946800738573,
    0.0006372408242896199,
    0.0006236720364540815,
    0.0005483721033670008,
    0.0006120006437413394,
    0.0009712035534903407,
    0.00045442741247825325,
    0.0005172062665224075,
    0.0005924657452851534,
    0.0006024072063155472,
    0.0005228418158367276,
    0.00041340698953717947,
    0.0006690314039587975,
    0.0005666775396093726,
    0.0004618364619091153,
    0.0005605930928140879,
    0.0005198420258238912,
    0.0006095514982007444,
    0.0007290990324690938,
    0.0008107286412268877,
    0.0005890985485166311,
    0.0006049775402061641,
    0.000747784913983196,
    0.0005096675595268607,
    0.00045944872545078397,
    0.0005866499268449843,
    0.0006400272250175476,
    0.0006855902611277997,
    0.0005027396255172789,
    0.0005683128256350756,
    0.0006107867229729891,
    0.0005637042922899127,
    0.0007849523099139333,
    0.0006758174276910722,
    0.0006736114155501127,
    0.000839170184917748,
    0.0006538515444844961,
    0.0006915491539984941,
    0.0008016625652089715,
    0.0005755871534347534,
    0.0004866057133767754,
    0.0008133416995406151,
    0.000671236717607826,
    0.0004620141116902232,
    0.0005152434459887445,
    0.0004921738291159272,
    0.0009059491567313671,
    0.0005218298174440861,
    0.0005747044342570007,
    0.0006927544018253684,
    0.0005275961593724787,
    0.0005770772695541382,
    0.0007451844867318869,
    0.0004886712413281202,
    0.0009003269951790571,
    0.0007448134711012244,
    0.00048670178512111306,
    0.0006915025878697634,
    0.0008247736841440201,
    0.0004660181584767997,
    0.0006108718225732446,
    0.0005488715833052993
  ],
  "topk_size": 64,
  "n_clusters": 64,
  "cluster_stats": {
    "0": {
      "size": 10,
      "selected_id": 798,
      "max_uncertainty": 0.0005350491264835,
      "mean_uncertainty": 0.00046306601143442094
    },
    "1": {
      "size": 10,
      "selected_id": 1190,
      "max_uncertainty": 0.0005346270045265555,
      "mean_uncertainty": 0.0004533770843409002
    },
    "2": {
      "size": 15,
      "selected_id": 1758,
      "max_uncertainty": 0.0005702946800738573,
      "mean_uncertainty": 0.0004718030395451933
    },
    "3": {
      "size": 8,
      "selected_id": 609,
      "max_uncertainty": 0.0006372408242896199,
      "mean_uncertainty": 0.0004936145269311965
    },
    "4": {
      "size": 12,
      "selected_id": 1318,
      "max_uncertainty": 0.0006236720364540815,
      "mean_uncertainty": 0.0005146011826582253
    },
    "5": {
      "size": 14,
      "selected_id": 295,
      "max_uncertainty": 0.0005483721033670008,
      "mean_uncertainty": 0.00043465016642585397
    },
    "6": {
      "size": 10,
      "selected_id": 1718,
      "max_uncertainty": 0.0006120006437413394,
      "mean_uncertainty": 0.00047351684770546854
    },
    "7": {
      "size": 12,
      "selected_id": 1883,
      "max_uncertainty": 0.0009712035534903407,
      "mean_uncertainty": 0.0006821153219789267
    },
    "8": {
      "size": 10,
      "selected_id": 647,
      "max_uncertainty": 0.00045442741247825325,
      "mean_uncertainty": 0.00040521504706703126
    },
    "9": {
      "size": 10,
      "selected_id": 723,
      "max_uncertainty": 0.0005172062665224075,
      "mean_uncertainty": 0.00041693117236718535
    },
    "10": {
      "size": 5,
      "selected_id": 1171,
      "max_uncertainty": 0.0005924657452851534,
      "mean_uncertainty": 0.0004982281243428588
    },
    "11": {
      "size": 11,
      "selected_id": 1799,
      "max_uncertainty": 0.0006024072063155472,
      "mean_uncertainty": 0.000480492104543373
    },
    "12": {
      "size": 10,
      "selected_id": 1382,
      "max_uncertainty": 0.0005228418158367276,
      "mean_uncertainty": 0.0004473042208701372
    },
    "13": {
      "size": 9,
      "selected_id": 1542,
      "max_uncertainty": 0.00041340698953717947,
      "mean_uncertainty": 0.00039531808579340577
    },
    "14": {
      "size": 10,
      "selected_id": 1950,
      "max_uncertainty": 0.0006690314039587975,
      "mean_uncertainty": 0.0004630052426364273
    },
    "15": {
      "size": 8,
      "selected_id": 588,
      "max_uncertainty": 0.0005666775396093726,
      "mean_uncertainty": 0.0004683900624513626
    },
    "16": {
      "size": 10,
      "selected_id": 448,
      "max_uncertainty": 0.0004618364619091153,
      "mean_uncertainty": 0.00040643406100571156
    },
    "17": {
      "size": 13,
      "selected_id": 1278,
      "max_uncertainty": 0.0005605930928140879,
      "mean_uncertainty": 0.00045385395060293376
    },
    "18": {
      "size": 7,
      "selected_id": 1031,
      "max_uncertainty": 0.0005198420258238912,
      "mean_uncertainty": 0.0004283134767320007
    },
    "19": {
      "size": 10,
      "selected_id": 1359,
      "max_uncertainty": 0.0006095514982007444,
      "mean_uncertainty": 0.0005023105186410248
    },
    "20": {
      "size": 10,
      "selected_id": 1365,
      "max_uncertainty": 0.0007290990324690938,
      "mean_uncertainty": 0.00046787195606157184
    },
    "21": {
      "size": 5,
      "selected_id": 1377,
      "max_uncertainty": 0.0008107286412268877,
      "mean_uncertainty": 0.0006207277765497565
    },
    "22": {
      "size": 9,
      "selected_id": 439,
      "max_uncertainty": 0.0005890985485166311,
      "mean_uncertainty": 0.00048057030653581023
    },
    "23": {
      "size": 5,
      "selected_id": 1559,
      "max_uncertainty": 0.0006049775402061641,
      "mean_uncertainty": 0.0005749174160882831
    },
    "24": {
      "size": 7,
      "selected_id": 1528,
      "max_uncertainty": 0.000747784913983196,
      "mean_uncertainty": 0.0005793318850919604
    },
    "25": {
      "size": 9,
      "selected_id": 1781,
      "max_uncertainty": 0.0005096675595268607,
      "mean_uncertainty": 0.00045693438732996583
    },
    "26": {
      "size": 5,
      "selected_id": 502,
      "max_uncertainty": 0.00045944872545078397,
      "mean_uncertainty": 0.00040524438372813165
    },
    "27": {
      "size": 7,
      "selected_id": 914,
      "max_uncertainty": 0.0005866499268449843,
      "mean_uncertainty": 0.0004756455309689045
    },
    "28": {
      "size": 8,
      "selected_id": 1049,
      "max_uncertainty": 0.0006400272250175476,
      "mean_uncertainty": 0.0004634862707462162
    },
    "29": {
      "size": 6,
      "selected_id": 702,
      "max_uncertainty": 0.0006855902611277997,
      "mean_uncertainty": 0.0005445651477202773
    },
    "30": {
      "size": 11,
      "selected_id": 1315,
      "max_uncertainty": 0.0005027396255172789,
      "mean_uncertainty": 0.0004109388100914657
    },
    "31": {
      "size": 7,
      "selected_id": 1479,
      "max_uncertainty": 0.0005683128256350756,
      "mean_uncertainty": 0.00047531287418678403
    },
    "32": {
      "size": 7,
      "selected_id": 1203,
      "max_uncertainty": 0.0006107867229729891,
      "mean_uncertainty": 0.00043073351844213903
    },
    "33": {
      "size": 15,
      "selected_id": 847,
      "max_uncertainty": 0.0005637042922899127,
      "mean_uncertainty": 0.00045452473568730056
    },
    "34": {
      "size": 10,
      "selected_id": 409,
      "max_uncertainty": 0.0007849523099139333,