{
  "selected_ids": [
    1106,
    581,
    839,
    578,
    779,
    571,
    943,
    1600,
    531,
    1927,
    757,
    1251,
    1012,
    899,
    621,
    1545,
    500,
    1746,
    1571,
    1015,
    1513,
    1111,
    400,
    610,
    515,
    387,
    1757,
    709,
    632,
    1823,
    425,
    1921,
    1672,
    1273,
    1956,
    891,
    1807,
    1313,
    1530,
    880,
    303,
    380,
    566,
    1929,
    450,
    782,
    1404,
    349,
    1454,
    773,
    1612,
    477,
    342,
    1088,
    1767,
    586,
    1131,
    949,
    1944,
    1213,
    1778,
    640,
    1695,
    308
  ],
  "uncertainties": [
    0.0026673474349081516,
    0.0020192554220557213,
    0.0022432333789765835,
    0.004770428873598576,
    0.0030464574228972197,
    0.003723513800650835,
    0.0018879103008657694,
    0.0029747742228209972,
    0.0024063230957835913,
    0.0016496891621500254,
    0.0018958509899675846,
    0.003245073836296797,
    0.0020674390252679586,
    0.0017907789442688227,
    0.002288991818204522,
    0.0023615648970007896,
    0.002086963038891554,
    0.0037778429687023163,
    0.002848148113116622,
    0.002844402799382806,
    0.002004863228648901,
    0.00276175350882113,
    0.002775557106360793,
    0.0029525936115533113,
    0.002743098419159651,
    0.0034846789203584194,
    0.0022811759263277054,
    0.002496306085959077,
    0.0027494882233440876,
    0.0033029653131961823,
    0.002666714135557413,
    0.002347053959965706,
    0.002133583649992943,
    0.001869899220764637,
    0.002491653896868229,
    0.002671844558790326,
    0.00324452668428421,
    0.0022163833491504192,
    0.0016979195643216372,
    0.003553378861397505,
    0.0029810171108692884,
    0.00481753796339035,
    0.002645913977175951,
    0.002429962158203125,
    0.002307714894413948,
    0.00198222603648901,
    0.0029109688475728035,
    0.0025785549078136683,
    0.0021613617427647114,
    0.003514553653076291,
    0.00432270672172308,
    0.0020194407552480698,
    0.0037506765220314264,
    0.0019188241567462683,
    0.0016532368026673794,
    0.0017738379538059235,
    0.0025788876228034496,
    0.0029151071794331074,
    0.0027516689151525497,
    0.0019590603187680244,
    0.0030324901454150677,
    0.002624972490593791,
    0.003073878586292267,
    0.0028060951735824347
  ],
  "topk_size": 64,
  "n_clusters": 64,
  "cluster_stats": {
    "0": {
      "size": 8,
      "selected_id": 1106,
      "max_uncertainty": 0.0026673474349081516,
      "mean_uncertainty": 0.001990429824218154
    },
    "1": {
      "size": 16,
      "selected_id": 581,
      "max_uncertainty": 0.0020192554220557213,
      "mean_uncertainty": 0.0016002270858734846
    },
    "2": {
      "size": 24,
      "selected_id": 839,
      "max_uncertainty": 0.0022432333789765835,
      "mean_uncertainty": 0.0016344093019142747
    },
    "3": {
      "size": 14,
      "selected_id": 578,
      "max_uncertainty": 0.004770428873598576,
      "mean_uncertainty": 0.0025781833101063967
    },
    "4": {
      "size": 15,
      "selected_id": 779,
      "max_uncertainty": 0.0030464574228972197,
      "mean_uncertainty": 0.0021898294799029827
    },
    "5": {
      "size": 14,
      "selected_id": 571,
      "max_uncertainty": 0.003723513800650835,
      "mean_uncertainty": 0.002335976343601942
    },
    "6": {
      "size": 12,
      "selected_id": 943,
      "max_uncertainty": 0.0018879103008657694,
      "mean_uncertainty": 0.0015280168736353517
    },
    "7": {
      "size": 7,
      "selected_id": 1600,
      "max_uncertainty": 0.0029747742228209972,
      "mean_uncertainty": 0.002678878605365753
    },
    "8": {
      "size": 6,
      "selected_id": 531,
      "max_uncertainty": 0.0024063230957835913,
      "mean_uncertainty": 0.0020071868784725666
    },
    "9": {
      "size": 6,
      "selected_id": 1927,
      "max_uncertainty": 0.0016496891621500254,
      "mean_uncertainty": 0.0014732592971995473
    },
    "10": {
      "size": 21,
      "selected_id": 757,
      "max_uncertainty": 0.0018958509899675846,
      "mean_uncertainty": 0.0015180176123976707
    },
    "11": {
      "size": 29,
      "selected_id": 1251,
      "max_uncertainty": 0.003245073836296797,
      "mean_uncertainty": 0.0023349628318101168
    },
    "12": {
      "size": 19,
      "selected_id": 1012,
      "max_uncertainty": 0.0020674390252679586,
      "mean_uncertainty": 0.0015978909796103835
    },
    "13": {
      "size": 8,
      "selected_id": 899,
      "max_uncertainty": 0.0017907789442688227,
      "mean_uncertainty": 0.0015572919510304928
    },
    "14": {
      "size": 28,
      "selected_id": 621,
      "max_uncertainty": 0.002288991818204522,
      "mean_uncertainty": 0.0016833661356940866
    },
    "15": {
      "size": 18,
      "selected_id": 1545,
      "max_uncertainty": 0.0023615648970007896,
      "mean_uncertainty": 0.0018897147383540869
    },
    "16": {
      "size": 22,
      "selected_id": 500,
      "max_uncertainty": 0.002086963038891554,
      "mean_uncertainty": 0.0015267909038811922
    },
    "17": {
      "size": 10,
      "selected_id": 1746,
      "max_uncertainty": 0.0037778429687023163,
      "mean_uncertainty": 0.0029664686881005764
    },
    "18": {
      "size": 8,
      "selected_id": 1571,
      "max_uncertainty": 0.002848148113116622,
      "mean_uncertainty": 0.002016286598518491
    },
    "19": {
      "size": 14,
      "selected_id": 1015,
      "max_uncertainty": 0.002844402799382806,
      "mean_uncertainty": 0.002171915490180254
    },
    "20": {
      "size": 27,
      "selected_id": 1513,
      "max_uncertainty": 0.002004863228648901,
      "mean_uncertainty": 0.001533736940473318
    },
    "21": {
      "size": 5,
      "selected_id": 1111,
      "max_uncertainty": 0.00276175350882113,
      "mean_uncertainty": 0.0020803494844585657
    },
    "22": {
      "size": 17,
      "selected_id": 400,
      "max_uncertainty": 0.002775557106360793,
      "mean_uncertainty": 0.0019537571351975203
    },
    "23": {
      "size": 9,
      "selected_id": 610,
      "max_uncertainty": 0.0029525936115533113,
      "mean_uncertainty": 0.0020438951905816793
    },
    "24": {
      "size": 11,
      "selected_id": 515,
      "max_uncertainty": 0.002743098419159651,
      "mean_uncertainty": 0.0021490396466106176
    },
    "25": {
      "size": 8,
      "selected_id": 387,
      "max_uncertainty": 0.0034846789203584194,
      "mean_uncertainty": 0.0027941283769905567
    },
    "26": {
      "size": 7,
      "selected_id": 1757,
      "max_uncertainty": 0.0022811759263277054,
      "mean_uncertainty": 0.001840646262280643
    },
    "27": {
      "size": 16,
      "selected_id": 709,
      "max_uncertainty": 0.002496306085959077,
      "mean_uncertainty": 0.0016858851304277778
    },
    "28": {
      "size": 12,
      "selected_id": 632,
      "max_uncertainty": 0.0027494882233440876,
      "mean_uncertainty": 0.0021070719230920076
    },
    "29": {
      "size": 18,
      "selected_id": 1823,
      "max_uncertainty": 0.0033029653131961823,
      "mean_uncertainty": 0.002005899092182517
    },
    "30": {
      "size": 17,
      "selected_id": 425,
      "max_uncertainty": 0.002666714135557413,
      "mean_uncertainty": 0.0019091757712885737
    },
    "31": {
      "size": 10,
      "selected_id": 1921,
      "max_uncertainty": 0.002347053959965706,
      "mean_uncertainty": 0.001768395071849227
    },
    "32": {
      "size": 9,
      "selected_id": 1672,
      "max_uncertainty": 0.002133583649992943,
      "mean_uncertainty": 0.001593682449311018
    },
    "33": {
      "size": 12,
      "selected_id": 1273,
      "max_uncertainty": 0.001869899220764637,
      "mean_uncertainty": 0.0014560591662302613
    },
    "34": {
      "size": 15,
      "selected_id": 1956,
      "max_uncertainty": 0.002491653896868229,
      "mean_uncertainty": 0.0018926659831777215
    },
    "35": {
      "size": 9,
      "selected_id": 891,