{
  "selected_ids": [
    1078,
    879,
    564,
    806,
    1638,
    1899,
    1664,
    1397,
    264,
    494,
    1826,
    1492,
    1674,
    361,
    1150,
    1939,
    1225,
    1991,
    957,
    454,
    1891,
    1172,
    1439,
    397,
    1413,
    1784,
    312,
    1511,
    1844,
    1729,
    1296,
    1036,
    1931,
    1311,
    366,
    1747,
    1153,
    861,
    488,
    583,
    887,
    1048,
    613,
    1527,
    1878,
    724,
    936,
    1572,
    815,
    1582,
    732,
    1475,
    825,
    1953,
    1616,
    1651,
    547,
    1459,
    1033,
    1882,
    1881,
    1617,
    352,
    1904
  ],
  "uncertainties": [
    0.00047199142863973975,
    0.00036814180202782154,
    0.0005794106982648373,
    0.0005991850048303604,
    0.0005226221401244402,
    0.0005191235104575753,
    0.0006107246736064553,
    0.0006121213082224131,
    0.0004698507545981556,
    0.0004983415128663182,
    0.00045495288213714957,
    0.0004989018198102713,
    0.0004725632315967232,
    0.0005758530460298061,
    0.0005775018944405019,
    0.0005825936095789075,
    0.00043747766176238656,
    0.0005111262435093522,
    0.0005477485246956348,
    0.0006121639744378626,
    0.0005539943231269717,
    0.000515928550157696,
    0.0004895434831269085,
    0.0005365093238651752,
    0.0006965420325286686,
    0.0005013481713831425,
    0.0005459577077999711,
    0.0006320596439763904,
    0.0008687055087648332,
    0.0007245465531013906,
    0.0005942824063822627,
    0.0005297461175359786,
    0.00043977139284834266,
    0.0005570957437157631,
    0.0005440037348307669,
    0.000733241206035018,
    0.00041890848660841584,
    0.0006433551316149533,
    0.0005156295374035835,
    0.000538949272595346,
    0.0005066873272880912,
    0.0005601838929578662,
    0.0004996181232854724,
    0.00048103745211847126,
    0.0005566380568780005,
    0.0004967574495822191,
    0.0005288013489916921,
    0.0005808534333482385,
    0.0005547336768358946,
    0.0008482500561513007,
    0.0005200174637138844,
    0.0005084781441837549,
    0.0005508889444172382,
    0.0005414089537225664,
    0.00042314952588640153,
    0.0004848082026001066,
    0.0007359186420217156,
    0.00045294337905943394,
    0.0006331572076305747,
    0.00041678111301735044,
    0.00046142376959323883,
    0.0005580945871770382,
    0.000878094753716141,
    0.0005510841147042811
  ],
  "topk_size": 64,
  "n_clusters": 64,
  "cluster_stats": {
    "0": {
      "size": 5,
      "selected_id": 1078,
      "max_uncertainty": 0.00047199142863973975,
      "mean_uncertainty": 0.00043661397648975253
    },
    "1": {
      "size": 1,
      "selected_id": 879,
      "max_uncertainty": 0.00036814180202782154,
      "mean_uncertainty": 0.00036814180202782154
    },
    "2": {
      "size": 6,
      "selected_id": 564,
      "max_uncertainty": 0.0005794106982648373,
      "mean_uncertainty": 0.00044177231029607356
    },
    "3": {
      "size": 12,
      "selected_id": 806,
      "max_uncertainty": 0.0005991850048303604,
      "mean_uncertainty": 0.0004958257195539773
    },
    "4": {
      "size": 5,
      "selected_id": 1638,
      "max_uncertainty": 0.0005226221401244402,
      "mean_uncertainty": 0.00045026480802334845
    },
    "5": {
      "size": 1,
      "selected_id": 1899,
      "max_uncertainty": 0.0005191235104575753,
      "mean_uncertainty": 0.0005191235104575753
    },
    "6": {
      "size": 5,
      "selected_id": 1664,
      "max_uncertainty": 0.0006107246736064553,
      "mean_uncertainty": 0.0005276183946989477
    },
    "7": {
      "size": 10,
      "selected_id": 1397,
      "max_uncertainty": 0.0006121213082224131,
      "mean_uncertainty": 0.0005164691829122603
    },
    "8": {
      "size": 6,
      "selected_id": 264,
      "max_uncertainty": 0.0004698507545981556,
      "mean_uncertainty": 0.00042254640720784664
    },
    "9": {
      "size": 4,
      "selected_id": 494,
      "max_uncertainty": 0.0004983415128663182,
      "mean_uncertainty": 0.0004512628947850317
    },
    "10": {
      "size": 2,
      "selected_id": 1826,
      "max_uncertainty": 0.00045495288213714957,
      "mean_uncertainty": 0.0004139646189287305
    },
    "11": {
      "size": 5,
      "selected_id": 1492,
      "max_uncertainty": 0.0004989018198102713,
      "mean_uncertainty": 0.00046324366121552885
    },
    "12": {
      "size": 9,
      "selected_id": 1674,
      "max_uncertainty": 0.0004725632315967232,
      "mean_uncertainty": 0.0004126590210944414
    },
    "13": {
      "size": 15,
      "selected_id": 361,
      "max_uncertainty": 0.0005758530460298061,
      "mean_uncertainty": 0.00046434663818217814
    },
    "14": {
      "size": 12,
      "selected_id": 1150,
      "max_uncertainty": 0.0005775018944405019,
      "mean_uncertainty": 0.0004732792731374502
    },
    "15": {
      "size": 9,
      "selected_id": 1939,
      "max_uncertainty": 0.0005825936095789075,
      "mean_uncertainty": 0.0004541094822343439
    },
    "16": {
      "size": 14,
      "selected_id": 1225,
      "max_uncertainty": 0.00043747766176238656,
      "mean_uncertainty": 0.00040140378405340016
    },
    "17": {
      "size": 10,
      "selected_id": 1991,
      "max_uncertainty": 0.0005111262435093522,
      "mean_uncertainty": 0.000410677632316947
    },
    "18": {
      "size": 5,
      "selected_id": 957,
      "max_uncertainty": 0.0005477485246956348,
      "mean_uncertainty": 0.00048790150322020054
    },
    "19": {
      "size": 10,
      "selected_id": 454,
      "max_uncertainty": 0.0006121639744378626,
      "mean_uncertainty": 0.00047656349488534033
    },
    "20": {
      "size": 14,
      "selected_id": 1891,
      "max_uncertainty": 0.0005539943231269717,
      "mean_uncertainty": 0.00043085560901090503
    },
    "21": {
      "size": 4,
      "selected_id": 1172,
      "max_uncertainty": 0.000515928550157696,
      "mean_uncertainty": 0.00042882803245447576
    },
    "22": {
      "size": 9,
      "selected_id": 1439,
      "max_uncertainty": 0.0004895434831269085,
      "mean_uncertainty": 0.00042577728163450956
    },
    "23": {
      "size": 10,
      "selected_id": 397,
      "max_uncertainty": 0.0005365093238651752,
      "mean_uncertainty": 0.00042018620297312737
    },
    "24": {
      "size": 10,
      "selected_id": 1413,
      "max_uncertainty": 0.0006965420325286686,
      "mean_uncertainty": 0.00048794737085700035
    },
    "25": {
      "size": 8,
      "selected_id": 1784,
      "max_uncertainty": 0.0005013481713831425,
      "mean_uncertainty": 0.00044057637569494545
    },
    "26": {
      "size": 7,
      "selected_id": 312,
      "max_uncertainty": 0.0005459577077999711,
      "mean_uncertainty": 0.0004752958775497973
    },
    "27": {
      "size": 9,
      "selected_id": 1511,
      "max_uncertainty": 0.0006320596439763904,
      "mean_uncertainty": 0.00048117624828591943
    },
    "28": {
      "size": 12,
      "selected_id": 1844,
      "max_uncertainty": 0.0008687055087648332,
      "mean_uncertainty": 0.0005308804684318602
    },
    "29": {
      "size": 8,
      "selected_id": 1729,
      "max_uncertainty": 0.0007245465531013906,
      "mean_uncertainty": 0.0004930455470457673
    },
    "30": {
      "size": 5,
      "selected_id": 1296,
      "max_uncertainty": 0.0005942824063822627,
      "mean_uncertainty": 0.0005270126275718212
    },
    "31": {
      "size": 7,
      "selected_id": 1036,
      "max_uncertainty": 0.0005297461175359786,
      "mean_uncertainty": 0.0004479747440200299
    },
    "32": {
      "size": 4,
      "selected_id": 1931,
      "max_uncertainty": 0.00043977139284834266,
      "mean_uncertainty": 0.00041525610140524805
    },
    "33": {
      "size": 11,
      "selected_id": 1311,
      "max_uncertainty": 0.0005570957437157631,
      "mean_uncertainty": 0.0004301831068005413
    },
    "34": {
      "size": 10,
      "selected_id": 366,
      "max_uncertainty": 0.0005440037348307669,