{
  "selected_ids": [
    1744,
    1175,
    444,
    1164,
    1862,
    1500,
    443,
    1166,
    299,
    1857,
    960,
    1376,
    1655,
    849,
    1495,
    858,
    893,
    1702,
    1815,
    1915,
    888,
    921,
    1490,
    1586,
    1930,
    1977,
    1017,
    1866,
    966,
    1411,
    1901,
    1430,
    1745,
    920,
    1293,
    272,
    1147,
    506,
    263,
    1509,
    1853,
    1369,
    1817,
    1634,
    850,
    1390,
    1989,
    844,
    1265,
    688,
    1550,
    1580,
    1863,
    1415,
    1727,
    986,
    889,
    1522,
    1218,
    1828,
    805,
    459,
    1642,
    804
  ],
  "uncertainties": [
    0.0011942368000745773,
    0.000749848666600883,
    0.00086272566113621,
    0.0011879599187523127,
    0.0010277512483298779,
    0.0007556764176115394,
    0.0009265007684007287,
    0.0012545209610834718,
    0.0007085812976583838,
    0.000899583799764514,
    0.0009755759965628386,
    0.0008866506977938116,
    0.0008644419722259045,
    0.0009083737386390567,
    0.0010073961457237601,
    0.0010493118315935135,
    0.0007261034334078431,
    0.001049743965268135,
    0.0009367426973767579,
    0.0007472818251699209,
    0.000710805063135922,
    0.0010663275606930256,
    0.0006903316825628281,
    0.0008907865267246962,
    0.0008281304035335779,
    0.0012681722873821855,
    0.0007204755675047636,
    0.0009333823109045625,
    0.0016037727473303676,
    0.0009627918479964137,
    0.0010676209349185228,
    0.0006756994407624006,
    0.0011818001512438059,
    0.000948382425121963,
    0.0008090254850685596,
    0.0014555142261087894,
    0.0008580376161262393,
    0.0007939337519928813,
    0.0006684823893010616,
    0.0013413367560133338,
    0.0012275099288672209,
    0.001456267200410366,
    0.0008269844111055136,
    0.0009902375750243664,
    0.0008646441856399179,
    0.000888681213837117,
    0.0011617979034781456,
    0.0010292002698406577,
    0.00099168810993433,
    0.0009721012902446091,
    0.0011575246462598443,
    0.0006731533212587237,
    0.0009668883867561817,
    0.0007317592389881611,
    0.0007008817046880722,
    0.0012577117886394262,
    0.0009889185894280672,
    0.0011847629211843014,
    0.000892299460247159,
    0.0007730780635029078,
    0.0008917832747101784,
    0.0010095522738993168,
    0.0012100625317543745,
    0.0008775308961048722
  ],
  "topk_size": 64,
  "n_clusters": 64,
  "cluster_stats": {
    "0": {
      "size": 8,
      "selected_id": 1744,
      "max_uncertainty": 0.0011942368000745773,
      "mean_uncertainty": 0.0008246467332355678
    },
    "1": {
      "size": 11,
      "selected_id": 1175,
      "max_uncertainty": 0.000749848666600883,
      "mean_uncertainty": 0.0006252219900488853
    },
    "2": {
      "size": 19,
      "selected_id": 444,
      "max_uncertainty": 0.00086272566113621,
      "mean_uncertainty": 0.0006160743650980294
    },
    "3": {
      "size": 4,
      "selected_id": 1164,
      "max_uncertainty": 0.0011879599187523127,
      "mean_uncertainty": 0.0009573131101205945
    },
    "4": {
      "size": 3,
      "selected_id": 1862,
      "max_uncertainty": 0.0010277512483298779,
      "mean_uncertainty": 0.0008979042177088559
    },
    "5": {
      "size": 25,
      "selected_id": 1500,
      "max_uncertainty": 0.0007556764176115394,
      "mean_uncertainty": 0.0006245941040106118
    },
    "6": {
      "size": 10,
      "selected_id": 443,
      "max_uncertainty": 0.0009265007684007287,
      "mean_uncertainty": 0.0007463707006536424
    },
    "7": {
      "size": 11,
      "selected_id": 1166,
      "max_uncertainty": 0.0012545209610834718,
      "mean_uncertainty": 0.0008915039361454546
    },
    "8": {
      "size": 4,
      "selected_id": 299,
      "max_uncertainty": 0.0007085812976583838,
      "mean_uncertainty": 0.0006521985633298755
    },
    "9": {
      "size": 7,
      "selected_id": 1857,
      "max_uncertainty": 0.000899583799764514,
      "mean_uncertainty": 0.0007887725369073451
    },
    "10": {
      "size": 21,
      "selected_id": 960,
      "max_uncertainty": 0.0009755759965628386,
      "mean_uncertainty": 0.0008049668394960463
    },
    "11": {
      "size": 6,
      "selected_id": 1376,
      "max_uncertainty": 0.0008866506977938116,
      "mean_uncertainty": 0.0007293245289474726
    },
    "12": {
      "size": 15,
      "selected_id": 1655,
      "max_uncertainty": 0.0008644419722259045,
      "mean_uncertainty": 0.000639276287984103
    },
    "13": {
      "size": 7,
      "selected_id": 849,
      "max_uncertainty": 0.0009083737386390567,
      "mean_uncertainty": 0.0007259153644554317
    },
    "14": {
      "size": 7,
      "selected_id": 1495,
      "max_uncertainty": 0.0010073961457237601,
      "mean_uncertainty": 0.0007750364602543414
    },
    "15": {
      "size": 10,
      "selected_id": 858,
      "max_uncertainty": 0.0010493118315935135,
      "mean_uncertainty": 0.0007253905641846359
    },
    "16": {
      "size": 11,
      "selected_id": 893,
      "max_uncertainty": 0.0007261034334078431,
      "mean_uncertainty": 0.0006305632996372879
    },
    "17": {
      "size": 11,
      "selected_id": 1702,
      "max_uncertainty": 0.001049743965268135,
      "mean_uncertainty": 0.0008114302763715386
    },
    "18": {
      "size": 13,
      "selected_id": 1815,
      "max_uncertainty": 0.0009367426973767579,
      "mean_uncertainty": 0.0007036737515591085
    },
    "19": {
      "size": 11,
      "selected_id": 1915,
      "max_uncertainty": 0.0007472818251699209,
      "mean_uncertainty": 0.0006050497177056968
    },
    "20": {
      "size": 15,
      "selected_id": 888,
      "max_uncertainty": 0.000710805063135922,
      "mean_uncertainty": 0.0006113452836871147
    },
    "21": {
      "size": 9,
      "selected_id": 921,
      "max_uncertainty": 0.0010663275606930256,
      "mean_uncertainty": 0.0008498383685946465
    },
    "22": {
      "size": 7,
      "selected_id": 1490,
      "max_uncertainty": 0.0006903316825628281,
      "mean_uncertainty": 0.0006180470227263868
    },
    "23": {
      "size": 11,
      "selected_id": 1586,
      "max_uncertainty": 0.0008907865267246962,
      "mean_uncertainty": 0.0007281568250618875
    },
    "24": {
      "size": 14,
      "selected_id": 1930,
      "max_uncertainty": 0.0008281304035335779,
      "mean_uncertainty": 0.0006563249044120312
    },
    "25": {
      "size": 15,
      "selected_id": 1977,
      "max_uncertainty": 0.0012681722873821855,
      "mean_uncertainty": 0.0008651773096062243
    },
    "26": {
      "size": 13,
      "selected_id": 1017,
      "max_uncertainty": 0.0007204755675047636,
      "mean_uncertainty": 0.0006246159318834543
    },
    "27": {
      "size": 12,
      "selected_id": 1866,
      "max_uncertainty": 0.0009333823109045625,
      "mean_uncertainty": 0.0007778369472362101
    },
    "28": {
      "size": 3,
      "selected_id": 966,
      "max_uncertainty": 0.0016037727473303676,
      "mean_uncertainty": 0.0012329267337918282
    },
    "29": {
      "size": 24,
      "selected_id": 1411,
      "max_uncertainty": 0.0009627918479964137,
      "mean_uncertainty": 0.0007434411090798676
    },
    "30": {
      "size": 13,
      "selected_id": 1901,
      "max_uncertainty": 0.0010676209349185228,
      "mean_uncertainty": 0.0008309517870657146
    },
    "31": {
      "size": 16,
      "selected_id": 1430,
      "max_uncertainty": 0.0006756994407624006,
      "mean_uncertainty": 0.0006058872095309198
    },
    "32": {
      "size": 7,
      "selected_id": 1745,
      "max_uncertainty": 0.0011818001512438059,
      "mean_uncertainty": 0.0009030968067236245
    },
    "33": {
      "size": 12,
      "selected_id": 920,
      "max_uncertainty": 0.000948382425121963,
      "mean_uncertainty": 0.0007274672389030457
    },
    "34": {
      "size": 8,
      "selected_id": 1293,
      "max_uncertainty": 0.0008090254850685596,