{
  "selected_ids": [
    795,
    1629,
    1042,
    1068,
    1814,
    1074,
    1028,
    573,
    1485,
    1373,
    1626,
    1658,
    533,
    1503,
    1715,
    785,
    1032,
    348,
    948,
    472,
    1987,
    922,
    1737,
    590,
    1274,
    395,
    1400,
    1119,
    1836,
    868,
    1934,
    1229,
    1579,
    428,
    1227,
    1146,
    1177,
    1619,
    274,
    1321,
    1728,
    1391,
    965,
    746,
    1595,
    1649,
    993,
    763,
    1988,
    315,
    1903,
    485,
    1694,
    698,
    1569,
    1418,
    1453,
    1105,
    589,
    1041,
    1565,
    1755,
    602,
    1135
  ],
  "uncertainties": [
    0.0012352770427241921,
    0.00195473269559443,
    0.0010094575118273497,
    0.0028481606859713793,
    0.0013594938209280372,
    0.0011310629779472947,
    0.002174606081098318,
    0.0016012650448828936,
    0.0011314752046018839,
    0.0011011090828105807,
    0.0017406217521056533,
    0.0014831476146355271,
    0.0014546809252351522,
    0.0015319096855819225,
    0.0014847437851130962,
    0.0011045802384614944,
    0.0017952691996470094,
    0.0014182860031723976,
    0.001672206912189722,
    0.0010561335366219282,
    0.000868901377543807,
    0.0018933885730803013,
    0.0016318093985319138,
    0.0011254551354795694,
    0.0008051913464441895,
    0.0008571048965677619,
    0.001327715115621686,
    0.0016520441276952624,
    0.0013345357729122043,
    0.0010780717711895704,
    0.0010429760441184044,
    0.001171761890873313,
    0.0016745084431022406,
    0.0011768313124775887,
    0.0013785045593976974,
    0.0010789777152240276,
    0.001559375785291195,
    0.001115285325795412,
    0.0017059703823179007,
    0.001144536305218935,
    0.001258293748833239,
    0.0015098246512934566,
    0.0009733664337545633,
    0.0027668054681271315,
    0.001703282119706273,
    0.0014180837897583842,
    0.0010480490745976567,
    0.001426500966772437,
    0.0013726437464356422,
    0.0021778116934001446,
    0.001738166087307036,
    0.0017892911564558744,
    0.0013629109598696232,
    0.0016164809931069613,
    0.0014406144618988037,
    0.001978303072974086,
    0.0010219104588031769,
    0.0010640393011271954,
    0.0013714318629354239,
    0.001251140725798905,
    0.001558384858071804,
    0.001576408976688981,
    0.0011362273944541812,
    0.0010966458357870579
  ],
  "topk_size": 64,
  "n_clusters": 64,
  "cluster_stats": {
    "0": {
      "size": 8,
      "selected_id": 795,
      "max_uncertainty": 0.0012352770427241921,
      "mean_uncertainty": 0.0009888439672067761
    },
    "1": {
      "size": 7,
      "selected_id": 1629,
      "max_uncertainty": 0.00195473269559443,
      "mean_uncertainty": 0.0013886565575376153
    },
    "2": {
      "size": 5,
      "selected_id": 1042,
      "max_uncertainty": 0.0010094575118273497,
      "mean_uncertainty": 0.0009205139940604568
    },
    "3": {
      "size": 11,
      "selected_id": 1068,
      "max_uncertainty": 0.0028481606859713793,
      "mean_uncertainty": 0.0015769466990604997
    },
    "4": {
      "size": 21,
      "selected_id": 1814,
      "max_uncertainty": 0.0013594938209280372,
      "mean_uncertainty": 0.0009678646456450224
    },
    "5": {
      "size": 6,
      "selected_id": 1074,
      "max_uncertainty": 0.0011310629779472947,
      "mean_uncertainty": 0.0009822850115597248
    },
    "6": {
      "size": 23,
      "selected_id": 1028,
      "max_uncertainty": 0.002174606081098318,
      "mean_uncertainty": 0.001220510108396411
    },
    "7": {
      "size": 16,
      "selected_id": 573,
      "max_uncertainty": 0.0016012650448828936,
      "mean_uncertainty": 0.0013497259933501482
    },
    "8": {
      "size": 18,
      "selected_id": 1485,
      "max_uncertainty": 0.0011314752046018839,
      "mean_uncertainty": 0.0009138280875049531
    },
    "9": {
      "size": 11,
      "selected_id": 1373,
      "max_uncertainty": 0.0011011090828105807,
      "mean_uncertainty": 0.0009537965524941683
    },
    "10": {
      "size": 11,
      "selected_id": 1626,
      "max_uncertainty": 0.0017406217521056533,
      "mean_uncertainty": 0.0013415279099717736
    },
    "11": {
      "size": 11,
      "selected_id": 1658,
      "max_uncertainty": 0.0014831476146355271,
      "mean_uncertainty": 0.0010458739707246423
    },
    "12": {
      "size": 17,
      "selected_id": 533,
      "max_uncertainty": 0.0014546809252351522,
      "mean_uncertainty": 0.0011130950879305601
    },
    "13": {
      "size": 18,
      "selected_id": 1503,
      "max_uncertainty": 0.0015319096855819225,
      "mean_uncertainty": 0.0010995934717357159
    },
    "14": {
      "size": 4,
      "selected_id": 1715,
      "max_uncertainty": 0.0014847437851130962,
      "mean_uncertainty": 0.0010615105275064707
    },
    "15": {
      "size": 14,
      "selected_id": 785,
      "max_uncertainty": 0.0011045802384614944,
      "mean_uncertainty": 0.0009036408155225217
    },
    "16": {
      "size": 14,
      "selected_id": 1032,
      "max_uncertainty": 0.0017952691996470094,
      "mean_uncertainty": 0.0013985558180138469
    },
    "17": {
      "size": 15,
      "selected_id": 348,
      "max_uncertainty": 0.0014182860031723976,
      "mean_uncertainty": 0.0010724354069679976
    },
    "18": {
      "size": 10,
      "selected_id": 948,
      "max_uncertainty": 0.001672206912189722,
      "mean_uncertainty": 0.0011474884813651443
    },
    "19": {
      "size": 5,
      "selected_id": 472,
      "max_uncertainty": 0.0010561335366219282,
      "mean_uncertainty": 0.0009182159556075931
    },
    "20": {
      "size": 2,
      "selected_id": 1987,
      "max_uncertainty": 0.000868901377543807,
      "mean_uncertainty": 0.0008424835978075862
    },
    "21": {
      "size": 13,
      "selected_id": 922,
      "max_uncertainty": 0.0018933885730803013,
      "mean_uncertainty": 0.0013211367186158895
    },
    "22": {
      "size": 5,
      "selected_id": 1737,
      "max_uncertainty": 0.0016318093985319138,
      "mean_uncertainty": 0.0013149601873010397
    },
    "23": {
      "size": 9,
      "selected_id": 590,
      "max_uncertainty": 0.0011254551354795694,
      "mean_uncertainty": 0.0008977676625363529
    },
    "24": {
      "size": 4,
      "selected_id": 1274,
      "max_uncertainty": 0.0008051913464441895,
      "mean_uncertainty": 0.0007921549840830266
    },
    "25": {
      "size": 6,
      "selected_id": 395,
      "max_uncertainty": 0.0008571048965677619,
      "mean_uncertainty": 0.0008124550222419202
    },
    "26": {
      "size": 8,
      "selected_id": 1400,
      "max_uncertainty": 0.001327715115621686,
      "mean_uncertainty": 0.0009438874549232423
    },
    "27": {
      "size": 7,
      "selected_id": 1119,
      "max_uncertainty": 0.0016520441276952624,
      "mean_uncertainty": 0.0010610746685415506
    },
    "28": {
      "size": 11,
      "selected_id": 1836,
      "max_uncertainty": 0.0013345357729122043,
      "mean_uncertainty": 0.0009767430601641536
    },
    "29": {
      "size": 10,
      "selected_id": 868,
      "max_uncertainty": 0.0010780717711895704,
      "mean_uncertainty": 0.0008562275907024741
    },
    "30": {
      "size": 9,
      "selected_id": 1934,
      "max_uncertainty": 0.0010429760441184044,
      "mean_uncertainty": 0.0008540878188796341
    },
    "31": {
      "size": 16,
      "selected_id": 1229,
      "max_uncertainty": 0.001171761890873313,
      "mean_uncertainty": 0.0009465701878070831
    },
    "32": {
      "size": 22,
      "selected_id": 1579,
      "max_uncertainty": 0.0016745084431022406,
      "mean_uncertainty": 0.0012488168431445956
    },
    "33": {
      "size": 12,
      "selected_id": 428,
      "max_uncertainty": 0.0011768313124775887,
      "mean_uncertainty": 0.0010246732272207737
    },
    "34": {
      "size": 20,
      "selected_id": 1227,
      "max_uncertainty": 0.0013785045593976974,
      "mean_uncertainty": 0.000981636461801827
    },