{
  "selected_ids": [
    1640,
    1644,
    1035,
    878,
    591,
    551,
    1304,
    748,
    1055,
    1685,
    1240,
    1248,
    744,
    896,
    265,
    1925,
    1584,
    1957,
    419,
    930,
    822,
    1697,
    1299,
    1941,
    1432,
    1451,
    693,
    1821,
    792,
    298,
    787,
    823,
    675,
    1831,
    1410,
    869,
    1174,
    1521,
    769,
    1165,
    715,
    1121,
    1065,
    1510,
    1057,
    1178,
    311,
    1577,
    1553,
    1222,
    1489,
    631,
    1262,
    1194,
    525,
    935,
    1711,
    503,
    1894,
    1446,
    619,
    1306,
    416,
    1122
  ],
  "uncertainties": [
    0.0010247948812320828,
    0.0011070182081311941,
    0.0012457477860152721,
    0.0012453499948605895,
    0.0011054298374801874,
    0.000889880524482578,
    0.0008667863439768553,
    0.0010582237737253308,
    0.0009068442159332335,
    0.0009807362221181393,
    0.0009683966636657715,
    0.0010281068971380591,
    0.0008202432654798031,
    0.0012779288226738572,
    0.001953535946086049,
    0.0013611228205263615,
    0.0012377998791635036,
    0.0017127697356045246,
    0.001153845340013504,
    0.0008550676866434515,
    0.001594365923665464,
    0.0008587496122345328,
    0.001400176202878356,
    0.0010976875200867653,
    0.001515449141152203,
    0.0015062537277117372,
    0.0010554876644164324,
    0.001233295421116054,
    0.0012356685474514961,
    0.001370679005049169,
    0.0015193721046671271,
    0.000848029856570065,
    0.0016924060182645917,
    0.0010216014925390482,
    0.0014585412573069334,
    0.0011276693549007177,
    0.0013139438815414906,
    0.001155031961388886,
    0.0012249406427145004,
    0.0012144582578912377,
    0.00198314618319273,
    0.0019521997310221195,
    0.001303121680393815,
    0.001239173230715096,
    0.0009417099645361304,
    0.0009405979653820395,
    0.0014464161358773708,
    0.0013779689325019717,
    0.001198655809275806,
    0.001541097997687757,
    0.0013175562489777803,
    0.0011062866542488337,
    0.001098995329812169,
    0.0009199089254252613,
    0.0011680833995342255,
    0.0010226895101368427,
    0.0021537719294428825,
    0.000984943239018321,
    0.0010521254735067487,
    0.0012905148323625326,
    0.0008218351285904646,
    0.0008516475791111588,
    0.0014820336364209652,
    0.0016645353753119707
  ],
  "topk_size": 64,
  "n_clusters": 64,
  "cluster_stats": {
    "0": {
      "size": 6,
      "selected_id": 1640,
      "max_uncertainty": 0.0010247948812320828,
      "mean_uncertainty": 0.0008178178104571998
    },
    "1": {
      "size": 13,
      "selected_id": 1644,
      "max_uncertainty": 0.0011070182081311941,
      "mean_uncertainty": 0.0007914860616438091
    },
    "2": {
      "size": 14,
      "selected_id": 1035,
      "max_uncertainty": 0.0012457477860152721,
      "mean_uncertainty": 0.00082815857604146
    },
    "3": {
      "size": 15,
      "selected_id": 878,
      "max_uncertainty": 0.0012453499948605895,
      "mean_uncertainty": 0.0009477345738559961
    },
    "4": {
      "size": 10,
      "selected_id": 591,
      "max_uncertainty": 0.0011054298374801874,
      "mean_uncertainty": 0.0008884554845280945
    },
    "5": {
      "size": 8,
      "selected_id": 551,
      "max_uncertainty": 0.000889880524482578,
      "mean_uncertainty": 0.0007549539441242814
    },
    "6": {
      "size": 3,
      "selected_id": 1304,
      "max_uncertainty": 0.0008667863439768553,
      "mean_uncertainty": 0.0007854680879972875
    },
    "7": {
      "size": 17,
      "selected_id": 748,
      "max_uncertainty": 0.0010582237737253308,
      "mean_uncertainty": 0.0008771701250225306
    },
    "8": {
      "size": 21,
      "selected_id": 1055,
      "max_uncertainty": 0.0009068442159332335,
      "mean_uncertainty": 0.0007964115357026458
    },
    "9": {
      "size": 11,
      "selected_id": 1685,
      "max_uncertainty": 0.0009807362221181393,
      "mean_uncertainty": 0.0007696998654864728
    },
    "10": {
      "size": 5,
      "selected_id": 1240,
      "max_uncertainty": 0.0009683966636657715,
      "mean_uncertainty": 0.0008554449304938316
    },
    "11": {
      "size": 6,
      "selected_id": 1248,
      "max_uncertainty": 0.0010281068971380591,
      "mean_uncertainty": 0.0007945611723698676
    },
    "12": {
      "size": 12,
      "selected_id": 744,
      "max_uncertainty": 0.0008202432654798031,
      "mean_uncertainty": 0.0007404701900668442
    },
    "13": {
      "size": 14,
      "selected_id": 896,
      "max_uncertainty": 0.0012779288226738572,
      "mean_uncertainty": 0.0009364161523990333
    },
    "14": {
      "size": 4,
      "selected_id": 265,
      "max_uncertainty": 0.001953535946086049,
      "mean_uncertainty": 0.0014185084728524089
    },
    "15": {
      "size": 11,
      "selected_id": 1925,
      "max_uncertainty": 0.0013611228205263615,
      "mean_uncertainty": 0.0009270688751712441
    },
    "16": {
      "size": 20,
      "selected_id": 1584,
      "max_uncertainty": 0.0012377998791635036,
      "mean_uncertainty": 0.0008613739046268165
    },
    "17": {
      "size": 10,
      "selected_id": 1957,
      "max_uncertainty": 0.0017127697356045246,
      "mean_uncertainty": 0.001185359782539308
    },
    "18": {
      "size": 12,
      "selected_id": 419,
      "max_uncertainty": 0.001153845340013504,
      "mean_uncertainty": 0.0008710047113709152
    },
    "19": {
      "size": 8,
      "selected_id": 930,
      "max_uncertainty": 0.0008550676866434515,
      "mean_uncertainty": 0.0007325714686885476
    },
    "20": {
      "size": 16,
      "selected_id": 822,
      "max_uncertainty": 0.001594365923665464,
      "mean_uncertainty": 0.0009358861134387553
    },
    "21": {
      "size": 21,
      "selected_id": 1697,
      "max_uncertainty": 0.0008587496122345328,
      "mean_uncertainty": 0.0007251180941238999
    },
    "22": {
      "size": 5,
      "selected_id": 1299,
      "max_uncertainty": 0.001400176202878356,
      "mean_uncertainty": 0.0011233200784772635
    },
    "23": {
      "size": 21,
      "selected_id": 1941,
      "max_uncertainty": 0.0010976875200867653,
      "mean_uncertainty": 0.0008179473807103932
    },
    "24": {
      "size": 11,
      "selected_id": 1432,
      "max_uncertainty": 0.001515449141152203,
      "mean_uncertainty": 0.001180202467367053
    },
    "25": {
      "size": 11,
      "selected_id": 1451,
      "max_uncertainty": 0.0015062537277117372,
      "mean_uncertainty": 0.0009365627192892134
    },
    "26": {
      "size": 12,
      "selected_id": 693,
      "max_uncertainty": 0.0010554876644164324,
      "mean_uncertainty": 0.0008603616151958704
    },
    "27": {
      "size": 9,
      "selected_id": 1821,
      "max_uncertainty": 0.001233295421116054,
      "mean_uncertainty": 0.0008405884727835655
    },
    "28": {
      "size": 14,
      "selected_id": 792,
      "max_uncertainty": 0.0012356685474514961,
      "mean_uncertainty": 0.000983476871624589
    },
    "29": {
      "size": 8,
      "selected_id": 298,
      "max_uncertainty": 0.001370679005049169,
      "mean_uncertainty": 0.0009860449936240911
    },
    "30": {
      "size": 8,
      "selected_id": 787,
      "max_uncertainty": 0.0015193721046671271,
      "mean_uncertainty": 0.001208791509270668
    },
    "31": {
      "size": 16,
      "selected_id": 823,
      "max_uncertainty": 0.000848029856570065,
      "mean_uncertainty": 0.0007616942748427391
    },
    "32": {
      "size": 10,
      "selected_id": 675,
      "max_uncertainty": 0.0016924060182645917,
      "mean_uncertainty": 0.0013387927319854498
    },
    "33": {
      "size": 12,
      "selected_id": 1831,
      "max_uncertainty": 0.0010216014925390482,
      "mean_uncertainty": 0.0008802018710412085
    },
    "34": {
      "size": 11,
      "selected_id": 1410,
      "max_uncertainty": 0.0014585412573069334,
      "mean_uncertainty": 0.0010853179264813662
    },