{
  "selected_ids": [
    510,
    325,
    768,
    1162,
    937,
    1420,
    1907,
    1264,
    862,
    293,
    1422,
    305,
    358,
    1566,
    1156,
    1892,
    1884,
    1806,
    1835,
    1972,
    990,
    923,
    1062,
    1381,
    1856,
    766,
    808,
    1822,
    945,
    544,
    1750,
    774,
    1837,
    1217,
    1564,
    1455,
    1533,
    1452,
    1272,
    1926,
    972,
    1858,
    268,
    1677,
    720,
    1030,
    908,
    1317,
    273,
    1353,
    1188,
    1261,
    491,
    597,
    1860,
    1871,
    892,
    1201,
    1141,
    406,
    1872,
    527,
    371,
    363
  ],
  "uncertainties": [
    0.00066998356487602,
    0.0008397909696213901,
    0.0009508866351097822,
    0.0007276204996742308,
    0.0006973983836360276,
    0.0005491134361363947,
    0.0009129329118877649,
    0.0008587301708757877,
    0.0005417288048192859,
    0.000700200442224741,
    0.0010166956344619393,
    0.0006076896679587662,
    0.0007215408841148019,
    0.0005901819095015526,
    0.0006723867263644934,
    0.0007030613487586379,
    0.000716869835741818,
    0.0005696108564734459,
    0.0006016610423102975,
    0.0006583838257938623,
    0.0010259690461680293,
    0.0007692286162637174,
    0.0007161971880123019,
    0.0005947611061856151,
    0.0006815950619056821,
    0.0006535616121254861,
    0.0005119661218486726,
    0.0007318386342376471,
    0.0011827775742858648,
    0.0006713076145388186,
    0.0005922482814639807,
    0.0007054584566503763,
    0.0008111970964819193,
    0.0006024854374118149,
    0.0006688799476251006,
    0.0009060489828698337,
    0.0008435308700427413,
    0.000583337212447077,
    0.000637769466266036,
    0.0007093567401170731,
    0.0008066156879067421,
    0.0005881954566575587,
    0.0006261678645387292,
    0.0006597978645004332,
    0.0007344972109422088,
    0.0006520677707158029,
    0.0006116306176409125,
    0.0005957964458502829,
    0.0005308070685714483,
    0.0006981929182074964,
    0.0008246899815276265,
    0.0009436432737857103,
    0.0006377763347700238,
    0.0005584910977631807,
    0.0005888370797038078,
    0.001000185264274478,
    0.000974691822193563,
    0.0007338621653616428,
    0.0006138723692856729,
    0.0007525911787524819,
    0.0006419463315978646,
    0.0007038608309812844,
    0.0011367640690878034,
    0.0007403743802569807
  ],
  "topk_size": 64,
  "n_clusters": 64,
  "cluster_stats": {
    "0": {
      "size": 19,
      "selected_id": 510,
      "max_uncertainty": 0.00066998356487602,
      "mean_uncertainty": 0.0005220129387453198
    },
    "1": {
      "size": 9,
      "selected_id": 325,
      "max_uncertainty": 0.0008397909696213901,
      "mean_uncertainty": 0.000714101071935147
    },
    "2": {
      "size": 5,
      "selected_id": 768,
      "max_uncertainty": 0.0009508866351097822,
      "mean_uncertainty": 0.000687391497194767
    },
    "3": {
      "size": 6,
      "selected_id": 1162,
      "max_uncertainty": 0.0007276204996742308,
      "mean_uncertainty": 0.0005616238922812045
    },
    "4": {
      "size": 6,
      "selected_id": 937,
      "max_uncertainty": 0.0006973983836360276,
      "mean_uncertainty": 0.0005432225298136473
    },
    "5": {
      "size": 4,
      "selected_id": 1420,
      "max_uncertainty": 0.0005491134361363947,
      "mean_uncertainty": 0.0005110288038849831
    },
    "6": {
      "size": 9,
      "selected_id": 1907,
      "max_uncertainty": 0.0009129329118877649,
      "mean_uncertainty": 0.0007084268727339804
    },
    "7": {
      "size": 1,
      "selected_id": 1264,
      "max_uncertainty": 0.0008587301708757877,
      "mean_uncertainty": 0.0008587301708757877
    },
    "8": {
      "size": 7,
      "selected_id": 862,
      "max_uncertainty": 0.0005417288048192859,
      "mean_uncertainty": 0.0005124489543959498
    },
    "9": {
      "size": 7,
      "selected_id": 293,
      "max_uncertainty": 0.000700200442224741,
      "mean_uncertainty": 0.0005509359179995954
    },
    "10": {
      "size": 13,
      "selected_id": 1422,
      "max_uncertainty": 0.0010166956344619393,
      "mean_uncertainty": 0.0006995316362008452
    },
    "11": {
      "size": 9,
      "selected_id": 305,
      "max_uncertainty": 0.0006076896679587662,
      "mean_uncertainty": 0.0005092136561870575
    },
    "12": {
      "size": 11,
      "selected_id": 358,
      "max_uncertainty": 0.0007215408841148019,
      "mean_uncertainty": 0.0005554510862566531
    },
    "13": {
      "size": 11,
      "selected_id": 1566,
      "max_uncertainty": 0.0005901819095015526,
      "mean_uncertainty": 0.0005178879946470261
    },
    "14": {
      "size": 7,
      "selected_id": 1156,
      "max_uncertainty": 0.0006723867263644934,
      "mean_uncertainty": 0.0005560760037042201
    },
    "15": {
      "size": 5,
      "selected_id": 1892,
      "max_uncertainty": 0.0007030613487586379,
      "mean_uncertainty": 0.0005703292554244399
    },
    "16": {
      "size": 3,
      "selected_id": 1884,
      "max_uncertainty": 0.000716869835741818,
      "mean_uncertainty": 0.0005836616619490087
    },
    "17": {
      "size": 9,
      "selected_id": 1806,
      "max_uncertainty": 0.0005696108564734459,
      "mean_uncertainty": 0.0004987341817468405
    },
    "18": {
      "size": 12,
      "selected_id": 1835,
      "max_uncertainty": 0.0006016610423102975,
      "mean_uncertainty": 0.0005198970320634544
    },
    "19": {
      "size": 9,
      "selected_id": 1972,
      "max_uncertainty": 0.0006583838257938623,
      "mean_uncertainty": 0.0005525880842469633
    },
    "20": {
      "size": 7,
      "selected_id": 990,
      "max_uncertainty": 0.0010259690461680293,
      "mean_uncertainty": 0.0006449860520660877
    },
    "21": {
      "size": 14,
      "selected_id": 923,
      "max_uncertainty": 0.0007692286162637174,
      "mean_uncertainty": 0.0006470238440670073
    },
    "22": {
      "size": 8,
      "selected_id": 1062,
      "max_uncertainty": 0.0007161971880123019,
      "mean_uncertainty": 0.0005482229753397405
    },
    "23": {
      "size": 11,
      "selected_id": 1381,
      "max_uncertainty": 0.0005947611061856151,
      "mean_uncertainty": 0.0004973926115781069
    },
    "24": {
      "size": 7,
      "selected_id": 1856,
      "max_uncertainty": 0.0006815950619056821,
      "mean_uncertainty": 0.0005655164713971317
    },
    "25": {
      "size": 11,
      "selected_id": 766,
      "max_uncertainty": 0.0006535616121254861,
      "mean_uncertainty": 0.0005280401092022657
    },
    "26": {
      "size": 2,
      "selected_id": 808,
      "max_uncertainty": 0.0005119661218486726,
      "mean_uncertainty": 0.000510759127791971
    },
    "27": {
      "size": 19,
      "selected_id": 1822,
      "max_uncertainty": 0.0007318386342376471,
      "mean_uncertainty": 0.000579682644456625
    },
    "28": {
      "size": 10,
      "selected_id": 945,
      "max_uncertainty": 0.0011827775742858648,
      "mean_uncertainty": 0.0007467240793630481
    },
    "29": {
      "size": 7,
      "selected_id": 544,
      "max_uncertainty": 0.0006713076145388186,
      "mean_uncertainty": 0.0005816798657178879
    },
    "30": {
      "size": 5,
      "selected_id": 1750,
      "max_uncertainty": 0.0005922482814639807,
      "mean_uncertainty": 0.0004932846059091389
    },
    "31": {
      "size": 10,
      "selected_id": 774,
      "max_uncertainty": 0.0007054584566503763,
      "mean_uncertainty": 0.000544089765753597
    },
    "32": {
      "size": 9,
      "selected_id": 1837,
      "max_uncertainty": 0.0008111970964819193,
      "mean_uncertainty": 0.0005829339497722685
    },
    "33": {
      "size": 10,
      "selected_id": 1217,
      "max_uncertainty": 0.0006024854374118149,
      "mean_uncertainty": 0.0005346077959984541
    },
    "34": {
      "size": 14,
      "selected_id": 1564,
      "max_uncertainty": 0.0006688799476251006,
      "mean_uncertainty": 0.0005553303635679185
    },