{
  "selected_ids": [
    1448,
    691,
    420,
    360,
    1414,
    901,
    508,
    934,
    752,
    780,
    1427,
    1151,
    1534,
    594,
    331,
    1474,
    756,
    355,
    807,
    1483,
    784,
    1667,
    408,
    456,
    381,
    962,
    522,
    1486,
    1873,
    909,
    705,
    871,
    1948,
    593,
    991,
    639,
    1357,
    1943,
    678,
    1408,
    1363,
    1760,
    1630,
    1773,
    504,
    623,
    1548,
    1129,
    1238,
    1184,
    802,
    1512,
    1895,
    1480,
    1009,
    464,
    1515,
    545,
    1576,
    1623,
    984,
    458,
    1092,
    1801
  ],
  "uncertainties": [
    0.0018230350688099861,
    0.0032496382482349873,
    0.0022547664120793343,
    0.001967710442841053,
    0.002386916195973754,
    0.0018867814214900136,
    0.0029987094458192587,
    0.001829668297432363,
    0.002212144900113344,
    0.001474522054195404,
    0.0020660818554461002,
    0.002055153716355562,
    0.0016904068179428577,
    0.0019516890170052648,
    0.001698542619124055,
    0.0014777870383113623,
    0.001843323465436697,
    0.0021209726110100746,
    0.0018683556700125337,
    0.0013252028729766607,
    0.002090881112962961,
    0.0024002979043871164,
    0.0017782780341804028,
    0.0019579981453716755,
    0.0016783797182142735,
    0.0030299131758511066,
    0.002923991996794939,
    0.0014011000748723745,
    0.0016993337776511908,
    0.0016348559875041246,
    0.002544682240113616,
    0.0028414023108780384,
    0.002019098261371255,
    0.0021518664434552193,
    0.002795496955513954,
    0.0034846309572458267,
    0.0016905318479984999,
    0.002057927194982767,
    0.0024583288468420506,
    0.0021283519454300404,
    0.0015970206586644053,
    0.00192751653958112,
    0.002529590390622616,
    0.002225038595497608,
    0.0015873087104409933,
    0.0024594380520284176,
    0.001521804602816701,
    0.0018506890628486872,
    0.0016173762269318104,
    0.0020298564340919256,
    0.00235275668092072,
    0.0015499404398724437,
    0.00235951435752213,
    0.0018520166631788015,
    0.001772515126504004,
    0.002148252911865711,
    0.002428581938147545,
    0.002095042262226343,
    0.00286580016836524,
    0.0013307956978678703,
    0.0017804100643843412,
    0.002305330242961645,
    0.0013819104060530663,
    0.00257209874689579
  ],
  "topk_size": 64,
  "n_clusters": 64,
  "cluster_stats": {
    "0": {
      "size": 8,
      "selected_id": 1448,
      "max_uncertainty": 0.0018230350688099861,
      "mean_uncertainty": 0.0014469600282609463
    },
    "1": {
      "size": 15,
      "selected_id": 691,
      "max_uncertainty": 0.0032496382482349873,
      "mean_uncertainty": 0.0023635223042219877
    },
    "2": {
      "size": 17,
      "selected_id": 420,
      "max_uncertainty": 0.0022547664120793343,
      "mean_uncertainty": 0.001601389143615961
    },
    "3": {
      "size": 19,
      "selected_id": 360,
      "max_uncertainty": 0.001967710442841053,
      "mean_uncertainty": 0.0014920709654688835
    },
    "4": {
      "size": 9,
      "selected_id": 1414,
      "max_uncertainty": 0.002386916195973754,
      "mean_uncertainty": 0.0016187849687412381
    },
    "5": {
      "size": 8,
      "selected_id": 901,
      "max_uncertainty": 0.0018867814214900136,
      "mean_uncertainty": 0.0014735802542418242
    },
    "6": {
      "size": 10,
      "selected_id": 508,
      "max_uncertainty": 0.0029987094458192587,
      "mean_uncertainty": 0.0021671319846063852
    },
    "7": {
      "size": 10,
      "selected_id": 934,
      "max_uncertainty": 0.001829668297432363,
      "mean_uncertainty": 0.0013461557682603598
    },
    "8": {
      "size": 10,
      "selected_id": 752,
      "max_uncertainty": 0.002212144900113344,
      "mean_uncertainty": 0.001938528148457408
    },
    "9": {
      "size": 15,
      "selected_id": 780,
      "max_uncertainty": 0.001474522054195404,
      "mean_uncertainty": 0.0012624156661331654
    },
    "10": {
      "size": 13,
      "selected_id": 1427,
      "max_uncertainty": 0.0020660818554461002,
      "mean_uncertainty": 0.0016198373632505536
    },
    "11": {
      "size": 15,
      "selected_id": 1151,
      "max_uncertainty": 0.002055153716355562,
      "mean_uncertainty": 0.0013948377454653382
    },
    "12": {
      "size": 12,
      "selected_id": 1534,
      "max_uncertainty": 0.0016904068179428577,
      "mean_uncertainty": 0.001344196847639978
    },
    "13": {
      "size": 11,
      "selected_id": 594,
      "max_uncertainty": 0.0019516890170052648,
      "mean_uncertainty": 0.0015192896826192737
    },
    "14": {
      "size": 16,
      "selected_id": 331,
      "max_uncertainty": 0.001698542619124055,
      "mean_uncertainty": 0.0012620233464986086
    },
    "15": {
      "size": 18,
      "selected_id": 1474,
      "max_uncertainty": 0.0014777870383113623,
      "mean_uncertainty": 0.0012573602143675089
    },
    "16": {
      "size": 18,
      "selected_id": 756,
      "max_uncertainty": 0.001843323465436697,
      "mean_uncertainty": 0.0013931868597865105
    },
    "17": {
      "size": 8,
      "selected_id": 355,
      "max_uncertainty": 0.0021209726110100746,
      "mean_uncertainty": 0.001586394035257399
    },
    "18": {
      "size": 7,
      "selected_id": 807,
      "max_uncertainty": 0.0018683556700125337,
      "mean_uncertainty": 0.001296033849939704
    },
    "19": {
      "size": 14,
      "selected_id": 1483,
      "max_uncertainty": 0.0013252028729766607,
      "mean_uncertainty": 0.0011899926466867328
    },
    "20": {
      "size": 9,
      "selected_id": 784,
      "max_uncertainty": 0.002090881112962961,
      "mean_uncertainty": 0.0016168580623343587
    },
    "21": {
      "size": 18,
      "selected_id": 1667,
      "max_uncertainty": 0.0024002979043871164,
      "mean_uncertainty": 0.00179773336276412
    },
    "22": {
      "size": 12,
      "selected_id": 408,
      "max_uncertainty": 0.0017782780341804028,
      "mean_uncertainty": 0.001445535570383072
    },
    "23": {
      "size": 20,
      "selected_id": 456,
      "max_uncertainty": 0.0019579981453716755,
      "mean_uncertainty": 0.0014079969841986895
    },
    "24": {
      "size": 11,
      "selected_id": 381,
      "max_uncertainty": 0.0016783797182142735,
      "mean_uncertainty": 0.0013310161884874105
    },
    "25": {
      "size": 14,
      "selected_id": 962,
      "max_uncertainty": 0.0030299131758511066,
      "mean_uncertainty": 0.0021559405140578747
    },
    "26": {
      "size": 16,
      "selected_id": 522,
      "max_uncertainty": 0.002923991996794939,
      "mean_uncertainty": 0.0018466144101694226
    },
    "27": {
      "size": 6,
      "selected_id": 1486,
      "max_uncertainty": 0.0014011000748723745,
      "mean_uncertainty": 0.0012984684435650706
    },
    "28": {
      "size": 21,
      "selected_id": 1873,
      "max_uncertainty": 0.0016993337776511908,
      "mean_uncertainty": 0.0014265473000705242
    },
    "29": {
      "size": 19,
      "selected_id": 909,
      "max_uncertainty": 0.0016348559875041246,
      "mean_uncertainty": 0.0012873356463387609
    },
    "30": {
      "size": 16,
      "selected_id": 705,
      "max_uncertainty": 0.002544682240113616,
      "mean_uncertainty": 0.001741256332024932
    },
    "31": {
      "size": 14,
      "selected_id": 871,
      "max_uncertainty": 0.0028414023108780384,
      "mean_uncertainty": 0.0016612809849902987
    },
    "32": {
      "size": 17,
      "selected_id": 1948,
      "max_uncertainty": 0.002019098261371255,
      "mean_uncertainty": 0.0015240340726450086
    },
    "33": {
      "size": 10,
      "selected_id": 593,
      "max_uncertainty": 0.0021518664434552193,
      "mean_uncertainty": 0.0016381380846723914
    },
    "34": {
      "size": 16,
      "selected_id": 991,
      "max_uncertainty": 0.002795496955513954,
      "mean_uncertainty": 0.0018394484650343657
    },
    "35": {
      "size": 10,