{
  "selected_ids": [
    1350,
    1018,
    288,
    1608,
    1051,
    369,
    1126,
    1468,
    1085,
    834,
    1268,
    402,
    478,
    1779,
    436,
    532,
    1734,
    341,
    713,
    707,
    682,
    1721,
    1714,
    706,
    1286,
    1765,
    803,
    1142,
    1255,
    1689,
    430,
    1185,
    1263,
    1332,
    300,
    853,
    1277,
    786,
    1136,
    1084,
    672,
    309,
    971,
    1730,
    1256,
    1319,
    1484,
    1021,
    1407,
    1176,
    1609,
    595,
    719,
    1662,
    1720,
    1198,
    442,
    606,
    281,
    1633,
    872,
    1769,
    1809,
    1818
  ],
  "uncertainties": [
    0.001071674982085824,
    0.001056556822732091,
    0.0016720227431505919,
    0.0014740026090294123,
    0.0012154709547758102,
    0.0013152573956176639,
    0.0012634622398763895,
    0.0008227415382862091,
    0.000687239458784461,
    0.0009157990571111441,
    0.0017580223502591252,
    0.0010918744374066591,
    0.000747437181416899,
    0.0013929067645221949,
    0.001159000676125288,
    0.001252366229891777,
    0.001179771963506937,
    0.0018737190403044224,
    0.000916089047677815,
    0.0008614122634753585,
    0.0009129439131356776,
    0.0014342099893838167,
    0.00102723587770015,
    0.0010280574206262827,
    0.0009520251769572496,
    0.0010377309517934918,
    0.0010057615581899881,
    0.0009273458272218704,
    0.0010151087772101164,
    0.0012786493171006441,
    0.0012801289558410645,
    0.0011759691406041384,
    0.0008386316476389766,
    0.0011026546126231551,
    0.001195201650261879,
    0.0017363880760967731,
    0.0010053471196442842,
    0.0008621984161436558,
    0.0014500622637569904,
    0.0011802406515926123,
    0.0009221334476023912,
    0.001163220964372158,
    0.001309443381614983,
    0.0012628217227756977,
    0.0012527070939540863,
    0.0008710071560926735,
    0.0008551740902476013,
    0.0009850095957517624,
    0.0011883238330483437,
    0.001905694603919983,
    0.0009072832181118429,
    0.0009800735861063004,
    0.0009661021758802235,
    0.0009522801847197115,
    0.0008656338904984295,
    0.0012294412590563297,
    0.0016302119474858046,
    0.001155933365225792,
    0.0009928063955157995,
    0.001144693698734045,
    0.0014330681879073381,
    0.0008396765333600342,
    0.001121346140280366,
    0.0009291004971601069
  ],
  "topk_size": 64,
  "n_clusters": 64,
  "cluster_stats": {
    "0": {
      "size": 17,
      "selected_id": 1350,
      "max_uncertainty": 0.001071674982085824,
      "mean_uncertainty": 0.0008785428362898529
    },
    "1": {
      "size": 17,
      "selected_id": 1018,
      "max_uncertainty": 0.001056556822732091,
      "mean_uncertainty": 0.0008497297530993819
    },
    "2": {
      "size": 3,
      "selected_id": 288,
      "max_uncertainty": 0.0016720227431505919,
      "mean_uncertainty": 0.0015394993824884295
    },
    "3": {
      "size": 5,
      "selected_id": 1608,
      "max_uncertainty": 0.0014740026090294123,
      "mean_uncertainty": 0.0010721691651269794
    },
    "4": {
      "size": 14,
      "selected_id": 1051,
      "max_uncertainty": 0.0012154709547758102,
      "mean_uncertainty": 0.0008447979926131666
    },
    "5": {
      "size": 10,
      "selected_id": 369,
      "max_uncertainty": 0.0013152573956176639,
      "mean_uncertainty": 0.0008859982481226325
    },
    "6": {
      "size": 12,
      "selected_id": 1126,
      "max_uncertainty": 0.0012634622398763895,
      "mean_uncertainty": 0.0010025732917711139
    },
    "7": {
      "size": 12,
      "selected_id": 1468,
      "max_uncertainty": 0.0008227415382862091,
      "mean_uncertainty": 0.0007130109588615596
    },
    "8": {
      "size": 1,
      "selected_id": 1085,
      "max_uncertainty": 0.000687239458784461,
      "mean_uncertainty": 0.000687239458784461
    },
    "9": {
      "size": 12,
      "selected_id": 834,
      "max_uncertainty": 0.0009157990571111441,
      "mean_uncertainty": 0.0007483134395442903
    },
    "10": {
      "size": 12,
      "selected_id": 1268,
      "max_uncertainty": 0.0017580223502591252,
      "mean_uncertainty": 0.001212136005051434
    },
    "11": {
      "size": 11,
      "selected_id": 402,
      "max_uncertainty": 0.0010918744374066591,
      "mean_uncertainty": 0.0007782166358083487
    },
    "12": {
      "size": 2,
      "selected_id": 478,
      "max_uncertainty": 0.000747437181416899,
      "mean_uncertainty": 0.0007418787572532892
    },
    "13": {
      "size": 10,
      "selected_id": 1779,
      "max_uncertainty": 0.0013929067645221949,
      "mean_uncertainty": 0.0009335508802905679
    },
    "14": {
      "size": 11,
      "selected_id": 436,
      "max_uncertainty": 0.001159000676125288,
      "mean_uncertainty": 0.0008597866981290281
    },
    "15": {
      "size": 15,
      "selected_id": 532,
      "max_uncertainty": 0.001252366229891777,
      "mean_uncertainty": 0.0009075567941181362
    },
    "16": {
      "size": 7,
      "selected_id": 1734,
      "max_uncertainty": 0.001179771963506937,
      "mean_uncertainty": 0.0009602006757631898
    },
    "17": {
      "size": 13,
      "selected_id": 341,
      "max_uncertainty": 0.0018737190403044224,
      "mean_uncertainty": 0.0012279549846425653
    },
    "18": {
      "size": 11,
      "selected_id": 713,
      "max_uncertainty": 0.000916089047677815,
      "mean_uncertainty": 0.0007598889642395079
    },
    "19": {
      "size": 15,
      "selected_id": 707,
      "max_uncertainty": 0.0008614122634753585,
      "mean_uncertainty": 0.0007660645642317832
    },
    "20": {
      "size": 23,
      "selected_id": 682,
      "max_uncertainty": 0.0009129439131356776,
      "mean_uncertainty": 0.0007330541266128421
    },
    "21": {
      "size": 16,
      "selected_id": 1721,
      "max_uncertainty": 0.0014342099893838167,
      "mean_uncertainty": 0.0009657097980380058
    },
    "22": {
      "size": 11,
      "selected_id": 1714,
      "max_uncertainty": 0.00102723587770015,
      "mean_uncertainty": 0.000795338477473706
    },
    "23": {
      "size": 10,
      "selected_id": 706,
      "max_uncertainty": 0.0010280574206262827,
      "mean_uncertainty": 0.0008009065059013665
    },
    "24": {
      "size": 7,
      "selected_id": 1286,
      "max_uncertainty": 0.0009520251769572496,
      "mean_uncertainty": 0.0008211366948671639
    },
    "25": {
      "size": 13,
      "selected_id": 1765,
      "max_uncertainty": 0.0010377309517934918,
      "mean_uncertainty": 0.0008766963728703558
    },
    "26": {
      "size": 5,
      "selected_id": 803,
      "max_uncertainty": 0.0010057615581899881,
      "mean_uncertainty": 0.0009208854171447456
    },
    "27": {
      "size": 6,
      "selected_id": 1142,
      "max_uncertainty": 0.0009273458272218704,
      "mean_uncertainty": 0.0007734433165751398
    },
    "28": {
      "size": 11,
      "selected_id": 1255,
      "max_uncertainty": 0.0010151087772101164,
      "mean_uncertainty": 0.0008424416300840676
    },
    "29": {
      "size": 20,
      "selected_id": 1689,
      "max_uncertainty": 0.0012786493171006441,
      "mean_uncertainty": 0.0009336598450317979
    },
    "30": {
      "size": 13,
      "selected_id": 430,
      "max_uncertainty": 0.0012801289558410645,
      "mean_uncertainty": 0.0009012721129693091
    },
    "31": {
      "size": 9,
      "selected_id": 1185,
      "max_uncertainty": 0.0011759691406041384,
      "mean_uncertainty": 0.0010027694515883923
    },
    "32": {
      "size": 13,
      "selected_id": 1263,
      "max_uncertainty": 0.0008386316476389766,
      "mean_uncertainty": 0.0007401599432341754
    },
    "33": {
      "size": 10,
      "selected_id": 1332,
      "max_uncertainty": 0.0011026546126231551,
      "mean_uncertainty": 0.0009089411469176412
    },
    "34": {
      "size": 13,
      "selected_id": 300,
      "max_uncertainty": 0.001195201650261879,
      "mean_uncertainty": 0.00099340605083853
    },