{
  "selected_ids": [
    312,
    156,
    432,
    485,
    200,
    197,
    356,
    297,
    323,
    402,
    362,
    436,
    350,
    94,
    86,
    270,
    205,
    161,
    329,
    339,
    158,
    393,
    271,
    411,
    443,
    84,
    226,
    96,
    383,
    369,
    82,
    175,
    449,
    146,
    191,
    78,
    209,
    408,
    105,
    428,
    342,
    257,
    439,
    452,
    374,
    272,
    99,
    179,
    426,
    381,
    217,
    400,
    245,
    233,
    355,
    254,
    437,
    239,
    284,
    459,
    123,
    450,
    403,
    422
  ],
  "uncertainties": [
    0.00015556812286376953,
    0.00011008977890014648,
    0.0007967948913574219,
    0.0001552104949951172,
    0.0002720355987548828,
    0.0002071857452392578,
    0.0001900196075439453,
    0.0003235340118408203,
    0.00022900104522705078,
    0.0002453327178955078,
    0.0002579689025878906,
    0.00017178058624267578,
    0.0001367330551147461,
    0.00017976760864257812,
    0.00020444393157958984,
    0.00014317035675048828,
    0.0001341104507446289,
    0.000728607177734375,
    0.00033164024353027344,
    0.00010633468627929688,
    0.00014781951904296875,
    0.0003542900085449219,
    0.00014019012451171875,
    9.137392044067383e-05,
    0.00021648406982421875,
    0.0009145736694335938,
    0.00014197826385498047,
    0.00012189149856567383,
    0.0002123117446899414,
    0.0001512765884399414,
    0.0002605915069580078,
    0.00010699033737182617,
    0.00012791156768798828,
    0.00017154216766357422,
    0.00011718273162841797,
    0.0002758502960205078,
    0.00019073486328125,
    0.00010335445404052734,
    0.0001475811004638672,
    0.00022101402282714844,
    0.0001252889633178711,
    0.00011461973190307617,
    0.00015616416931152344,
    0.00012576580047607422,
    0.00014090538024902344,
    0.00011849403381347656,
    0.00013387203216552734,
    0.00010824203491210938,
    0.0006647109985351562,
    0.0005245208740234375,
    0.0004940032958984375,
    0.0001277923583984375,
    0.00017654895782470703,
    0.00013148784637451172,
    0.00018286705017089844,
    0.0001666545867919922,
    0.000507354736328125,
    0.0003230571746826172,
    0.00014853477478027344,
    0.00022041797637939453,
    0.0005326271057128906,
    0.00012636184692382812,
    0.00010704994201660156,
    0.00031447410583496094
  ],
  "topk_size": 64,
  "n_clusters": 64,
  "cluster_stats": {
    "0": {
      "size": 4,
      "selected_id": 312,
      "max_uncertainty": 0.00015556812286376953,
      "mean_uncertainty": 0.00012093782424926758
    },
    "1": {
      "size": 4,
      "selected_id": 156,
      "max_uncertainty": 0.00011008977890014648,
      "mean_uncertainty": 0.00010216236114501953
    },
    "2": {
      "size": 1,
      "selected_id": 432,
      "max_uncertainty": 0.0007967948913574219,
      "mean_uncertainty": 0.0007967948913574219
    },
    "3": {
      "size": 5,
      "selected_id": 485,
      "max_uncertainty": 0.0001552104949951172,
      "mean_uncertainty": 0.000125885009765625
    },
    "4": {
      "size": 3,
      "selected_id": 200,
      "max_uncertainty": 0.0002720355987548828,
      "mean_uncertainty": 0.00020432472229003906
    },
    "5": {
      "size": 4,
      "selected_id": 197,
      "max_uncertainty": 0.0002071857452392578,
      "mean_uncertainty": 0.000152587890625
    },
    "6": {
      "size": 3,
      "selected_id": 356,
      "max_uncertainty": 0.0001900196075439453,
      "mean_uncertainty": 0.00016248226165771484
    },
    "7": {
      "size": 2,
      "selected_id": 297,
      "max_uncertainty": 0.0003235340118408203,
      "mean_uncertainty": 0.00025200843811035156
    },
    "8": {
      "size": 2,
      "selected_id": 323,
      "max_uncertainty": 0.00022900104522705078,
      "mean_uncertainty": 0.00021314620971679688
    },
    "9": {
      "size": 3,
      "selected_id": 402,
      "max_uncertainty": 0.0002453327178955078,
      "mean_uncertainty": 0.00018537044525146484
    },
    "10": {
      "size": 2,
      "selected_id": 362,
      "max_uncertainty": 0.0002579689025878906,
      "mean_uncertainty": 0.00021266937255859375
    },
    "11": {
      "size": 3,
      "selected_id": 436,
      "max_uncertainty": 0.00017178058624267578,
      "mean_uncertainty": 0.00012874603271484375
    },
    "12": {
      "size": 3,
      "selected_id": 350,
      "max_uncertainty": 0.0001367330551147461,
      "mean_uncertainty": 0.00011777877807617188
    },
    "13": {
      "size": 4,
      "selected_id": 94,
      "max_uncertainty": 0.00017976760864257812,
      "mean_uncertainty": 0.0001398324966430664
    },
    "14": {
      "size": 1,
      "selected_id": 86,
      "max_uncertainty": 0.00020444393157958984,
      "mean_uncertainty": 0.00020444393157958984
    },
    "15": {
      "size": 2,
      "selected_id": 270,
      "max_uncertainty": 0.00014317035675048828,
      "mean_uncertainty": 0.00012981891632080078
    },
    "16": {
      "size": 1,
      "selected_id": 205,
      "max_uncertainty": 0.0001341104507446289,
      "mean_uncertainty": 0.0001341104507446289
    },
    "17": {
      "size": 2,
      "selected_id": 161,
      "max_uncertainty": 0.000728607177734375,
      "mean_uncertainty": 0.000591278076171875
    },
    "18": {
      "size": 3,
      "selected_id": 329,
      "max_uncertainty": 0.00033164024353027344,
      "mean_uncertainty": 0.00028967857360839844
    },
    "19": {
      "size": 1,
      "selected_id": 339,
      "max_uncertainty": 0.00010633468627929688,
      "mean_uncertainty": 0.00010633468627929688
    },
    "20": {
      "size": 4,
      "selected_id": 158,
      "max_uncertainty": 0.00014781951904296875,
      "mean_uncertainty": 0.00012290477752685547
    },
    "21": {
      "size": 1,
      "selected_id": 393,
      "max_uncertainty": 0.0003542900085449219,
      "mean_uncertainty": 0.0003542900085449219
    },
    "22": {
      "size": 4,
      "selected_id": 271,
      "max_uncertainty": 0.00014019012451171875,
      "mean_uncertainty": 0.00011938810348510742
    },
    "23": {
      "size": 1,
      "selected_id": 411,
      "max_uncertainty": 9.137392044067383e-05,
      "mean_uncertainty": 9.137392044067383e-05
    },
    "24": {
      "size": 3,
      "selected_id": 443,
      "max_uncertainty": 0.00021648406982421875,
      "mean_uncertainty": 0.00017631053924560547
    },
    "25": {
      "size": 3,
      "selected_id": 84,
      "max_uncertainty": 0.0009145736694335938,
      "mean_uncertainty": 0.0007491111755371094
    },
    "26": {
      "size": 2,
      "selected_id": 226,
      "max_uncertainty": 0.00014197826385498047,
      "mean_uncertainty": 0.00011658668518066406
    },
    "27": {
      "size": 1,
      "selected_id": 96,
      "max_uncertainty": 0.00012189149856567383,
      "mean_uncertainty": 0.00012189149856567383
    },
    "28": {
      "size": 2,
      "selected_id": 383,
      "max_uncertainty": 0.0002123117446899414,
      "mean_uncertainty": 0.0001728534698486328
    },
    "29": {
      "size": 5,
      "selected_id": 369,
      "max_uncertainty": 0.0001512765884399414,
      "mean_uncertainty": 0.00013911724090576172
    },
    "30": {
      "size": 1,
      "selected_id": 82,
      "max_uncertainty": 0.0002605915069580078,
      "mean_uncertainty": 0.0002605915069580078
    },
    "31": {
      "size": 2,
      "selected_id": 175,
      "max_uncertainty": 0.00010699033737182617,
      "mean_uncertainty": 0.00010025501251220703
    },
    "32": {
      "size": 2,
      "selected_id": 449,
      "max_uncertainty": 0.00012791156768798828,
      "mean_uncertainty": 0.00011026859283447266
    },
    "33": {
      "size": 1,
      "selected_id": 146,
      "max_uncertainty": 0.00017154216766357422,
      "mean_uncertainty": 0.00017154216766357422
    },
    "34": {
      "size": 1,
      "selected_id": 191,
      "max_uncertainty": 0.00011718273162841797,
      "mean_uncertainty": 0.00011718273162841797
    },