{
  "selected_ids": [
    368,
    495,
    196,
    463,
    457,
    352,
    109,
    211,
    162,
    91,
    207,
    285,
    344,
    93,
    260,
    168,
    392,
    475,
    430,
    138,
    210,
    74,
    104,
    263,
    448,
    170,
    314,
    401,
    458,
    453,
    462,
    296,
    132,
    497,
    305,
    415,
    421,
    247,
    487,
    375,
    333,
    484,
    241,
    304,
    299,
    240,
    337,
    228,
    100,
    351,
    494,
    147,
    92,
    465,
    261,
    131,
    236,
    187,
    341,
    498,
    88,
    330,
    380,
    298
  ],
  "uncertainties": [
    0.0005550384521484375,
    0.00023758411407470703,
    0.0012407302856445312,
    0.0005393028259277344,
    0.0004208087921142578,
    0.00027251243591308594,
    0.0005140304565429688,
    0.00029468536376953125,
    0.00021898746490478516,
    0.0002205371856689453,
    0.0009241104125976562,
    0.0003695487976074219,
    0.0009312629699707031,
    0.00023925304412841797,
    0.0005192756652832031,
    0.00031065940856933594,
    0.0003352165222167969,
    0.001148223876953125,
    0.0004277229309082031,
    0.00022077560424804688,
    0.0004210472106933594,
    0.00021946430206298828,
    0.0007433891296386719,
    0.00032806396484375,
    0.00029540061950683594,
    0.0002532005310058594,
    0.00029468536376953125,
    0.0002994537353515625,
    0.0009140968322753906,
    0.0004737377166748047,
    0.00031566619873046875,
    0.00031495094299316406,
    0.0002827644348144531,
    0.0005159378051757812,
    0.00041961669921875,
    0.0002918243408203125,
    0.0004131793975830078,
    0.0004093647003173828,
    0.0004940032958984375,
    0.00027871131896972656,
    0.0011720657348632812,
    0.0002512931823730469,
    0.000469207763671875,
    0.00027632713317871094,
    0.0003132820129394531,
    0.00040984153747558594,
    0.000316619873046875,
    0.00023865699768066406,
    0.00030303001403808594,
    0.0004916191101074219,
    0.000698089599609375,
    0.0003094673156738281,
    0.0009660720825195312,
    0.0007929801940917969,
    0.00024330615997314453,
    0.0004725456237792969,
    0.0010528564453125,
    0.0007944107055664062,
    0.0002601146697998047,
    0.0002727508544921875,
    0.0001976490020751953,
    0.00037026405334472656,
    0.0013179779052734375,
    0.00031304359436035156
  ],
  "topk_size": 64,
  "n_clusters": 64,
  "cluster_stats": {
    "0": {
      "size": 3,
      "selected_id": 368,
      "max_uncertainty": 0.0005550384521484375,
      "mean_uncertainty": 0.00041556358337402344
    },
    "1": {
      "size": 4,
      "selected_id": 495,
      "max_uncertainty": 0.00023758411407470703,
      "mean_uncertainty": 0.0002111196517944336
    },
    "2": {
      "size": 2,
      "selected_id": 196,
      "max_uncertainty": 0.0012407302856445312,
      "mean_uncertainty": 0.0011844635009765625
    },
    "3": {
      "size": 2,
      "selected_id": 463,
      "max_uncertainty": 0.0005393028259277344,
      "mean_uncertainty": 0.0004558563232421875
    },
    "4": {
      "size": 2,
      "selected_id": 457,
      "max_uncertainty": 0.0004208087921142578,
      "mean_uncertainty": 0.0003733634948730469
    },
    "5": {
      "size": 3,
      "selected_id": 352,
      "max_uncertainty": 0.00027251243591308594,
      "mean_uncertainty": 0.0002455711364746094
    },
    "6": {
      "size": 1,
      "selected_id": 109,
      "max_uncertainty": 0.0005140304565429688,
      "mean_uncertainty": 0.0005140304565429688
    },
    "7": {
      "size": 3,
      "selected_id": 211,
      "max_uncertainty": 0.00029468536376953125,
      "mean_uncertainty": 0.0002428293228149414
    },
    "8": {
      "size": 2,
      "selected_id": 162,
      "max_uncertainty": 0.00021898746490478516,
      "mean_uncertainty": 0.0002086162567138672
    },
    "9": {
      "size": 2,
      "selected_id": 91,
      "max_uncertainty": 0.0002205371856689453,
      "mean_uncertainty": 0.00021648406982421875
    },
    "10": {
      "size": 3,
      "selected_id": 207,
      "max_uncertainty": 0.0009241104125976562,
      "mean_uncertainty": 0.0008335113525390625
    },
    "11": {
      "size": 4,
      "selected_id": 285,
      "max_uncertainty": 0.0003695487976074219,
      "mean_uncertainty": 0.00031495094299316406
    },
    "12": {
      "size": 3,
      "selected_id": 344,
      "max_uncertainty": 0.0009312629699707031,
      "mean_uncertainty": 0.000690460205078125
    },
    "13": {
      "size": 1,
      "selected_id": 93,
      "max_uncertainty": 0.00023925304412841797,
      "mean_uncertainty": 0.00023925304412841797
    },
    "14": {
      "size": 5,
      "selected_id": 260,
      "max_uncertainty": 0.0005192756652832031,
      "mean_uncertainty": 0.0003724098205566406
    },
    "15": {
      "size": 4,
      "selected_id": 168,
      "max_uncertainty": 0.00031065940856933594,
      "mean_uncertainty": 0.00023567676544189453
    },
    "16": {
      "size": 2,
      "selected_id": 392,
      "max_uncertainty": 0.0003352165222167969,
      "mean_uncertainty": 0.0003132820129394531
    },
    "17": {
      "size": 4,
      "selected_id": 475,
      "max_uncertainty": 0.001148223876953125,
      "mean_uncertainty": 0.0010194778442382812
    },
    "18": {
      "size": 3,
      "selected_id": 430,
      "max_uncertainty": 0.0004277229309082031,
      "mean_uncertainty": 0.00034308433532714844
    },
    "19": {
      "size": 1,
      "selected_id": 138,
      "max_uncertainty": 0.00022077560424804688,
      "mean_uncertainty": 0.00022077560424804688
    },
    "20": {
      "size": 4,
      "selected_id": 210,
      "max_uncertainty": 0.0004210472106933594,
      "mean_uncertainty": 0.0003261566162109375
    },
    "21": {
      "size": 1,
      "selected_id": 74,
      "max_uncertainty": 0.00021946430206298828,
      "mean_uncertainty": 0.00021946430206298828
    },
    "22": {
      "size": 2,
      "selected_id": 104,
      "max_uncertainty": 0.0007433891296386719,
      "mean_uncertainty": 0.0006923675537109375
    },
    "23": {
      "size": 4,
      "selected_id": 263,
      "max_uncertainty": 0.00032806396484375,
      "mean_uncertainty": 0.0002923011779785156
    },
    "24": {
      "size": 1,
      "selected_id": 448,
      "max_uncertainty": 0.00029540061950683594,
      "mean_uncertainty": 0.00029540061950683594
    },
    "25": {
      "size": 4,
      "selected_id": 170,
      "max_uncertainty": 0.0002532005310058594,
      "mean_uncertainty": 0.00021791458129882812
    },
    "26": {
      "size": 5,
      "selected_id": 314,
      "max_uncertainty": 0.00029468536376953125,
      "mean_uncertainty": 0.0002841949462890625
    },
    "27": {
      "size": 3,
      "selected_id": 401,
      "max_uncertainty": 0.0002994537353515625,
      "mean_uncertainty": 0.0002543926239013672
    },
    "28": {
      "size": 3,
      "selected_id": 458,
      "max_uncertainty": 0.0009140968322753906,
      "mean_uncertainty": 0.0008516311645507812
    },
    "29": {
      "size": 2,
      "selected_id": 453,
      "max_uncertainty": 0.0004737377166748047,
      "mean_uncertainty": 0.00046133995056152344
    },
    "30": {
      "size": 3,
      "selected_id": 462,
      "max_uncertainty": 0.00031566619873046875,
      "mean_uncertainty": 0.0002739429473876953
    },
    "31": {
      "size": 3,
      "selected_id": 296,
      "max_uncertainty": 0.00031495094299316406,
      "mean_uncertainty": 0.0002884864807128906
    },
    "32": {
      "size": 3,
      "selected_id": 132,
      "max_uncertainty": 0.0002827644348144531,
      "mean_uncertainty": 0.000263214111328125
    },
    "33": {
      "size": 2,
      "selected_id": 497,
      "max_uncertainty": 0.0005159378051757812,
      "mean_uncertainty": 0.0003750324249267578
    },
    "34": {
      "size": 2,
      "selected_id": 305,
      "max_uncertainty": 0.00041961669921875,
      "mean_uncertainty": 0.00033092498779296875
    },
    "35": {
      "size": 4,