{
  "selected_ids": [
    244,
    340,
    265,
    157,
    85,
    358,
    406,
    371,
    159,
    376,
    178,
    166,
    278,
    256,
    141,
    324,
    89,
    499,
    389,
    72,
    155,
    118,
    442,
    326,
    482,
    129,
    237,
    335,
    440,
    234,
    315,
    384,
    267,
    455,
    425,
    95,
    188,
    68,
    220,
    167,
    173,
    451,
    469,
    198,
    249,
    184,
    290,
    385,
    255,
    69,
    215,
    292,
    273,
    438,
    471,
    288,
    225,
    353,
    122,
    397,
    294,
    276,
    164,
    195
  ],
  "uncertainties": [
    6.002187728881836e-05,
    5.3048133850097656e-05,
    5.048513412475586e-05,
    8.422136306762695e-05,
    5.3942203521728516e-05,
    0.0003037452697753906,
    6.461143493652344e-05,
    5.811452865600586e-05,
    5.561113357543945e-05,
    5.227327346801758e-05,
    0.00011390447616577148,
    4.601478576660156e-05,
    4.839897155761719e-05,
    0.00011342763900756836,
    4.6372413635253906e-05,
    6.031990051269531e-05,
    5.507469177246094e-05,
    5.072355270385742e-05,
    4.392862319946289e-05,
    7.635354995727539e-05,
    4.4286251068115234e-05,
    5.930662155151367e-05,
    4.655122756958008e-05,
    4.267692565917969e-05,
    5.7220458984375e-05,
    0.00011962652206420898,
    7.337331771850586e-05,
    5.066394805908203e-05,
    7.033348083496094e-05,
    5.370378494262695e-05,
    7.230043411254883e-05,
    6.67572021484375e-05,
    5.2869319915771484e-05,
    4.7147274017333984e-05,
    0.00011521577835083008,
    7.098913192749023e-05,
    6.175041198730469e-05,
    5.221366882324219e-05,
    5.513429641723633e-05,
    4.881620407104492e-05,
    6.026029586791992e-05,
    4.3392181396484375e-05,
    7.063150405883789e-05,
    4.7206878662109375e-05,
    5.316734313964844e-05,
    5.704164505004883e-05,
    4.845857620239258e-05,
    4.5299530029296875e-05,
    8.660554885864258e-05,
    4.6372413635253906e-05,
    4.744529724121094e-05,
    5.179643630981445e-05,
    7.152557373046875e-05,
    9.548664093017578e-05,
    5.0008296966552734e-05,
    5.882978439331055e-05,
    4.1365623474121094e-05,
    2.950429916381836e-05,
    2.467632293701172e-05,
    4.202127456665039e-05,
    2.7179718017578125e-05,
    4.2438507080078125e-05,
    3.1113624572753906e-05,
    3.5762786865234375e-05
  ],
  "topk_size": 64,
  "n_clusters": 56,
  "cluster_stats": {
    "0": {
      "size": 1,
      "selected_id": 244,
      "max_uncertainty": 6.002187728881836e-05,
      "mean_uncertainty": 6.002187728881836e-05
    },
    "1": {
      "size": 1,
      "selected_id": 340,
      "max_uncertainty": 5.3048133850097656e-05,
      "mean_uncertainty": 5.3048133850097656e-05
    },
    "2": {
      "size": 1,
      "selected_id": 265,
      "max_uncertainty": 5.048513412475586e-05,
      "mean_uncertainty": 5.048513412475586e-05
    },
    "3": {
      "size": 1,
      "selected_id": 157,
      "max_uncertainty": 8.422136306762695e-05,
      "mean_uncertainty": 8.422136306762695e-05
    },
    "4": {
      "size": 1,
      "selected_id": 85,
      "max_uncertainty": 5.3942203521728516e-05,
      "mean_uncertainty": 5.3942203521728516e-05
    },
    "5": {
      "size": 1,
      "selected_id": 358,
      "max_uncertainty": 0.0003037452697753906,
      "mean_uncertainty": 0.0003037452697753906
    },
    "6": {
      "size": 1,
      "selected_id": 406,
      "max_uncertainty": 6.461143493652344e-05,
      "mean_uncertainty": 6.461143493652344e-05
    },
    "7": {
      "size": 1,
      "selected_id": 371,
      "max_uncertainty": 5.811452865600586e-05,
      "mean_uncertainty": 5.811452865600586e-05
    },
    "8": {
      "size": 1,
      "selected_id": 159,
      "max_uncertainty": 5.561113357543945e-05,
      "mean_uncertainty": 5.561113357543945e-05
    },
    "9": {
      "size": 1,
      "selected_id": 376,
      "max_uncertainty": 5.227327346801758e-05,
      "mean_uncertainty": 5.227327346801758e-05
    },
    "10": {
      "size": 1,
      "selected_id": 178,
      "max_uncertainty": 0.00011390447616577148,
      "mean_uncertainty": 0.00011390447616577148
    },
    "11": {
      "size": 1,
      "selected_id": 166,
      "max_uncertainty": 4.601478576660156e-05,
      "mean_uncertainty": 4.601478576660156e-05
    },
    "12": {
      "size": 1,
      "selected_id": 278,
      "max_uncertainty": 4.839897155761719e-05,
      "mean_uncertainty": 4.839897155761719e-05
    },
    "13": {
      "size": 1,
      "selected_id": 256,
      "max_uncertainty": 0.00011342763900756836,
      "mean_uncertainty": 0.00011342763900756836
    },
    "14": {
      "size": 1,
      "selected_id": 141,
      "max_uncertainty": 4.6372413635253906e-05,
      "mean_uncertainty": 4.6372413635253906e-05
    },
    "15": {
      "size": 1,
      "selected_id": 324,
      "max_uncertainty": 6.031990051269531e-05,
      "mean_uncertainty": 6.031990051269531e-05
    },
    "16": {
      "size": 1,
      "selected_id": 89,
      "max_uncertainty": 5.507469177246094e-05,
      "mean_uncertainty": 5.507469177246094e-05
    },
    "17": {
      "size": 1,
      "selected_id": 499,
      "max_uncertainty": 5.072355270385742e-05,
      "mean_uncertainty": 5.072355270385742e-05
    },
    "18": {
      "size": 1,
      "selected_id": 389,
      "max_uncertainty": 4.392862319946289e-05,
      "mean_uncertainty": 4.392862319946289e-05
    },
    "19": {
      "size": 1,
      "selected_id": 72,
      "max_uncertainty": 7.635354995727539e-05,
      "mean_uncertainty": 7.635354995727539e-05
    },
    "20": {
      "size": 1,
      "selected_id": 155,
      "max_uncertainty": 4.4286251068115234e-05,
      "mean_uncertainty": 4.4286251068115234e-05
    },
    "21": {
      "size": 1,
      "selected_id": 118,
      "max_uncertainty": 5.930662155151367e-05,
      "mean_uncertainty": 5.930662155151367e-05
    },
    "22": {
      "size": 1,
      "selected_id": 442,
      "max_uncertainty": 4.655122756958008e-05,
      "mean_uncertainty": 4.655122756958008e-05
    },
    "23": {
      "size": 1,
      "selected_id": 326,
      "max_uncertainty": 4.267692565917969e-05,
      "mean_uncertainty": 4.267692565917969e-05
    },
    "24": {
      "size": 1,
      "selected_id": 482,
      "max_uncertainty": 5.7220458984375e-05,
      "mean_uncertainty": 5.7220458984375e-05
    },
    "25": {
      "size": 1,
      "selected_id": 129,
      "max_uncertainty": 0.00011962652206420898,
      "mean_uncertainty": 0.00011962652206420898
    },
    "26": {
      "size": 1,
      "selected_id": 237,
      "max_uncertainty": 7.337331771850586e-05,
      "mean_uncertainty": 7.337331771850586e-05
    },
    "27": {
      "size": 1,
      "selected_id": 335,
      "max_uncertainty": 5.066394805908203e-05,
      "mean_uncertainty": 5.066394805908203e-05
    },
    "28": {
      "size": 1,
      "selected_id": 440,
      "max_uncertainty": 7.033348083496094e-05,
      "mean_uncertainty": 7.033348083496094e-05
    },
    "29": {
      "size": 1,
      "selected_id": 234,
      "max_uncertainty": 5.370378494262695e-05,
      "mean_uncertainty": 5.370378494262695e-05
    },
    "30": {
      "size": 1,
      "selected_id": 315,
      "max_uncertainty": 7.230043411254883e-05,
      "mean_uncertainty": 7.230043411254883e-05
    },
    "31": {
      "size": 1,
      "selected_id": 384,
      "max_uncertainty": 6.67572021484375e-05,
      "mean_uncertainty": 6.67572021484375e-05
    },
    "32": {
      "size": 1,
      "selected_id": 267,
      "max_uncertainty": 5.2869319915771484e-05,
      "mean_uncertainty": 5.2869319915771484e-05
    },
    "33": {
      "size": 1,
      "selected_id": 455,
      "max_uncertainty": 4.7147274017333984e-05,
      "mean_uncertainty": 4.7147274017333984e-05
    },
    "34": {
      "size": 1,
      "selected_id": 425,
      "max_uncertainty": 0.00011521577835083008,
      "mean_uncertainty": 0.00011521577835083008
    },
    "35": {
      "size": 1,