{
  "selected_ids": [
    248,
    311,
    367,
    108,
    289,
    418,
    472,
    269,
    128,
    423,
    230,
    238,
    201,
    404,
    145,
    488,
    354,
    219,
    121,
    206,
    394,
    203,
    106,
    251,
    336,
    266,
    320,
    361,
    242,
    370,
    126,
    474,
    264,
    477,
    143,
    224,
    165,
    113,
    303,
    222,
    427,
    133,
    473,
    134,
    163,
    468,
    275,
    250,
    317,
    103,
    124,
    409,
    283,
    307,
    429,
    208,
    491,
    180,
    286,
    365,
    467,
    291,
    378,
    139
  ],
  "uncertainties": [
    0.0008220672607421875,
    0.0006823539733886719,
    0.0005893707275390625,
    0.0006704330444335938,
    0.0007801055908203125,
    0.0013093948364257812,
    0.000644683837890625,
    0.0010366439819335938,
    0.0006155967712402344,
    0.0008478164672851562,
    0.0008254051208496094,
    0.00048732757568359375,
    0.00069427490234375,
    0.0006208419799804688,
    0.0016126632690429688,
    0.00095367431640625,
    0.0009794235229492188,
    0.0006513595581054688,
    0.0008258819580078125,
    0.0005288124084472656,
    0.0006546974182128906,
    0.0006165504455566406,
    0.0006971359252929688,
    0.0008015632629394531,
    0.0012254714965820312,
    0.0007357597351074219,
    0.0013914108276367188,
    0.0009379386901855469,
    0.0007996559143066406,
    0.0018939971923828125,
    0.0011911392211914062,
    0.0005564689636230469,
    0.0005946159362792969,
    0.0006852149963378906,
    0.0006031990051269531,
    0.00186920166015625,
    0.0013875961303710938,
    0.0007023811340332031,
    0.0009608268737792969,
    0.0005097389221191406,
    0.0019550323486328125,
    0.0006580352783203125,
    0.0007991790771484375,
    0.0010623931884765625,
    0.00063323974609375,
    0.0009274482727050781,
    0.0006480216979980469,
    0.0005216598510742188,
    0.0016565322875976562,
    0.0017957687377929688,
    0.0013675689697265625,
    0.0005922317504882812,
    0.0007443428039550781,
    0.0006952285766601562,
    0.000827789306640625,
    0.0008335113525390625,
    0.0018024444580078125,
    0.0008358955383300781,
    0.0014181137084960938,
    0.0004775524139404297,
    0.0006661415100097656,
    0.0006489753723144531,
    0.00046944618225097656,
    0.0008559226989746094
  ],
  "topk_size": 64,
  "n_clusters": 64,
  "cluster_stats": {
    "0": {
      "size": 2,
      "selected_id": 248,
      "max_uncertainty": 0.0008220672607421875,
      "mean_uncertainty": 0.0007658004760742188
    },
    "1": {
      "size": 1,
      "selected_id": 311,
      "max_uncertainty": 0.0006823539733886719,
      "mean_uncertainty": 0.0006823539733886719
    },
    "2": {
      "size": 2,
      "selected_id": 367,
      "max_uncertainty": 0.0005893707275390625,
      "mean_uncertainty": 0.0005407333374023438
    },
    "3": {
      "size": 5,
      "selected_id": 108,
      "max_uncertainty": 0.0006704330444335938,
      "mean_uncertainty": 0.000598907470703125
    },
    "4": {
      "size": 1,
      "selected_id": 289,
      "max_uncertainty": 0.0007801055908203125,
      "mean_uncertainty": 0.0007801055908203125
    },
    "5": {
      "size": 3,
      "selected_id": 418,
      "max_uncertainty": 0.0013093948364257812,
      "mean_uncertainty": 0.0012178421020507812
    },
    "6": {
      "size": 4,
      "selected_id": 472,
      "max_uncertainty": 0.000644683837890625,
      "mean_uncertainty": 0.0005216598510742188
    },
    "7": {
      "size": 2,
      "selected_id": 269,
      "max_uncertainty": 0.0010366439819335938,
      "mean_uncertainty": 0.0009455680847167969
    },
    "8": {
      "size": 2,
      "selected_id": 128,
      "max_uncertainty": 0.0006155967712402344,
      "mean_uncertainty": 0.0005917549133300781
    },
    "9": {
      "size": 3,
      "selected_id": 423,
      "max_uncertainty": 0.0008478164672851562,
      "mean_uncertainty": 0.0008006095886230469
    },
    "10": {
      "size": 5,
      "selected_id": 230,
      "max_uncertainty": 0.0008254051208496094,
      "mean_uncertainty": 0.0006799697875976562
    },
    "11": {
      "size": 1,
      "selected_id": 238,
      "max_uncertainty": 0.00048732757568359375,
      "mean_uncertainty": 0.00048732757568359375
    },
    "12": {
      "size": 8,
      "selected_id": 201,
      "max_uncertainty": 0.00069427490234375,
      "mean_uncertainty": 0.0005764961242675781
    },
    "13": {
      "size": 7,
      "selected_id": 404,
      "max_uncertainty": 0.0006208419799804688,
      "mean_uncertainty": 0.0005254745483398438
    },
    "14": {
      "size": 5,
      "selected_id": 145,
      "max_uncertainty": 0.0016126632690429688,
      "mean_uncertainty": 0.0011816024780273438
    },
    "15": {
      "size": 3,
      "selected_id": 488,
      "max_uncertainty": 0.00095367431640625,
      "mean_uncertainty": 0.0007205009460449219
    },
    "16": {
      "size": 5,
      "selected_id": 354,
      "max_uncertainty": 0.0009794235229492188,
      "mean_uncertainty": 0.0006132125854492188
    },
    "17": {
      "size": 4,
      "selected_id": 219,
      "max_uncertainty": 0.0006513595581054688,
      "mean_uncertainty": 0.0005593299865722656
    },
    "18": {
      "size": 7,
      "selected_id": 121,
      "max_uncertainty": 0.0008258819580078125,
      "mean_uncertainty": 0.0006322860717773438
    },
    "19": {
      "size": 4,
      "selected_id": 206,
      "max_uncertainty": 0.0005288124084472656,
      "mean_uncertainty": 0.0004987716674804688
    },
    "20": {
      "size": 3,
      "selected_id": 394,
      "max_uncertainty": 0.0006546974182128906,
      "mean_uncertainty": 0.0005369186401367188
    },
    "21": {
      "size": 5,
      "selected_id": 203,
      "max_uncertainty": 0.0006165504455566406,
      "mean_uncertainty": 0.0005612373352050781
    },
    "22": {
      "size": 2,
      "selected_id": 106,
      "max_uncertainty": 0.0006971359252929688,
      "mean_uncertainty": 0.0006799697875976562
    },
    "23": {
      "size": 2,
      "selected_id": 251,
      "max_uncertainty": 0.0008015632629394531,
      "mean_uncertainty": 0.0007672309875488281
    },
    "24": {
      "size": 4,
      "selected_id": 336,
      "max_uncertainty": 0.0012254714965820312,
      "mean_uncertainty": 0.0010137557983398438
    },
    "25": {
      "size": 7,
      "selected_id": 266,
      "max_uncertainty": 0.0007357597351074219,
      "mean_uncertainty": 0.0005931854248046875
    },
    "26": {
      "size": 3,
      "selected_id": 320,
      "max_uncertainty": 0.0013914108276367188,
      "mean_uncertainty": 0.0013256072998046875
    },
    "27": {
      "size": 4,
      "selected_id": 361,
      "max_uncertainty": 0.0009379386901855469,
      "mean_uncertainty": 0.0007638931274414062
    },
    "28": {
      "size": 3,
      "selected_id": 242,
      "max_uncertainty": 0.0007996559143066406,
      "mean_uncertainty": 0.0006375312805175781
    },
    "29": {
      "size": 1,
      "selected_id": 370,
      "max_uncertainty": 0.0018939971923828125,
      "mean_uncertainty": 0.0018939971923828125
    },
    "30": {
      "size": 4,
      "selected_id": 126,
      "max_uncertainty": 0.0011911392211914062,
      "mean_uncertainty": 0.0011281967163085938
    },
    "31": {
      "size": 1,
      "selected_id": 474,
      "max_uncertainty": 0.0005564689636230469,
      "mean_uncertainty": 0.0005564689636230469
    },
    "32": {
      "size": 3,
      "selected_id": 264,
      "max_uncertainty": 0.0005946159362792969,
      "mean_uncertainty": 0.000553131103515625
    },
    "33": {
      "size": 5,
      "selected_id": 477,
      "max_uncertainty": 0.0006852149963378906,
      "mean_uncertainty": 0.0005774497985839844
    },
    "34": {
      "size": 4,
      "selected_id": 143,
      "max_uncertainty": 0.0006031990051269531,
      "mean_uncertainty": 0.0005121231079101562
    },
    "35": {
      "size": 4,
      "selected_id": 224,