sample_id,lx,ly,lz,gap,py_val,sigma,vx,fx,fy
0,0.057103,0.047739,0.264997,0.059760,0.009196,22162400,1045.592369,5.584477,5.567214
1,0.060482,0.053437,0.216422,0.039584,0.014272,35696660,573.997874,5.547651,5.522969
2,0.072752,0.088370,0.087571,0.014553,0.038962,54591860,456.507794,5.710277,5.577816
