{
  "variables": {
    "x_0": {
      "min": 0.0124698779412132,
      "max": 0.9975800372629172,
      "range": 0.985110159321704
    },
    "x_1": {
      "min": 0.002308772586742,
      "max": 0.9991047304742386,
      "range": 0.9967959578874966
    },
    "x_2": {
      "min": 0.0054298341287004,
      "max": 0.999765336914344,
      "range": 0.9943355027856436
    },
    "x_3": {
      "min": 0.0073622697510055,
      "max": 0.9903216643262726,
      "range": 0.982959394575267
    },
    "x_4": {
      "min": 0.0038941463811326,
      "max": 0.9993900365145268,
      "range": 0.9954958901333942
    },
    "x_5": {
      "min": 0.0005187441657055,
      "max": 0.9917744759287108,
      "range": 0.9912557317630053
    },
    "x_6": {
      "min": 0.0040076047333394,
      "max": 0.9948242136208678,
      "range": 0.9908166088875284
    },
    "x_7": {
      "min": 0.008617257133752,
      "max": 0.9988286109548048,
      "range": 0.9902113538210527
    },
    "x_8": {
      "min": 0.0016607076748005,
      "max": 0.9970346578375732,
      "range": 0.9953739501627726
    },
    "x_9": {
      "min": 0.018160543914364,
      "max": 0.992375564055837,
      "range": 0.9742150201414731
    },
    "x_10": {
      "min": 0.0123026858886028,
      "max": 0.993098862717636,
      "range": 0.9807961768290332
    },
    "x_11": {
      "min": 0.0009899939263861,
      "max": 0.9970690110762436,
      "range": 0.9960790171498575
    }
  },
  "outputs": {
    "y_0": {
      "mean": 0.314910729013541,
      "std": 1.0002885494472047
    },
    "y_1": {
      "mean": 0.29797224637929365,
      "std": 1.081310087935164
    },
    "y_2": {
      "mean": 0.20843642916219318,
      "std": 0.9611879289185439
    },
    "y_3": {
      "mean": 0.1380602925051186,
      "std": 1.039289739561075
    }
  }
}
