{
  "selected_ids": [
    792,
    547,
    536,
    782,
    365,
    920,
    130,
    588,
    726,
    784,
    799,
    285,
    424,
    386,
    937,
    428,
    359,
    968,
    888,
    193,
    506,
    666,
    731,
    334,
    287,
    242,
    673,
    490,
    585,
    805,
    873,
    198,
    972,
    971,
    816,
    940,
    412,
    889,
    436,
    515,
    383,
    996,
    622,
    497,
    576,
    639,
    744,
    620,
    943,
    331,
    457,
    946,
    559,
    857,
    850,
    614,
    191,
    690,
    742,
    488,
    894,
    456,
    253,
    612
  ],
  "uncertainties": [
    0.0002956390380859375,
    0.0003104209899902344,
    0.00057220458984375,
    0.0006699562072753906,
    0.0003039836883544922,
    0.00031065940856933594,
    0.0004467964172363281,
    0.0002815723419189453,
    0.0005936622619628906,
    0.0002875328063964844,
    0.0005702972412109375,
    0.00033092498779296875,
    0.0003879070281982422,
    0.0005512237548828125,
    0.0005016326904296875,
    0.00044274330139160156,
    0.0002906322479248047,
    0.00023090839385986328,
    0.0002834796905517578,
    0.0003883838653564453,
    0.00027060508728027344,
    0.0002455711364746094,
    0.0013818740844726562,
    0.0003139972686767578,
    0.0004124641418457031,
    0.0008358955383300781,
    0.0006651878356933594,
    0.00021350383758544922,
    0.0002884864807128906,
    0.0004036426544189453,
    0.0002598762512207031,
    0.00024390220642089844,
    0.0002510547637939453,
    0.00032591819763183594,
    0.0005221366882324219,
    0.0009503364562988281,
    0.00035190582275390625,
    0.0003211498260498047,
    0.00022232532501220703,
    0.0003142356872558594,
    0.0004878044128417969,
    0.00039458274841308594,
    0.0004608631134033203,
    0.00038909912109375,
    0.00036454200744628906,
    0.0004830360412597656,
    0.00027680397033691406,
    0.0005064010620117188,
    0.0008120536804199219,
    0.0007953643798828125,
    0.0002415180206298828,
    0.00033354759216308594,
    0.0003113746643066406,
    0.0005669593811035156,
    0.0006537437438964844,
    0.0003895759582519531,
    0.0004246234893798828,
    0.00021731853485107422,
    0.0004677772521972656,
    0.00025081634521484375,
    0.0011167526245117188,
    0.00019025802612304688,
    0.0005679130554199219,
    0.00042128562927246094
  ],
  "topk_size": 64,
  "n_clusters": 64,
  "cluster_stats": {
    "0": {
      "size": 5,
      "selected_id": 792,
      "max_uncertainty": 0.0002956390380859375,
      "mean_uncertainty": 0.0002243518829345703
    },
    "1": {
      "size": 9,
      "selected_id": 547,
      "max_uncertainty": 0.0003104209899902344,
      "mean_uncertainty": 0.00021910667419433594
    },
    "2": {
      "size": 2,
      "selected_id": 536,
      "max_uncertainty": 0.00057220458984375,
      "mean_uncertainty": 0.00040984153747558594
    },
    "3": {
      "size": 4,
      "selected_id": 782,
      "max_uncertainty": 0.0006699562072753906,
      "mean_uncertainty": 0.0004949569702148438
    },
    "4": {
      "size": 5,
      "selected_id": 365,
      "max_uncertainty": 0.0003039836883544922,
      "mean_uncertainty": 0.0002605915069580078
    },
    "5": {
      "size": 4,
      "selected_id": 920,
      "max_uncertainty": 0.00031065940856933594,
      "mean_uncertainty": 0.00027489662170410156
    },
    "6": {
      "size": 3,
      "selected_id": 130,
      "max_uncertainty": 0.0004467964172363281,
      "mean_uncertainty": 0.00035858154296875
    },
    "7": {
      "size": 3,
      "selected_id": 588,
      "max_uncertainty": 0.0002815723419189453,
      "mean_uncertainty": 0.0002486705780029297
    },
    "8": {
      "size": 10,
      "selected_id": 726,
      "max_uncertainty": 0.0005936622619628906,
      "mean_uncertainty": 0.00029587745666503906
    },
    "9": {
      "size": 6,
      "selected_id": 784,
      "max_uncertainty": 0.0002875328063964844,
      "mean_uncertainty": 0.0002237558364868164
    },
    "10": {
      "size": 5,
      "selected_id": 799,
      "max_uncertainty": 0.0005702972412109375,
      "mean_uncertainty": 0.0002994537353515625
    },
    "11": {
      "size": 2,
      "selected_id": 285,
      "max_uncertainty": 0.00033092498779296875,
      "mean_uncertainty": 0.0003209114074707031
    },
    "12": {
      "size": 4,
      "selected_id": 424,
      "max_uncertainty": 0.0003879070281982422,
      "mean_uncertainty": 0.00030112266540527344
    },
    "13": {
      "size": 5,
      "selected_id": 386,
      "max_uncertainty": 0.0005512237548828125,
      "mean_uncertainty": 0.0003619194030761719
    },
    "14": {
      "size": 5,
      "selected_id": 937,
      "max_uncertainty": 0.0005016326904296875,
      "mean_uncertainty": 0.000301361083984375
    },
    "15": {
      "size": 10,
      "selected_id": 428,
      "max_uncertainty": 0.00044274330139160156,
      "mean_uncertainty": 0.00028777122497558594
    },
    "16": {
      "size": 2,
      "selected_id": 359,
      "max_uncertainty": 0.0002906322479248047,
      "mean_uncertainty": 0.0002694129943847656
    },
    "17": {
      "size": 3,
      "selected_id": 968,
      "max_uncertainty": 0.00023090839385986328,
      "mean_uncertainty": 0.00020647048950195312
    },
    "18": {
      "size": 7,
      "selected_id": 888,
      "max_uncertainty": 0.0002834796905517578,
      "mean_uncertainty": 0.00023877620697021484
    },
    "19": {
      "size": 4,
      "selected_id": 193,
      "max_uncertainty": 0.0003883838653564453,
      "mean_uncertainty": 0.0002760887145996094
    },
    "20": {
      "size": 3,
      "selected_id": 506,
      "max_uncertainty": 0.00027060508728027344,
      "mean_uncertainty": 0.0002391338348388672
    },
    "21": {
      "size": 6,
      "selected_id": 666,
      "max_uncertainty": 0.0002455711364746094,
      "mean_uncertainty": 0.00020122528076171875
    },
    "22": {
      "size": 1,
      "selected_id": 731,
      "max_uncertainty": 0.0013818740844726562,
      "mean_uncertainty": 0.0013818740844726562
    },
    "23": {
      "size": 6,
      "selected_id": 334,
      "max_uncertainty": 0.0003139972686767578,
      "mean_uncertainty": 0.0002149343490600586
    },
    "24": {
      "size": 4,
      "selected_id": 287,
      "max_uncertainty": 0.0004124641418457031,
      "mean_uncertainty": 0.0003376007080078125
    },
    "25": {
      "size": 4,
      "selected_id": 242,
      "max_uncertainty": 0.0008358955383300781,
      "mean_uncertainty": 0.0006971359252929688
    },
    "26": {
      "size": 7,
      "selected_id": 673,
      "max_uncertainty": 0.0006651878356933594,
      "mean_uncertainty": 0.0005154609680175781
    },
    "27": {
      "size": 4,
      "selected_id": 490,
      "max_uncertainty": 0.00021350383758544922,
      "mean_uncertainty": 0.00019025802612304688
    },
    "28": {
      "size": 5,
      "selected_id": 585,
      "max_uncertainty": 0.0002884864807128906,
      "mean_uncertainty": 0.00022602081298828125
    },
    "29": {
      "size": 3,
      "selected_id": 805,
      "max_uncertainty": 0.0004036426544189453,
      "mean_uncertainty": 0.00027823448181152344
    },
    "30": {
      "size": 5,
      "selected_id": 873,
      "max_uncertainty": 0.0002598762512207031,
      "mean_uncertainty": 0.00022983551025390625
    },
    "31": {
      "size": 2,
      "selected_id": 198,
      "max_uncertainty": 0.00024390220642089844,
      "mean_uncertainty": 0.0002167224884033203
    },
    "32": {
      "size": 2,
      "selected_id": 972,
      "max_uncertainty": 0.0002510547637939453,
      "mean_uncertainty": 0.0002422332763671875
    },
    "33": {
      "size": 4,
      "selected_id": 971,
      "max_uncertainty": 0.00032591819763183594,
      "mean_uncertainty": 0.0002593994140625
    },
    "34": {
      "size": 5,
      "selected_id": 816,
      "max_uncertainty": 0.0005221366882324219,
      "mean_uncertainty": 0.00040435791015625
    },
    "35": {
      "size": 4,