{
  "selected_ids": [
    985,
    988,
    745,
    720,
    748,
    131,
    594,
    903,
    989,
    670,
    662,
    951,
    941,
    265,
    354,
    652,
    740,
    577,
    510,
    886,
    554,
    320,
    702,
    874,
    144,
    249,
    418,
    467,
    129,
    173,
    514,
    478,
    176,
    779,
    330,
    283,
    783,
    185,
    202,
    446,
    568,
    151,
    966,
    607,
    522,
    415,
    533,
    898,
    529,
    425,
    172,
    475,
    378,
    561,
    391,
    846,
    706,
    339,
    672,
    539,
    645,
    797,
    292,
    948
  ],
  "uncertainties": [
    0.0005664825439453125,
    0.0006542205810546875,
    0.0005192756652832031,
    0.0007467269897460938,
    0.0010919570922851562,
    0.0005207061767578125,
    0.0007119178771972656,
    0.0006685256958007812,
    0.000797271728515625,
    0.0006480216979980469,
    0.0008878707885742188,
    0.0006914138793945312,
    0.00048160552978515625,
    0.0008258819580078125,
    0.001010894775390625,
    0.0006537437438964844,
    0.0005593299865722656,
    0.0014209747314453125,
    0.0006518363952636719,
    0.0011987686157226562,
    0.0004258155822753906,
    0.0008153915405273438,
    0.00196075439453125,
    0.0006566047668457031,
    0.000637054443359375,
    0.0009412765502929688,
    0.000980377197265625,
    0.0009059906005859375,
    0.0008707046508789062,
    0.0016498565673828125,
    0.0008449554443359375,
    0.0008988380432128906,
    0.00045013427734375,
    0.0011959075927734375,
    0.0006489753723144531,
    0.00130462646484375,
    0.0005459785461425781,
    0.0015630722045898438,
    0.0006847381591796875,
    0.0004744529724121094,
    0.0007109642028808594,
    0.0004367828369140625,
    0.0007815361022949219,
    0.0004673004150390625,
    0.0012502670288085938,
    0.000949859619140625,
    0.0007996559143066406,
    0.0005197525024414062,
    0.001430511474609375,
    0.0009441375732421875,
    0.0006775856018066406,
    0.0004355907440185547,
    0.002162933349609375,
    0.0008788108825683594,
    0.0005745887756347656,
    0.0009522438049316406,
    0.0013971328735351562,
    0.0010166168212890625,
    0.0005812644958496094,
    0.00038433074951171875,
    0.0005788803100585938,
    0.0005712509155273438,
    0.0003876686096191406,
    0.00043487548828125
  ],
  "topk_size": 64,
  "n_clusters": 64,
  "cluster_stats": {
    "0": {
      "size": 3,
      "selected_id": 985,
      "max_uncertainty": 0.0005664825439453125,
      "mean_uncertainty": 0.00042057037353515625
    },
    "1": {
      "size": 5,
      "selected_id": 988,
      "max_uncertainty": 0.0006542205810546875,
      "mean_uncertainty": 0.00039076805114746094
    },
    "2": {
      "size": 5,
      "selected_id": 745,
      "max_uncertainty": 0.0005192756652832031,
      "mean_uncertainty": 0.000392913818359375
    },
    "3": {
      "size": 7,
      "selected_id": 720,
      "max_uncertainty": 0.0007467269897460938,
      "mean_uncertainty": 0.0005559921264648438
    },
    "4": {
      "size": 4,
      "selected_id": 748,
      "max_uncertainty": 0.0010919570922851562,
      "mean_uncertainty": 0.0008907318115234375
    },
    "5": {
      "size": 9,
      "selected_id": 131,
      "max_uncertainty": 0.0005207061767578125,
      "mean_uncertainty": 0.000423431396484375
    },
    "6": {
      "size": 10,
      "selected_id": 594,
      "max_uncertainty": 0.0007119178771972656,
      "mean_uncertainty": 0.0004086494445800781
    },
    "7": {
      "size": 9,
      "selected_id": 903,
      "max_uncertainty": 0.0006685256958007812,
      "mean_uncertainty": 0.00042176246643066406
    },
    "8": {
      "size": 6,
      "selected_id": 989,
      "max_uncertainty": 0.000797271728515625,
      "mean_uncertainty": 0.0005388259887695312
    },
    "9": {
      "size": 11,
      "selected_id": 670,
      "max_uncertainty": 0.0006480216979980469,
      "mean_uncertainty": 0.0004181861877441406
    },
    "10": {
      "size": 4,
      "selected_id": 662,
      "max_uncertainty": 0.0008878707885742188,
      "mean_uncertainty": 0.0007863044738769531
    },
    "11": {
      "size": 7,
      "selected_id": 951,
      "max_uncertainty": 0.0006914138793945312,
      "mean_uncertainty": 0.0005135536193847656
    },
    "12": {
      "size": 3,
      "selected_id": 941,
      "max_uncertainty": 0.00048160552978515625,
      "mean_uncertainty": 0.00041103363037109375
    },
    "13": {
      "size": 8,
      "selected_id": 265,
      "max_uncertainty": 0.0008258819580078125,
      "mean_uncertainty": 0.0005383491516113281
    },
    "14": {
      "size": 7,
      "selected_id": 354,
      "max_uncertainty": 0.001010894775390625,
      "mean_uncertainty": 0.0007157325744628906
    },
    "15": {
      "size": 8,
      "selected_id": 652,
      "max_uncertainty": 0.0006537437438964844,
      "mean_uncertainty": 0.00042891502380371094
    },
    "16": {
      "size": 3,
      "selected_id": 740,
      "max_uncertainty": 0.0005593299865722656,
      "mean_uncertainty": 0.0004761219024658203
    },
    "17": {
      "size": 6,
      "selected_id": 577,
      "max_uncertainty": 0.0014209747314453125,
      "mean_uncertainty": 0.0011653900146484375
    },
    "18": {
      "size": 8,
      "selected_id": 510,
      "max_uncertainty": 0.0006518363952636719,
      "mean_uncertainty": 0.0005068778991699219
    },
    "19": {
      "size": 6,
      "selected_id": 886,
      "max_uncertainty": 0.0011987686157226562,
      "mean_uncertainty": 0.0008640289306640625
    },
    "20": {
      "size": 6,
      "selected_id": 554,
      "max_uncertainty": 0.0004258155822753906,
      "mean_uncertainty": 0.0003616809844970703
    },
    "21": {
      "size": 3,
      "selected_id": 320,
      "max_uncertainty": 0.0008153915405273438,
      "mean_uncertainty": 0.0006957054138183594
    },
    "22": {
      "size": 3,
      "selected_id": 702,
      "max_uncertainty": 0.00196075439453125,
      "mean_uncertainty": 0.0014314651489257812
    },
    "23": {
      "size": 8,
      "selected_id": 874,
      "max_uncertainty": 0.0006566047668457031,
      "mean_uncertainty": 0.0004725456237792969
    },
    "24": {
      "size": 9,
      "selected_id": 144,
      "max_uncertainty": 0.000637054443359375,
      "mean_uncertainty": 0.00047135353088378906
    },
    "25": {
      "size": 6,
      "selected_id": 249,
      "max_uncertainty": 0.0009412765502929688,
      "mean_uncertainty": 0.0005512237548828125
    },
    "26": {
      "size": 3,
      "selected_id": 418,
      "max_uncertainty": 0.000980377197265625,
      "mean_uncertainty": 0.0009474754333496094
    },
    "27": {
      "size": 3,
      "selected_id": 467,
      "max_uncertainty": 0.0009059906005859375,
      "mean_uncertainty": 0.0008487701416015625
    },
    "28": {
      "size": 5,
      "selected_id": 129,
      "max_uncertainty": 0.0008707046508789062,
      "mean_uncertainty": 0.0008091926574707031
    },
    "29": {
      "size": 4,
      "selected_id": 173,
      "max_uncertainty": 0.0016498565673828125,
      "mean_uncertainty": 0.0015478134155273438
    },
    "30": {
      "size": 5,
      "selected_id": 514,
      "max_uncertainty": 0.0008449554443359375,
      "mean_uncertainty": 0.00060272216796875
    },
    "31": {
      "size": 9,
      "selected_id": 478,
      "max_uncertainty": 0.0008988380432128906,
      "mean_uncertainty": 0.000446319580078125
    },
    "32": {
      "size": 4,
      "selected_id": 176,
      "max_uncertainty": 0.00045013427734375,
      "mean_uncertainty": 0.00039696693420410156
    },
    "33": {
      "size": 6,
      "selected_id": 779,
      "max_uncertainty": 0.0011959075927734375,
      "mean_uncertainty": 0.0005202293395996094
    },
    "34": {
      "size": 7,
      "selected_id": 330,
      "max_uncertainty": 0.0006489753723144531,
      "mean_uncertainty": 0.0004930496215820312
    },
    "35": {
      "size": 2,
      "selected_id": 283,