{
  "selected_ids": [
    513,
    528,
    817,
    944,
    730,
    484,
    275,
    194,
    219,
    240,
    798,
    422,
    184,
    630,
    553,
    310,
    785,
    264,
    627,
    800,
    472,
    237,
    218,
    621,
    836,
    578,
    426,
    593,
    204,
    231,
    442,
    737,
    243,
    548,
    402,
    926,
    761,
    813,
    512,
    827,
    476,
    732,
    796,
    313,
    308,
    848,
    818,
    417,
    333,
    590,
    993,
    778,
    145,
    587,
    401,
    952,
    460,
    883,
    876,
    525,
    560,
    922,
    137,
    615
  ],
  "uncertainties": [
    0.0014934539794921875,
    0.0005297660827636719,
    0.0010023117065429688,
    0.0016574859619140625,
    0.001323699951171875,
    0.0012302398681640625,
    0.0008258819580078125,
    0.0013608932495117188,
    0.0013446807861328125,
    0.0020465850830078125,
    0.0010843276977539062,
    0.001232147216796875,
    0.0008416175842285156,
    0.0022678375244140625,
    0.0017004013061523438,
    0.0009908676147460938,
    0.0010395050048828125,
    0.004192352294921875,
    0.00051116943359375,
    0.0021495819091796875,
    0.0005230903625488281,
    0.0022754669189453125,
    0.0007243156433105469,
    0.0009546279907226562,
    0.0012598037719726562,
    0.0011272430419921875,
    0.0014142990112304688,
    0.0007505416870117188,
    0.0008392333984375,
    0.0008034706115722656,
    0.0008401870727539062,
    0.0009279251098632812,
    0.0008935928344726562,
    0.0009632110595703125,
    0.0007753372192382812,
    0.0006608963012695312,
    0.003086090087890625,
    0.0008149147033691406,
    0.0011749267578125,
    0.0008516311645507812,
    0.0023212432861328125,
    0.0010232925415039062,
    0.0007872581481933594,
    0.0011701583862304688,
    0.001373291015625,
    0.001674652099609375,
    0.0014295578002929688,
    0.0014963150024414062,
    0.0033168792724609375,
    0.0025653839111328125,
    0.00199127197265625,
    0.0011444091796875,
    0.0011205673217773438,
    0.0009541511535644531,
    0.0019664764404296875,
    0.0009312629699707031,
    0.0018310546875,
    0.0019683837890625,
    0.001026153564453125,
    0.00240325927734375,
    0.0010089874267578125,
    0.0009331703186035156,
    0.0006566047668457031,
    0.0025386810302734375
  ],
  "topk_size": 64,
  "n_clusters": 64,
  "cluster_stats": {
    "0": {
      "size": 4,
      "selected_id": 513,
      "max_uncertainty": 0.0014934539794921875,
      "mean_uncertainty": 0.0010051727294921875
    },
    "1": {
      "size": 4,
      "selected_id": 528,
      "max_uncertainty": 0.0005297660827636719,
      "mean_uncertainty": 0.0004930496215820312
    },
    "2": {
      "size": 8,
      "selected_id": 817,
      "max_uncertainty": 0.0010023117065429688,
      "mean_uncertainty": 0.0006308555603027344
    },
    "3": {
      "size": 5,
      "selected_id": 944,
      "max_uncertainty": 0.0016574859619140625,
      "mean_uncertainty": 0.0013246536254882812
    },
    "4": {
      "size": 9,
      "selected_id": 730,
      "max_uncertainty": 0.001323699951171875,
      "mean_uncertainty": 0.0008182525634765625
    },
    "5": {
      "size": 8,
      "selected_id": 484,
      "max_uncertainty": 0.0012302398681640625,
      "mean_uncertainty": 0.0007843971252441406
    },
    "6": {
      "size": 7,
      "selected_id": 275,
      "max_uncertainty": 0.0008258819580078125,
      "mean_uncertainty": 0.0006289482116699219
    },
    "7": {
      "size": 8,
      "selected_id": 194,
      "max_uncertainty": 0.0013608932495117188,
      "mean_uncertainty": 0.0010061264038085938
    },
    "8": {
      "size": 9,
      "selected_id": 219,
      "max_uncertainty": 0.0013446807861328125,
      "mean_uncertainty": 0.0008692741394042969
    },
    "9": {
      "size": 8,
      "selected_id": 240,
      "max_uncertainty": 0.0020465850830078125,
      "mean_uncertainty": 0.0011434555053710938
    },
    "10": {
      "size": 5,
      "selected_id": 798,
      "max_uncertainty": 0.0010843276977539062,
      "mean_uncertainty": 0.0007491111755371094
    },
    "11": {
      "size": 2,
      "selected_id": 422,
      "max_uncertainty": 0.001232147216796875,
      "mean_uncertainty": 0.0010442733764648438
    },
    "12": {
      "size": 13,
      "selected_id": 184,
      "max_uncertainty": 0.0008416175842285156,
      "mean_uncertainty": 0.000614166259765625
    },
    "13": {
      "size": 4,
      "selected_id": 630,
      "max_uncertainty": 0.0022678375244140625,
      "mean_uncertainty": 0.0018110275268554688
    },
    "14": {
      "size": 5,
      "selected_id": 553,
      "max_uncertainty": 0.0017004013061523438,
      "mean_uncertainty": 0.0012416839599609375
    },
    "15": {
      "size": 4,
      "selected_id": 310,
      "max_uncertainty": 0.0009908676147460938,
      "mean_uncertainty": 0.0007710456848144531
    },
    "16": {
      "size": 7,
      "selected_id": 785,
      "max_uncertainty": 0.0010395050048828125,
      "mean_uncertainty": 0.0007405281066894531
    },
    "17": {
      "size": 3,
      "selected_id": 264,
      "max_uncertainty": 0.004192352294921875,
      "mean_uncertainty": 0.0037784576416015625
    },
    "18": {
      "size": 4,
      "selected_id": 627,
      "max_uncertainty": 0.00051116943359375,
      "mean_uncertainty": 0.0004978179931640625
    },
    "19": {
      "size": 9,
      "selected_id": 800,
      "max_uncertainty": 0.0021495819091796875,
      "mean_uncertainty": 0.0015478134155273438
    },
    "20": {
      "size": 3,
      "selected_id": 472,
      "max_uncertainty": 0.0005230903625488281,
      "mean_uncertainty": 0.0005035400390625
    },
    "21": {
      "size": 10,
      "selected_id": 237,
      "max_uncertainty": 0.0022754669189453125,
      "mean_uncertainty": 0.0017795562744140625
    },
    "22": {
      "size": 3,
      "selected_id": 218,
      "max_uncertainty": 0.0007243156433105469,
      "mean_uncertainty": 0.0006132125854492188
    },
    "23": {
      "size": 9,
      "selected_id": 621,
      "max_uncertainty": 0.0009546279907226562,
      "mean_uncertainty": 0.0006728172302246094
    },
    "24": {
      "size": 8,
      "selected_id": 836,
      "max_uncertainty": 0.0012598037719726562,
      "mean_uncertainty": 0.0009164810180664062
    },
    "25": {
      "size": 7,
      "selected_id": 578,
      "max_uncertainty": 0.0011272430419921875,
      "mean_uncertainty": 0.0007796287536621094
    },
    "26": {
      "size": 6,
      "selected_id": 426,
      "max_uncertainty": 0.0014142990112304688,
      "mean_uncertainty": 0.0011568069458007812
    },
    "27": {
      "size": 4,
      "selected_id": 593,
      "max_uncertainty": 0.0007505416870117188,
      "mean_uncertainty": 0.0006704330444335938
    },
    "28": {
      "size": 8,
      "selected_id": 204,
      "max_uncertainty": 0.0008392333984375,
      "mean_uncertainty": 0.0005426406860351562
    },
    "29": {
      "size": 1,
      "selected_id": 231,
      "max_uncertainty": 0.0008034706115722656,
      "mean_uncertainty": 0.0008034706115722656
    },
    "30": {
      "size": 5,
      "selected_id": 442,
      "max_uncertainty": 0.0008401870727539062,
      "mean_uncertainty": 0.0005898475646972656
    },
    "31": {
      "size": 6,
      "selected_id": 737,
      "max_uncertainty": 0.0009279251098632812,
      "mean_uncertainty": 0.0006651878356933594
    },
    "32": {
      "size": 7,
      "selected_id": 243,
      "max_uncertainty": 0.0008935928344726562,
      "mean_uncertainty": 0.0006489753723144531
    },
    "33": {
      "size": 9,
      "selected_id": 548,
      "max_uncertainty": 0.0009632110595703125,
      "mean_uncertainty": 0.000701904296875
    },
    "34": {
      "size": 9,
      "selected_id": 402,
      "max_uncertainty": 0.0007753372192382812,
      "mean_uncertainty": 0.0006103515625
    },
    "35": {
      "size": 7,
      "selected_id": 926,
      "max_uncertainty": 0.0006608963012695312,