{
  "selected_ids": [
    319,
    244,
    722,
    170,
    967,
    452,
    503,
    531,
    448,
    911,
    835,
    314,
    780,
    207,
    700,
    232,
    327,
    851,
    381,
    433,
    534,
    493,
    368,
    821,
    806,
    255,
    441,
    211,
    342,
    189,
    289,
    657,
    869,
    165,
    297,
    183,
    852,
    693,
    680,
    540,
    809,
    995,
    259,
    248,
    895,
    901,
    949,
    625,
    498,
    544,
    843,
    807,
    140,
    414,
    757,
    923,
    868,
    689,
    335,
    374,
    934,
    705,
    489,
    148
  ],
  "uncertainties": [
    0.00029778480529785156,
    0.00013935565948486328,
    0.00011366605758666992,
    0.0001550912857055664,
    0.00017452239990234375,
    0.00018775463104248047,
    0.0001399517059326172,
    0.0001595020294189453,
    0.00015342235565185547,
    0.00022721290588378906,
    0.00018286705017089844,
    0.00024330615997314453,
    0.00019979476928710938,
    0.00023794174194335938,
    0.00034332275390625,
    0.00027060508728027344,
    0.00015807151794433594,
    0.0002040863037109375,
    0.00022292137145996094,
    0.00022900104522705078,
    0.00017571449279785156,
    0.00016367435455322266,
    0.0007719993591308594,
    0.0004017353057861328,
    0.0002949237823486328,
    0.00016176700592041016,
    0.00013709068298339844,
    0.00012695789337158203,
    0.00013113021850585938,
    0.00013709068298339844,
    0.00017654895782470703,
    0.00012946128845214844,
    0.00025081634521484375,
    0.0001627206802368164,
    0.0002200603485107422,
    0.00024008750915527344,
    0.00014030933380126953,
    0.0001964569091796875,
    0.00019669532775878906,
    0.00014865398406982422,
    0.00042819976806640625,
    0.00017178058624267578,
    0.0001914501190185547,
    0.0002143383026123047,
    0.00015497207641601562,
    0.0001608133316040039,
    0.00015819072723388672,
    0.00017368793487548828,
    0.0002034902572631836,
    0.0002307891845703125,
    0.000202178955078125,
    0.00015461444854736328,
    0.00019502639770507812,
    0.00021970272064208984,
    0.00013875961303710938,
    0.00021123886108398438,
    0.00024271011352539062,
    0.00015687942504882812,
    0.0001609325408935547,
    0.00014150142669677734,
    0.00017893314361572266,
    0.0001360177993774414,
    0.0002880096435546875,
    0.0001169443130493164
  ],
  "topk_size": 64,
  "n_clusters": 64,
  "cluster_stats": {
    "0": {
      "size": 3,
      "selected_id": 319,
      "max_uncertainty": 0.00029778480529785156,
      "mean_uncertainty": 0.00020205974578857422
    },
    "1": {
      "size": 4,
      "selected_id": 244,
      "max_uncertainty": 0.00013935565948486328,
      "mean_uncertainty": 0.00013053417205810547
    },
    "2": {
      "size": 1,
      "selected_id": 722,
      "max_uncertainty": 0.00011366605758666992,
      "mean_uncertainty": 0.00011366605758666992
    },
    "3": {
      "size": 2,
      "selected_id": 170,
      "max_uncertainty": 0.0001550912857055664,
      "mean_uncertainty": 0.00014162063598632812
    },
    "4": {
      "size": 1,
      "selected_id": 967,
      "max_uncertainty": 0.00017452239990234375,
      "mean_uncertainty": 0.00017452239990234375
    },
    "5": {
      "size": 3,
      "selected_id": 452,
      "max_uncertainty": 0.00018775463104248047,
      "mean_uncertainty": 0.00016176700592041016
    },
    "6": {
      "size": 3,
      "selected_id": 503,
      "max_uncertainty": 0.0001399517059326172,
      "mean_uncertainty": 0.00012105703353881836
    },
    "7": {
      "size": 2,
      "selected_id": 531,
      "max_uncertainty": 0.0001595020294189453,
      "mean_uncertainty": 0.0001577138900756836
    },
    "8": {
      "size": 2,
      "selected_id": 448,
      "max_uncertainty": 0.00015342235565185547,
      "mean_uncertainty": 0.00015020370483398438
    },
    "9": {
      "size": 2,
      "selected_id": 911,
      "max_uncertainty": 0.00022721290588378906,
      "mean_uncertainty": 0.00016963481903076172
    },
    "10": {
      "size": 3,
      "selected_id": 835,
      "max_uncertainty": 0.00018286705017089844,
      "mean_uncertainty": 0.00013399124145507812
    },
    "11": {
      "size": 4,
      "selected_id": 314,
      "max_uncertainty": 0.00024330615997314453,
      "mean_uncertainty": 0.0001506805419921875
    },
    "12": {
      "size": 4,
      "selected_id": 780,
      "max_uncertainty": 0.00019979476928710938,
      "mean_uncertainty": 0.0001633167266845703
    },
    "13": {
      "size": 2,
      "selected_id": 207,
      "max_uncertainty": 0.00023794174194335938,
      "mean_uncertainty": 0.00018584728240966797
    },
    "14": {
      "size": 4,
      "selected_id": 700,
      "max_uncertainty": 0.00034332275390625,
      "mean_uncertainty": 0.00021338462829589844
    },
    "15": {
      "size": 2,
      "selected_id": 232,
      "max_uncertainty": 0.00027060508728027344,
      "mean_uncertainty": 0.00021648406982421875
    },
    "16": {
      "size": 4,
      "selected_id": 327,
      "max_uncertainty": 0.00015807151794433594,
      "mean_uncertainty": 0.00012743473052978516
    },
    "17": {
      "size": 4,
      "selected_id": 851,
      "max_uncertainty": 0.0002040863037109375,
      "mean_uncertainty": 0.000164031982421875
    },
    "18": {
      "size": 7,
      "selected_id": 381,
      "max_uncertainty": 0.00022292137145996094,
      "mean_uncertainty": 0.00017535686492919922
    },
    "19": {
      "size": 2,
      "selected_id": 433,
      "max_uncertainty": 0.00022900104522705078,
      "mean_uncertainty": 0.00016999244689941406
    },
    "20": {
      "size": 4,
      "selected_id": 534,
      "max_uncertainty": 0.00017571449279785156,
      "mean_uncertainty": 0.0001399517059326172
    },
    "21": {
      "size": 1,
      "selected_id": 493,
      "max_uncertainty": 0.00016367435455322266,
      "mean_uncertainty": 0.00016367435455322266
    },
    "22": {
      "size": 3,
      "selected_id": 368,
      "max_uncertainty": 0.0007719993591308594,
      "mean_uncertainty": 0.0005679130554199219
    },
    "23": {
      "size": 4,
      "selected_id": 821,
      "max_uncertainty": 0.0004017353057861328,
      "mean_uncertainty": 0.00021600723266601562
    },
    "24": {
      "size": 4,
      "selected_id": 806,
      "max_uncertainty": 0.0002949237823486328,
      "mean_uncertainty": 0.0001842975616455078
    },
    "25": {
      "size": 3,
      "selected_id": 255,
      "max_uncertainty": 0.00016176700592041016,
      "mean_uncertainty": 0.00013887882232666016
    },
    "26": {
      "size": 1,
      "selected_id": 441,
      "max_uncertainty": 0.00013709068298339844,
      "mean_uncertainty": 0.00013709068298339844
    },
    "27": {
      "size": 1,
      "selected_id": 211,
      "max_uncertainty": 0.00012695789337158203,
      "mean_uncertainty": 0.00012695789337158203
    },
    "28": {
      "size": 3,
      "selected_id": 342,
      "max_uncertainty": 0.00013113021850585938,
      "mean_uncertainty": 0.00012058019638061523
    },
    "29": {
      "size": 1,
      "selected_id": 189,
      "max_uncertainty": 0.00013709068298339844,
      "mean_uncertainty": 0.00013709068298339844
    },
    "30": {
      "size": 3,
      "selected_id": 289,
      "max_uncertainty": 0.00017654895782470703,
      "mean_uncertainty": 0.00016438961029052734
    },
    "31": {
      "size": 2,
      "selected_id": 657,
      "max_uncertainty": 0.00012946128845214844,
      "mean_uncertainty": 0.0001233816146850586
    },
    "32": {
      "size": 1,
      "selected_id": 869,
      "max_uncertainty": 0.00025081634521484375,
      "mean_uncertainty": 0.00025081634521484375
    },
    "33": {
      "size": 5,
      "selected_id": 165,
      "max_uncertainty": 0.0001627206802368164,
      "mean_uncertainty": 0.00012922286987304688
    },
    "34": {
      "size": 3,
      "selected_id": 297,
      "max_uncertainty": 0.0002200603485107422,