{
  "selected_ids": [
    152,
    965,
    880,
    624,
    355,
    837,
    950,
    181,
    343,
    611,
    877,
    770,
    703,
    162,
    537,
    328,
    136,
    358,
    128,
    421,
    266,
    236,
    324,
    716,
    870,
    486,
    793,
    409,
    164,
    435,
    349,
    507,
    707,
    294,
    346,
    626,
    717,
    862,
    340,
    573,
    260,
    487,
    711,
    258,
    804,
    309,
    315,
    169,
    991,
    708,
    526,
    462,
    449,
    471,
    760,
    935,
    369,
    582,
    801,
    713,
    832,
    916,
    132,
    311
  ],
  "uncertainties": [
    0.0003006458282470703,
    0.0003399848937988281,
    0.0002244710922241211,
    0.0004172325134277344,
    0.0002827644348144531,
    0.00029015541076660156,
    0.00015366077423095703,
    0.0002353191375732422,
    0.00036644935607910156,
    0.0003459453582763672,
    0.0010404586791992188,
    0.000385284423828125,
    0.0002067089080810547,
    0.0002601146697998047,
    0.0003581047058105469,
    0.000492095947265625,
    0.00020766258239746094,
    0.0004165172576904297,
    0.0002722740173339844,
    0.000545501708984375,
    0.00019025802612304688,
    0.00044536590576171875,
    0.0003192424774169922,
    0.00034499168395996094,
    0.0003139972686767578,
    0.00023055076599121094,
    0.0003426074981689453,
    0.0004074573516845703,
    0.00021600723266601562,
    0.00023126602172851562,
    0.0001838207244873047,
    0.00032210350036621094,
    0.0003371238708496094,
    0.0002124309539794922,
    0.00020122528076171875,
    0.0008778572082519531,
    0.0003783702850341797,
    0.00038051605224609375,
    0.00026035308837890625,
    0.0002608299255371094,
    0.0007524490356445312,
    0.00016415119171142578,
    0.00031948089599609375,
    0.00022542476654052734,
    0.0001672506332397461,
    0.0002315044403076172,
    0.00022900104522705078,
    0.00027751922607421875,
    0.0005879402160644531,
    0.0004825592041015625,
    0.0004622936248779297,
    0.0002892017364501953,
    0.0003809928894042969,
    0.00051116943359375,
    0.00031113624572753906,
    0.0002453327178955078,
    0.0008749961853027344,
    0.0003116130828857422,
    0.00027561187744140625,
    0.0002315044403076172,
    0.0005574226379394531,
    0.00034427642822265625,
    0.0006575584411621094,
    0.00015914440155029297
  ],
  "topk_size": 64,
  "n_clusters": 64,
  "cluster_stats": {
    "0": {
      "size": 6,
      "selected_id": 152,
      "max_uncertainty": 0.0003006458282470703,
      "mean_uncertainty": 0.0002307891845703125
    },
    "1": {
      "size": 3,
      "selected_id": 965,
      "max_uncertainty": 0.0003399848937988281,
      "mean_uncertainty": 0.00027942657470703125
    },
    "2": {
      "size": 3,
      "selected_id": 880,
      "max_uncertainty": 0.0002244710922241211,
      "mean_uncertainty": 0.00017130374908447266
    },
    "3": {
      "size": 2,
      "selected_id": 624,
      "max_uncertainty": 0.0004172325134277344,
      "mean_uncertainty": 0.0003268718719482422
    },
    "4": {
      "size": 5,
      "selected_id": 355,
      "max_uncertainty": 0.0002827644348144531,
      "mean_uncertainty": 0.00021219253540039062
    },
    "5": {
      "size": 3,
      "selected_id": 837,
      "max_uncertainty": 0.00029015541076660156,
      "mean_uncertainty": 0.0002263784408569336
    },
    "6": {
      "size": 4,
      "selected_id": 950,
      "max_uncertainty": 0.00015366077423095703,
      "mean_uncertainty": 0.00014913082122802734
    },
    "7": {
      "size": 5,
      "selected_id": 181,
      "max_uncertainty": 0.0002353191375732422,
      "mean_uncertainty": 0.00019037723541259766
    },
    "8": {
      "size": 5,
      "selected_id": 343,
      "max_uncertainty": 0.00036644935607910156,
      "mean_uncertainty": 0.0002772808074951172
    },
    "9": {
      "size": 5,
      "selected_id": 611,
      "max_uncertainty": 0.0003459453582763672,
      "mean_uncertainty": 0.00023221969604492188
    },
    "10": {
      "size": 2,
      "selected_id": 877,
      "max_uncertainty": 0.0010404586791992188,
      "mean_uncertainty": 0.0008783340454101562
    },
    "11": {
      "size": 7,
      "selected_id": 770,
      "max_uncertainty": 0.000385284423828125,
      "mean_uncertainty": 0.0002837181091308594
    },
    "12": {
      "size": 3,
      "selected_id": 703,
      "max_uncertainty": 0.0002067089080810547,
      "mean_uncertainty": 0.00017583370208740234
    },
    "13": {
      "size": 5,
      "selected_id": 162,
      "max_uncertainty": 0.0002601146697998047,
      "mean_uncertainty": 0.000202178955078125
    },
    "14": {
      "size": 6,
      "selected_id": 537,
      "max_uncertainty": 0.0003581047058105469,
      "mean_uncertainty": 0.00023233890533447266
    },
    "15": {
      "size": 6,
      "selected_id": 328,
      "max_uncertainty": 0.000492095947265625,
      "mean_uncertainty": 0.00026106834411621094
    },
    "16": {
      "size": 4,
      "selected_id": 136,
      "max_uncertainty": 0.00020766258239746094,
      "mean_uncertainty": 0.00018548965454101562
    },
    "17": {
      "size": 5,
      "selected_id": 358,
      "max_uncertainty": 0.0004165172576904297,
      "mean_uncertainty": 0.00026679039001464844
    },
    "18": {
      "size": 4,
      "selected_id": 128,
      "max_uncertainty": 0.0002722740173339844,
      "mean_uncertainty": 0.00023734569549560547
    },
    "19": {
      "size": 6,
      "selected_id": 421,
      "max_uncertainty": 0.000545501708984375,
      "mean_uncertainty": 0.00043582916259765625
    },
    "20": {
      "size": 5,
      "selected_id": 266,
      "max_uncertainty": 0.00019025802612304688,
      "mean_uncertainty": 0.0001608133316040039
    },
    "21": {
      "size": 1,
      "selected_id": 236,
      "max_uncertainty": 0.00044536590576171875,
      "mean_uncertainty": 0.00044536590576171875
    },
    "22": {
      "size": 6,
      "selected_id": 324,
      "max_uncertainty": 0.0003192424774169922,
      "mean_uncertainty": 0.0001971721649169922
    },
    "23": {
      "size": 4,
      "selected_id": 716,
      "max_uncertainty": 0.00034499168395996094,
      "mean_uncertainty": 0.0002503395080566406
    },
    "24": {
      "size": 6,
      "selected_id": 870,
      "max_uncertainty": 0.0003139972686767578,
      "mean_uncertainty": 0.00025010108947753906
    },
    "25": {
      "size": 4,
      "selected_id": 486,
      "max_uncertainty": 0.00023055076599121094,
      "mean_uncertainty": 0.000194549560546875
    },
    "26": {
      "size": 5,
      "selected_id": 793,
      "max_uncertainty": 0.0003426074981689453,
      "mean_uncertainty": 0.00024116039276123047
    },
    "27": {
      "size": 3,
      "selected_id": 409,
      "max_uncertainty": 0.0004074573516845703,
      "mean_uncertainty": 0.0002548694610595703
    },
    "28": {
      "size": 1,
      "selected_id": 164,
      "max_uncertainty": 0.00021600723266601562,
      "mean_uncertainty": 0.00021600723266601562
    },
    "29": {
      "size": 5,
      "selected_id": 435,
      "max_uncertainty": 0.00023126602172851562,
      "mean_uncertainty": 0.00017213821411132812
    },
    "30": {
      "size": 1,
      "selected_id": 349,
      "max_uncertainty": 0.0001838207244873047,
      "mean_uncertainty": 0.0001838207244873047
    },
    "31": {
      "size": 6,
      "selected_id": 507,
      "max_uncertainty": 0.00032210350036621094,
      "mean_uncertainty": 0.00020956993103027344
    },
    "32": {
      "size": 3,
      "selected_id": 707,
      "max_uncertainty": 0.0003371238708496094,
      "mean_uncertainty": 0.00025081634521484375
    },
    "33": {
      "size": 4,
      "selected_id": 294,
      "max_uncertainty": 0.0002124309539794922,
      "mean_uncertainty": 0.00019073486328125
    },
    "34": {
      "size": 3,
      "selected_id": 346,
      "max_uncertainty": 0.00020122528076171875,
      "mean_uncertainty": 0.00017511844635009766
    },