{
  "selected_ids": [
    444,
    919,
    178,
    924,
    856,
    840,
    839,
    495,
    192,
    190,
    683,
    667,
    741,
    305,
    545,
    678,
    751,
    481,
    458,
    177,
    653,
    153,
    372,
    557,
    361,
    392,
    385,
    567,
    910,
    977,
    842,
    685,
    959,
    609,
    788,
    727,
    508,
    957,
    197,
    932,
    723,
    419,
    299,
    143,
    927,
    263,
    474,
    866,
    976,
    641,
    617,
    298,
    822,
    918,
    909,
    496,
    997,
    304,
    382,
    221,
    969,
    279,
    188,
    771
  ],
  "uncertainties": [
    0.00037407875061035156,
    0.0003216266632080078,
    0.00036215782165527344,
    0.0009984970092773438,
    0.0005536079406738281,
    0.0002923011779785156,
    0.0003058910369873047,
    0.0005812644958496094,
    0.0005393028259277344,
    0.0003070831298828125,
    0.0006103515625,
    0.0005507469177246094,
    0.0003190040588378906,
    0.00060272216796875,
    0.0004897117614746094,
    0.0002779960632324219,
    0.0006551742553710938,
    0.0008535385131835938,
    0.0007429122924804688,
    0.0008912086486816406,
    0.0010356903076171875,
    0.0007119178771972656,
    0.0004398822784423828,
    0.00042891502380371094,
    0.0003204345703125,
    0.0003323554992675781,
    0.0005774497985839844,
    0.00032138824462890625,
    0.0015249252319335938,
    0.0003426074981689453,
    0.0006566047668457031,
    0.0003948211669921875,
    0.00147247314453125,
    0.0004031658172607422,
    0.00028395652770996094,
    0.0003669261932373047,
    0.0004417896270751953,
    0.0005083084106445312,
    0.000637054443359375,
    0.0003178119659423828,
    0.0006699562072753906,
    0.0002720355987548828,
    0.0008864402770996094,
    0.000537872314453125,
    0.0003635883331298828,
    0.0004150867462158203,
    0.00041604042053222656,
    0.0004258155822753906,
    0.0009832382202148438,
    0.00049591064453125,
    0.0005559921264648438,
    0.00032711029052734375,
    0.0006427764892578125,
    0.0003886222839355469,
    0.0002593994140625,
    0.0004107952117919922,
    0.0003864765167236328,
    0.00038552284240722656,
    0.0003857612609863281,
    0.0007672309875488281,
    0.0012502670288085938,
    0.00021338462829589844,
    0.0007538795471191406,
    0.00036072731018066406
  ],
  "topk_size": 64,
  "n_clusters": 64,
  "cluster_stats": {
    "0": {
      "size": 4,
      "selected_id": 444,
      "max_uncertainty": 0.00037407875061035156,
      "mean_uncertainty": 0.0002636909484863281
    },
    "1": {
      "size": 2,
      "selected_id": 919,
      "max_uncertainty": 0.0003216266632080078,
      "mean_uncertainty": 0.0002963542938232422
    },
    "2": {
      "size": 8,
      "selected_id": 178,
      "max_uncertainty": 0.00036215782165527344,
      "mean_uncertainty": 0.0002758502960205078
    },
    "3": {
      "size": 6,
      "selected_id": 924,
      "max_uncertainty": 0.0009984970092773438,
      "mean_uncertainty": 0.0006513595581054688
    },
    "4": {
      "size": 5,
      "selected_id": 856,
      "max_uncertainty": 0.0005536079406738281,
      "mean_uncertainty": 0.00040793418884277344
    },
    "5": {
      "size": 3,
      "selected_id": 840,
      "max_uncertainty": 0.0002923011779785156,
      "mean_uncertainty": 0.0002663135528564453
    },
    "6": {
      "size": 3,
      "selected_id": 839,
      "max_uncertainty": 0.0003058910369873047,
      "mean_uncertainty": 0.0002589225769042969
    },
    "7": {
      "size": 4,
      "selected_id": 495,
      "max_uncertainty": 0.0005812644958496094,
      "mean_uncertainty": 0.00043582916259765625
    },
    "8": {
      "size": 5,
      "selected_id": 192,
      "max_uncertainty": 0.0005393028259277344,
      "mean_uncertainty": 0.00029468536376953125
    },
    "9": {
      "size": 5,
      "selected_id": 190,
      "max_uncertainty": 0.0003070831298828125,
      "mean_uncertainty": 0.0002586841583251953
    },
    "10": {
      "size": 6,
      "selected_id": 683,
      "max_uncertainty": 0.0006103515625,
      "mean_uncertainty": 0.00039124488830566406
    },
    "11": {
      "size": 4,
      "selected_id": 667,
      "max_uncertainty": 0.0005507469177246094,
      "mean_uncertainty": 0.0004322528839111328
    },
    "12": {
      "size": 5,
      "selected_id": 741,
      "max_uncertainty": 0.0003190040588378906,
      "mean_uncertainty": 0.0002613067626953125
    },
    "13": {
      "size": 11,
      "selected_id": 305,
      "max_uncertainty": 0.00060272216796875,
      "mean_uncertainty": 0.00031638145446777344
    },
    "14": {
      "size": 5,
      "selected_id": 545,
      "max_uncertainty": 0.0004897117614746094,
      "mean_uncertainty": 0.0003631114959716797
    },
    "15": {
      "size": 5,
      "selected_id": 678,
      "max_uncertainty": 0.0002779960632324219,
      "mean_uncertainty": 0.00023496150970458984
    },
    "16": {
      "size": 3,
      "selected_id": 751,
      "max_uncertainty": 0.0006551742553710938,
      "mean_uncertainty": 0.0004115104675292969
    },
    "17": {
      "size": 4,
      "selected_id": 481,
      "max_uncertainty": 0.0008535385131835938,
      "mean_uncertainty": 0.0006761550903320312
    },
    "18": {
      "size": 8,
      "selected_id": 458,
      "max_uncertainty": 0.0007429122924804688,
      "mean_uncertainty": 0.0005054473876953125
    },
    "19": {
      "size": 6,
      "selected_id": 177,
      "max_uncertainty": 0.0008912086486816406,
      "mean_uncertainty": 0.000652313232421875
    },
    "20": {
      "size": 5,
      "selected_id": 653,
      "max_uncertainty": 0.0010356903076171875,
      "mean_uncertainty": 0.0008254051208496094
    },
    "21": {
      "size": 7,
      "selected_id": 153,
      "max_uncertainty": 0.0007119178771972656,
      "mean_uncertainty": 0.0004673004150390625
    },
    "22": {
      "size": 7,
      "selected_id": 372,
      "max_uncertainty": 0.0004398822784423828,
      "mean_uncertainty": 0.0003402233123779297
    },
    "23": {
      "size": 5,
      "selected_id": 557,
      "max_uncertainty": 0.00042891502380371094,
      "mean_uncertainty": 0.0003561973571777344
    },
    "24": {
      "size": 7,
      "selected_id": 361,
      "max_uncertainty": 0.0003204345703125,
      "mean_uncertainty": 0.0002567768096923828
    },
    "25": {
      "size": 7,
      "selected_id": 392,
      "max_uncertainty": 0.0003323554992675781,
      "mean_uncertainty": 0.00029587745666503906
    },
    "26": {
      "size": 6,
      "selected_id": 385,
      "max_uncertainty": 0.0005774497985839844,
      "mean_uncertainty": 0.0004782676696777344
    },
    "27": {
      "size": 7,
      "selected_id": 567,
      "max_uncertainty": 0.00032138824462890625,
      "mean_uncertainty": 0.0002646446228027344
    },
    "28": {
      "size": 3,
      "selected_id": 910,
      "max_uncertainty": 0.0015249252319335938,
      "mean_uncertainty": 0.0013427734375
    },
    "29": {
      "size": 1,
      "selected_id": 977,
      "max_uncertainty": 0.0003426074981689453,
      "mean_uncertainty": 0.0003426074981689453
    },
    "30": {
      "size": 7,
      "selected_id": 842,
      "max_uncertainty": 0.0006566047668457031,
      "mean_uncertainty": 0.0003674030303955078
    },
    "31": {
      "size": 7,
      "selected_id": 685,
      "max_uncertainty": 0.0003948211669921875,
      "mean_uncertainty": 0.000270843505859375
    },
    "32": {
      "size": 4,
      "selected_id": 959,
      "max_uncertainty": 0.00147247314453125,
      "mean_uncertainty": 0.001171112060546875
    },
    "33": {
      "size": 2,
      "selected_id": 609,
      "max_uncertainty": 0.0004031658172607422,
      "mean_uncertainty": 0.0003314018249511719
    },
    "34": {
      "size": 4,
      "selected_id": 788,
      "max_uncertainty": 0.00028395652770996094,
      "mean_uncertainty": 0.0002491474151611328
    },
    "35": {
      "size": 4,
      "selected_id": 727,