{
  "selected_ids": [
    504,
    834,
    765,
    743,
    668,
    725,
    500,
    291,
    398,
    586,
    900,
    357,
    139,
    171,
    272,
    602,
    317,
    491,
    135,
    774,
    465,
    518,
    853,
    208,
    859,
    847,
    520,
    695,
    790,
    480,
    326,
    519,
    728,
    939,
    431,
    288,
    268,
    195,
    912,
    831,
    915,
    715,
    820,
    345,
    404,
    606,
    833,
    396,
    803,
    399,
    516,
    814,
    411,
    509,
    179,
    543,
    303,
    734,
    455,
    823,
    795,
    648,
    608,
    351
  ],
  "uncertainties": [
    0.00027680397033691406,
    0.0001811981201171875,
    0.0001513957977294922,
    0.00032258033752441406,
    0.0002351999282836914,
    0.0001811981201171875,
    0.00027060508728027344,
    0.0005207061767578125,
    0.000308990478515625,
    0.0001780986785888672,
    0.00021123886108398438,
    0.0001856088638305664,
    0.0006899833679199219,
    0.00019407272338867188,
    0.00028896331787109375,
    0.0002865791320800781,
    0.00019049644470214844,
    0.0002104043960571289,
    0.0002570152282714844,
    0.00022852420806884766,
    0.00027489662170410156,
    0.0003647804260253906,
    0.0001844167709350586,
    0.00021946430206298828,
    0.0002777576446533203,
    0.0001856088638305664,
    0.00020635128021240234,
    0.0001767873764038086,
    0.00021445751190185547,
    0.0002770423889160156,
    0.00032401084899902344,
    0.00029921531677246094,
    0.0001341104507446289,
    0.00022459030151367188,
    0.00018227100372314453,
    0.0007901191711425781,
    0.00024700164794921875,
    0.00026679039001464844,
    0.00023818016052246094,
    0.00024890899658203125,
    0.00047707557678222656,
    0.00021469593048095703,
    0.0002357959747314453,
    0.000247955322265625,
    0.0003476142883300781,
    0.0002512931823730469,
    0.0001360177993774414,
    0.00016391277313232422,
    0.0003876686096191406,
    0.00021445751190185547,
    0.0002396106719970703,
    0.00019180774688720703,
    0.00021755695343017578,
    0.0003216266632080078,
    0.0001405477523803711,
    0.00022137165069580078,
    0.0002346038818359375,
    0.0002562999725341797,
    0.00016427040100097656,
    0.0002589225769042969,
    0.000255584716796875,
    0.00020813941955566406,
    0.00016880035400390625,
    0.0001443624496459961
  ],
  "topk_size": 64,
  "n_clusters": 64,
  "cluster_stats": {
    "0": {
      "size": 3,
      "selected_id": 504,
      "max_uncertainty": 0.00027680397033691406,
      "mean_uncertainty": 0.00020647048950195312
    },
    "1": {
      "size": 4,
      "selected_id": 834,
      "max_uncertainty": 0.0001811981201171875,
      "mean_uncertainty": 0.00016319751739501953
    },
    "2": {
      "size": 5,
      "selected_id": 765,
      "max_uncertainty": 0.0001513957977294922,
      "mean_uncertainty": 0.0001347064971923828
    },
    "3": {
      "size": 5,
      "selected_id": 743,
      "max_uncertainty": 0.00032258033752441406,
      "mean_uncertainty": 0.0002486705780029297
    },
    "4": {
      "size": 2,
      "selected_id": 668,
      "max_uncertainty": 0.0002351999282836914,
      "mean_uncertainty": 0.0002200603485107422
    },
    "5": {
      "size": 4,
      "selected_id": 725,
      "max_uncertainty": 0.0001811981201171875,
      "mean_uncertainty": 0.00015997886657714844
    },
    "6": {
      "size": 4,
      "selected_id": 500,
      "max_uncertainty": 0.00027060508728027344,
      "mean_uncertainty": 0.0001970529556274414
    },
    "7": {
      "size": 1,
      "selected_id": 291,
      "max_uncertainty": 0.0005207061767578125,
      "mean_uncertainty": 0.0005207061767578125
    },
    "8": {
      "size": 7,
      "selected_id": 398,
      "max_uncertainty": 0.000308990478515625,
      "mean_uncertainty": 0.00022399425506591797
    },
    "9": {
      "size": 3,
      "selected_id": 586,
      "max_uncertainty": 0.0001780986785888672,
      "mean_uncertainty": 0.00014770030975341797
    },
    "10": {
      "size": 5,
      "selected_id": 900,
      "max_uncertainty": 0.00021123886108398438,
      "mean_uncertainty": 0.0001609325408935547
    },
    "11": {
      "size": 3,
      "selected_id": 357,
      "max_uncertainty": 0.0001856088638305664,
      "mean_uncertainty": 0.00016415119171142578
    },
    "12": {
      "size": 5,
      "selected_id": 139,
      "max_uncertainty": 0.0006899833679199219,
      "mean_uncertainty": 0.00044918060302734375
    },
    "13": {
      "size": 4,
      "selected_id": 171,
      "max_uncertainty": 0.00019407272338867188,
      "mean_uncertainty": 0.00014793872833251953
    },
    "14": {
      "size": 2,
      "selected_id": 272,
      "max_uncertainty": 0.00028896331787109375,
      "mean_uncertainty": 0.00022780895233154297
    },
    "15": {
      "size": 2,
      "selected_id": 602,
      "max_uncertainty": 0.0002865791320800781,
      "mean_uncertainty": 0.00028514862060546875
    },
    "16": {
      "size": 5,
      "selected_id": 317,
      "max_uncertainty": 0.00019049644470214844,
      "mean_uncertainty": 0.00015497207641601562
    },
    "17": {
      "size": 4,
      "selected_id": 491,
      "max_uncertainty": 0.0002104043960571289,
      "mean_uncertainty": 0.0001666545867919922
    },
    "18": {
      "size": 3,
      "selected_id": 135,
      "max_uncertainty": 0.0002570152282714844,
      "mean_uncertainty": 0.00021779537200927734
    },
    "19": {
      "size": 3,
      "selected_id": 774,
      "max_uncertainty": 0.00022852420806884766,
      "mean_uncertainty": 0.00018095970153808594
    },
    "20": {
      "size": 5,
      "selected_id": 465,
      "max_uncertainty": 0.00027489662170410156,
      "mean_uncertainty": 0.00019168853759765625
    },
    "21": {
      "size": 2,
      "selected_id": 518,
      "max_uncertainty": 0.0003647804260253906,
      "mean_uncertainty": 0.00028705596923828125
    },
    "22": {
      "size": 2,
      "selected_id": 853,
      "max_uncertainty": 0.0001844167709350586,
      "mean_uncertainty": 0.00016307830810546875
    },
    "23": {
      "size": 2,
      "selected_id": 208,
      "max_uncertainty": 0.00021946430206298828,
      "mean_uncertainty": 0.00018024444580078125
    },
    "24": {
      "size": 5,
      "selected_id": 859,
      "max_uncertainty": 0.0002777576446533203,
      "mean_uncertainty": 0.0002130270004272461
    },
    "25": {
      "size": 2,
      "selected_id": 847,
      "max_uncertainty": 0.0001856088638305664,
      "mean_uncertainty": 0.00018453598022460938
    },
    "26": {
      "size": 6,
      "selected_id": 520,
      "max_uncertainty": 0.00020635128021240234,
      "mean_uncertainty": 0.00017762184143066406
    },
    "27": {
      "size": 2,
      "selected_id": 695,
      "max_uncertainty": 0.0001767873764038086,
      "mean_uncertainty": 0.00016355514526367188
    },
    "28": {
      "size": 3,
      "selected_id": 790,
      "max_uncertainty": 0.00021445751190185547,
      "mean_uncertainty": 0.0001747608184814453
    },
    "29": {
      "size": 3,
      "selected_id": 480,
      "max_uncertainty": 0.0002770423889160156,
      "mean_uncertainty": 0.00020229816436767578
    },
    "30": {
      "size": 3,
      "selected_id": 326,
      "max_uncertainty": 0.00032401084899902344,
      "mean_uncertainty": 0.0002562999725341797
    },
    "31": {
      "size": 3,
      "selected_id": 519,
      "max_uncertainty": 0.00029921531677246094,
      "mean_uncertainty": 0.0002510547637939453
    },
    "32": {
      "size": 1,
      "selected_id": 728,
      "max_uncertainty": 0.0001341104507446289,
      "mean_uncertainty": 0.0001341104507446289
    },
    "33": {
      "size": 2,
      "selected_id": 939,
      "max_uncertainty": 0.00022459030151367188,
      "mean_uncertainty": 0.0002073049545288086
    },
    "34": {
      "size": 4,
      "selected_id": 431,
      "max_uncertainty": 0.00018227100372314453,
      "mean_uncertainty": 0.0001461505889892578
    },