{
  "selected_ids": [
    454,
    669,
    147,
    860,
    134,
    897,
    613,
    674,
    229,
    999,
    601,
    397,
    973,
    451,
    755,
    640,
    647,
    182,
    267,
    961,
    581,
    403,
    575,
    199,
    649,
    277,
    450,
    651,
    155,
    845,
    596,
    347,
    865,
    482,
    180,
    855,
    158,
    646,
    675,
    902,
    262,
    914,
    697,
    362,
    306,
    364,
    400,
    434,
    928,
    595,
    318,
    885,
    729,
    201,
    356,
    945,
    535,
    492,
    681,
    756,
    530,
    293,
    694,
    981
  ],
  "uncertainties": [
    0.0019855499267578125,
    0.0028076171875,
    0.0010728836059570312,
    0.0012254714965820312,
    0.0012607574462890625,
    0.0012178421020507812,
    0.0012769699096679688,
    0.00251007080078125,
    0.002170562744140625,
    0.0014438629150390625,
    0.0019330978393554688,
    0.0015478134155273438,
    0.0010309219360351562,
    0.0020275115966796875,
    0.0023822784423828125,
    0.0010080337524414062,
    0.0013275146484375,
    0.001903533935546875,
    0.0015125274658203125,
    0.0015201568603515625,
    0.0014820098876953125,
    0.001880645751953125,
    0.0012884140014648438,
    0.0011720657348632812,
    0.0015707015991210938,
    0.0015048980712890625,
    0.001308441162109375,
    0.0019006729125976562,
    0.0028171539306640625,
    0.0011615753173828125,
    0.001049041748046875,
    0.0019683837890625,
    0.0010890960693359375,
    0.001354217529296875,
    0.0018339157104492188,
    0.0021610260009765625,
    0.0017032623291015625,
    0.0016374588012695312,
    0.0015363693237304688,
    0.0015687942504882812,
    0.0027904510498046875,
    0.0018768310546875,
    0.0010690689086914062,
    0.0015058517456054688,
    0.0017337799072265625,
    0.002086639404296875,
    0.0017185211181640625,
    0.0011072158813476562,
    0.0026149749755859375,
    0.00220489501953125,
    0.0012264251708984375,
    0.0018892288208007812,
    0.0017642974853515625,
    0.0010080337524414062,
    0.001068115234375,
    0.0012559890747070312,
    0.00299072265625,
    0.0012416839599609375,
    0.001476287841796875,
    0.0030498504638671875,
    0.0012025833129882812,
    0.0020160675048828125,
    0.0023937225341796875,
    0.0014238357543945312
  ],
  "topk_size": 64,
  "n_clusters": 64,
  "cluster_stats": {
    "0": {
      "size": 6,
      "selected_id": 454,
      "max_uncertainty": 0.0019855499267578125,
      "mean_uncertainty": 0.0013818740844726562
    },
    "1": {
      "size": 7,
      "selected_id": 669,
      "max_uncertainty": 0.0028076171875,
      "mean_uncertainty": 0.0014238357543945312
    },
    "2": {
      "size": 8,
      "selected_id": 147,
      "max_uncertainty": 0.0010728836059570312,
      "mean_uncertainty": 0.0009427070617675781
    },
    "3": {
      "size": 5,
      "selected_id": 860,
      "max_uncertainty": 0.0012254714965820312,
      "mean_uncertainty": 0.0011034011840820312
    },
    "4": {
      "size": 8,
      "selected_id": 134,
      "max_uncertainty": 0.0012607574462890625,
      "mean_uncertainty": 0.0010709762573242188
    },
    "5": {
      "size": 6,
      "selected_id": 897,
      "max_uncertainty": 0.0012178421020507812,
      "mean_uncertainty": 0.0010128021240234375
    },
    "6": {
      "size": 9,
      "selected_id": 613,
      "max_uncertainty": 0.0012769699096679688,
      "mean_uncertainty": 0.0009527206420898438
    },
    "7": {
      "size": 5,
      "selected_id": 674,
      "max_uncertainty": 0.00251007080078125,
      "mean_uncertainty": 0.0017719268798828125
    },
    "8": {
      "size": 11,
      "selected_id": 229,
      "max_uncertainty": 0.002170562744140625,
      "mean_uncertainty": 0.0012950897216796875
    },
    "9": {
      "size": 8,
      "selected_id": 999,
      "max_uncertainty": 0.0014438629150390625,
      "mean_uncertainty": 0.00099945068359375
    },
    "10": {
      "size": 12,
      "selected_id": 601,
      "max_uncertainty": 0.0019330978393554688,
      "mean_uncertainty": 0.0012998580932617188
    },
    "11": {
      "size": 5,
      "selected_id": 397,
      "max_uncertainty": 0.0015478134155273438,
      "mean_uncertainty": 0.001155853271484375
    },
    "12": {
      "size": 6,
      "selected_id": 973,
      "max_uncertainty": 0.0010309219360351562,
      "mean_uncertainty": 0.0008916854858398438
    },
    "13": {
      "size": 7,
      "selected_id": 451,
      "max_uncertainty": 0.0020275115966796875,
      "mean_uncertainty": 0.0012998580932617188
    },
    "14": {
      "size": 10,
      "selected_id": 755,
      "max_uncertainty": 0.0023822784423828125,
      "mean_uncertainty": 0.0015516281127929688
    },
    "15": {
      "size": 6,
      "selected_id": 640,
      "max_uncertainty": 0.0010080337524414062,
      "mean_uncertainty": 0.0008840560913085938
    },
    "16": {
      "size": 3,
      "selected_id": 647,
      "max_uncertainty": 0.0013275146484375,
      "mean_uncertainty": 0.0011157989501953125
    },
    "17": {
      "size": 7,
      "selected_id": 182,
      "max_uncertainty": 0.001903533935546875,
      "mean_uncertainty": 0.0013484954833984375
    },
    "18": {
      "size": 10,
      "selected_id": 267,
      "max_uncertainty": 0.0015125274658203125,
      "mean_uncertainty": 0.000980377197265625
    },
    "19": {
      "size": 8,
      "selected_id": 961,
      "max_uncertainty": 0.0015201568603515625,
      "mean_uncertainty": 0.001251220703125
    },
    "20": {
      "size": 8,
      "selected_id": 581,
      "max_uncertainty": 0.0014820098876953125,
      "mean_uncertainty": 0.001117706298828125
    },
    "21": {
      "size": 5,
      "selected_id": 403,
      "max_uncertainty": 0.001880645751953125,
      "mean_uncertainty": 0.0014314651489257812
    },
    "22": {
      "size": 7,
      "selected_id": 575,
      "max_uncertainty": 0.0012884140014648438,
      "mean_uncertainty": 0.0009927749633789062
    },
    "23": {
      "size": 7,
      "selected_id": 199,
      "max_uncertainty": 0.0011720657348632812,
      "mean_uncertainty": 0.0010099411010742188
    },
    "24": {
      "size": 8,
      "selected_id": 649,
      "max_uncertainty": 0.0015707015991210938,
      "mean_uncertainty": 0.0013227462768554688
    },
    "25": {
      "size": 9,
      "selected_id": 277,
      "max_uncertainty": 0.0015048980712890625,
      "mean_uncertainty": 0.0011034011840820312
    },
    "26": {
      "size": 7,
      "selected_id": 450,
      "max_uncertainty": 0.001308441162109375,
      "mean_uncertainty": 0.001010894775390625
    },
    "27": {
      "size": 8,
      "selected_id": 651,
      "max_uncertainty": 0.0019006729125976562,
      "mean_uncertainty": 0.0011262893676757812
    },
    "28": {
      "size": 7,
      "selected_id": 155,
      "max_uncertainty": 0.0028171539306640625,
      "mean_uncertainty": 0.0021266937255859375
    },
    "29": {
      "size": 7,
      "selected_id": 845,
      "max_uncertainty": 0.0011615753173828125,
      "mean_uncertainty": 0.0009298324584960938
    },
    "30": {
      "size": 3,
      "selected_id": 596,
      "max_uncertainty": 0.001049041748046875,
      "mean_uncertainty": 0.0008711814880371094
    },
    "31": {
      "size": 8,
      "selected_id": 347,
      "max_uncertainty": 0.0019683837890625,
      "mean_uncertainty": 0.0011444091796875
    },
    "32": {
      "size": 6,
      "selected_id": 865,
      "max_uncertainty": 0.0010890960693359375,
      "mean_uncertainty": 0.0009150505065917969
    },
    "33": {
      "size": 11,
      "selected_id": 482,
      "max_uncertainty": 0.001354217529296875,
      "mean_uncertainty": 0.0009365081787109375
    },
    "34": {
      "size": 9,
      "selected_id": 180,
      "max_uncertainty": 0.0018339157104492188,
      "mean_uncertainty": 0.0014286041259765625
    },
    "35": {
      "size": 4,
      "selected_id": 855,
      "max_uncertainty": 0.0021610260009765625,