{
  "selected_ids": [
    475,
    221,
    435,
    130,
    124,
    248,
    188,
    393,
    441,
    175,
    113,
    410,
    427,
    376,
    85,
    276,
    87,
    244,
    251,
    442,
    271,
    285,
    201,
    492,
    268,
    126,
    209,
    241,
    431,
    237,
    380,
    100,
    228,
    397,
    292,
    421,
    361,
    68,
    392,
    460,
    387,
    326,
    267,
    448,
    396,
    305,
    499,
    288,
    394,
    491,
    415,
    399,
    351,
    383,
    105,
    298,
    409,
    375,
    76,
    191,
    495,
    70,
    286,
    109
  ],
  "uncertainties": [
    0.003783570136874914,
    0.0019810842350125313,
    0.0022941166535019875,
    0.0025696554221212864,
    0.00270535284653306,
    0.005576965864747763,
    0.0018966158386319876,
    0.006516430526971817,
    0.0024213329888880253,
    0.005180299747735262,
    0.005007338710129261,
    0.002660611178725958,
    0.0026020838413387537,
    0.0015701516531407833,
    0.0014699057210236788,
    0.0026760390028357506,
    0.0027659584302455187,
    0.0040611522272229195,
    0.002869030460715294,
    0.0018969187512993813,
    0.0015465624164789915,
    0.003500408958643675,
    0.005278548691421747,
    0.0028217309154570103,
    0.001970455516129732,
    0.001583201577886939,
    0.004039757885038853,
    0.003132363548502326,
    0.003223022911697626,
    0.001760686980560422,
    0.0035604103468358517,
    0.004329192917793989,
    0.001641586422920227,
    0.001621197909116745,
    0.0014379011699929833,
    0.006758729927241802,
    0.002336435951292515,
    0.002646622247993946,
    0.002490497659891844,
    0.0021546492353081703,
    0.0014056030195206404,
    0.0019587937276810408,
    0.002627315931022167,
    0.0023385020904242992,
    0.005003583617508411,
    0.002649652771651745,
    0.0017782046925276518,
    0.0026432694867253304,
    0.0022033308632671833,
    0.00615727761760354,
    0.0019427977968007326,
    0.002258983440697193,
    0.005098569206893444,
    0.003659808076918125,
    0.0017788310069590807,
    0.0026570421177893877,
    0.003923144191503525,
    0.004489807412028313,
    0.0023924584966152906,
    0.0021891489159315825,
    0.0014093411155045033,
    0.00154493423178792,
    0.00675588846206665,
    0.00434676930308342
  ],
  "topk_size": 64,
  "n_clusters": 64,
  "cluster_stats": {
    "0": {
      "size": 4,
      "selected_id": 475,
      "max_uncertainty": 0.003783570136874914,
      "mean_uncertainty": 0.0026955963112413883
    },
    "1": {
      "size": 4,
      "selected_id": 221,
      "max_uncertainty": 0.0019810842350125313,
      "mean_uncertainty": 0.0015522793401032686
    },
    "2": {
      "size": 2,
      "selected_id": 435,
      "max_uncertainty": 0.0022941166535019875,
      "mean_uncertainty": 0.0018363245762884617
    },
    "3": {
      "size": 2,
      "selected_id": 130,
      "max_uncertainty": 0.0025696554221212864,
      "mean_uncertainty": 0.0023875527549535036
    },
    "4": {
      "size": 3,
      "selected_id": 124,
      "max_uncertainty": 0.00270535284653306,
      "mean_uncertainty": 0.0024081880692392588
    },
    "5": {
      "size": 2,
      "selected_id": 248,
      "max_uncertainty": 0.005576965864747763,
      "mean_uncertainty": 0.005159276537597179
    },
    "6": {
      "size": 3,
      "selected_id": 188,
      "max_uncertainty": 0.0018966158386319876,
      "mean_uncertainty": 0.0017136394744738936
    },
    "7": {
      "size": 4,
      "selected_id": 393,
      "max_uncertainty": 0.006516430526971817,
      "mean_uncertainty": 0.005053197033703327
    },
    "8": {
      "size": 3,
      "selected_id": 441,
      "max_uncertainty": 0.0024213329888880253,
      "mean_uncertainty": 0.0021283403038978577
    },
    "9": {
      "size": 3,
      "selected_id": 175,
      "max_uncertainty": 0.005180299747735262,
      "mean_uncertainty": 0.004681069403886795
    },
    "10": {
      "size": 3,
      "selected_id": 113,
      "max_uncertainty": 0.005007338710129261,
      "mean_uncertainty": 0.003935879096388817
    },
    "11": {
      "size": 3,
      "selected_id": 410,
      "max_uncertainty": 0.002660611178725958,
      "mean_uncertainty": 0.0021039245184510946
    },
    "12": {
      "size": 2,
      "selected_id": 427,
      "max_uncertainty": 0.0026020838413387537,
      "mean_uncertainty": 0.0020671638194471598
    },
    "13": {
      "size": 5,
      "selected_id": 376,
      "max_uncertainty": 0.0015701516531407833,
      "mean_uncertainty": 0.001514658099040389
    },
    "14": {
      "size": 2,
      "selected_id": 85,
      "max_uncertainty": 0.0014699057210236788,
      "mean_uncertainty": 0.001411043107509613
    },
    "15": {
      "size": 6,
      "selected_id": 276,
      "max_uncertainty": 0.0026760390028357506,
      "mean_uncertainty": 0.0018873773515224457
    },
    "16": {
      "size": 5,
      "selected_id": 87,
      "max_uncertainty": 0.0027659584302455187,
      "mean_uncertainty": 0.002344290493056178
    },
    "17": {
      "size": 4,
      "selected_id": 244,
      "max_uncertainty": 0.0040611522272229195,
      "mean_uncertainty": 0.0033812792971730232
    },
    "18": {
      "size": 3,
      "selected_id": 251,
      "max_uncertainty": 0.002869030460715294,
      "mean_uncertainty": 0.002602558583021164
    },
    "19": {
      "size": 2,
      "selected_id": 442,
      "max_uncertainty": 0.0018969187512993813,
      "mean_uncertainty": 0.0018247063271701336
    },
    "20": {
      "size": 2,
      "selected_id": 271,
      "max_uncertainty": 0.0015465624164789915,
      "mean_uncertainty": 0.0015139959286898375
    },
    "21": {
      "size": 1,
      "selected_id": 285,
      "max_uncertainty": 0.003500408958643675,
      "mean_uncertainty": 0.003500408958643675
    },
    "22": {
      "size": 2,
      "selected_id": 201,
      "max_uncertainty": 0.005278548691421747,
      "mean_uncertainty": 0.004873193800449371
    },
    "23": {
      "size": 2,
      "selected_id": 492,
      "max_uncertainty": 0.0028217309154570103,
      "mean_uncertainty": 0.0022498895414173603
    },
    "24": {
      "size": 3,
      "selected_id": 268,
      "max_uncertainty": 0.001970455516129732,
      "mean_uncertainty": 0.0016059953486546874
    },
    "25": {
      "size": 3,
      "selected_id": 126,
      "max_uncertainty": 0.001583201577886939,
      "mean_uncertainty": 0.001531065790913999
    },
    "26": {
      "size": 3,
      "selected_id": 209,
      "max_uncertainty": 0.004039757885038853,
      "mean_uncertainty": 0.0036411036271601915
    },
    "27": {
      "size": 2,
      "selected_id": 241,
      "max_uncertainty": 0.003132363548502326,
      "mean_uncertainty": 0.003098198212683201
    },
    "28": {
      "size": 6,
      "selected_id": 431,
      "max_uncertainty": 0.003223022911697626,
      "mean_uncertainty": 0.002397871809080243
    },
    "29": {
      "size": 3,
      "selected_id": 237,
      "max_uncertainty": 0.001760686980560422,
      "mean_uncertainty": 0.001707375980913639
    },
    "30": {
      "size": 5,
      "selected_id": 380,
      "max_uncertainty": 0.0035604103468358517,
      "mean_uncertainty": 0.00313994730822742
    },
    "31": {
      "size": 4,
      "selected_id": 100,
      "max_uncertainty": 0.004329192917793989,
      "mean_uncertainty": 0.003163958666846156
    },
    "32": {
      "size": 4,
      "selected_id": 228,
      "max_uncertainty": 0.001641586422920227,
      "mean_uncertainty": 0.00156165543012321
    },
    "33": {
      "size": 1,
      "selected_id": 397,
      "max_uncertainty": 0.001621197909116745,
      "mean_uncertainty": 0.001621197909116745
    },
    "34": {
      "size": 1,
      "selected_id": 292,
      "max_uncertainty": 0.0014379011699929833,
      "mean_uncertainty": 0.0014379011699929833
    },
    "35": {
      "size": 2,
      "selected_id": 421,
      "max_uncertainty": 0.006758729927241802,