{
  "selected_ids": [
    149,
    163,
    391,
    355,
    262,
    437,
    334,
    133,
    374,
    178,
    320,
    92,
    134,
    199,
    78,
    494,
    173,
    171,
    283,
    210,
    240,
    300,
    123,
    417,
    120,
    404,
    230,
    151,
    145,
    317,
    233,
    323,
    158,
    272,
    428,
    370,
    289,
    103,
    455,
    127,
    259,
    350,
    440,
    247,
    82,
    254,
    420,
    407,
    432,
    242,
    422,
    336,
    187,
    161,
    197,
    319,
    473,
    139,
    430,
    75,
    80,
    278,
    224,
    462
  ],
  "uncertainties": [
    0.006655551493167877,
    0.003532489761710167,
    0.003510415554046631,
    0.005635808687657118,
    0.004613025113940239,
    0.0076971594244241714,
    0.0032197185792028904,
    0.007625642232596874,
    0.005208699032664299,
    0.0036457593087106943,
    0.010853852145373821,
    0.006381235085427761,
    0.005142359994351864,
    0.003385688178241253,
    0.00649663619697094,
    0.004098296631127596,
    0.004515822511166334,
    0.005157075822353363,
    0.007959766313433647,
    0.004834223538637161,
    0.004457220900803804,
    0.006166150327771902,
    0.008862116374075413,
    0.0034005811903625727,
    0.005116977728903294,
    0.0041006505489349365,
    0.0051508196629583836,
    0.004297580569982529,
    0.006678645499050617,
    0.006572255864739418,
    0.006589090451598167,
    0.003350089769810438,
    0.0030056219547986984,
    0.0046937791630625725,
    0.0076917614787817,
    0.008427759632468224,
    0.005492585711181164,
    0.0032045459374785423,
    0.0042024776339530945,
    0.005241976119577885,
    0.004838182590901852,
    0.004953973926603794,
    0.006164178717881441,
    0.006975303404033184,
    0.0038003886584192514,
    0.0050421725027263165,
    0.0041656699031591415,
    0.003614455461502075,
    0.005816521588712931,
    0.0036343347746878862,
    0.006961326114833355,
    0.0029827244579792023,
    0.005486476235091686,
    0.008166976273059845,
    0.0048813596367836,
    0.005646903999149799,
    0.006515000481158495,
    0.007435935083776712,
    0.0036230143159627914,
    0.004549791570752859,
    0.0026334223803132772,
    0.004384482745081186,
    0.006592902354896069,
    0.002959664911031723
  ],
  "topk_size": 64,
  "n_clusters": 64,
  "cluster_stats": {
    "0": {
      "size": 5,
      "selected_id": 149,
      "max_uncertainty": 0.006655551493167877,
      "mean_uncertainty": 0.005215060897171497
    },
    "1": {
      "size": 2,
      "selected_id": 163,
      "max_uncertainty": 0.003532489761710167,
      "mean_uncertainty": 0.003167844144627452
    },
    "2": {
      "size": 4,
      "selected_id": 391,
      "max_uncertainty": 0.003510415554046631,
      "mean_uncertainty": 0.00313907815143466
    },
    "3": {
      "size": 4,
      "selected_id": 355,
      "max_uncertainty": 0.005635808687657118,
      "mean_uncertainty": 0.004936444107443094
    },
    "4": {
      "size": 4,
      "selected_id": 262,
      "max_uncertainty": 0.004613025113940239,
      "mean_uncertainty": 0.0035988325253129005
    },
    "5": {
      "size": 3,
      "selected_id": 437,
      "max_uncertainty": 0.0076971594244241714,
      "mean_uncertainty": 0.006170894484966993
    },
    "6": {
      "size": 2,
      "selected_id": 334,
      "max_uncertainty": 0.0032197185792028904,
      "mean_uncertainty": 0.003017106093466282
    },
    "7": {
      "size": 5,
      "selected_id": 133,
      "max_uncertainty": 0.007625642232596874,
      "mean_uncertainty": 0.0051075005903840065
    },
    "8": {
      "size": 3,
      "selected_id": 374,
      "max_uncertainty": 0.005208699032664299,
      "mean_uncertainty": 0.003970970865339041
    },
    "9": {
      "size": 2,
      "selected_id": 178,
      "max_uncertainty": 0.0036457593087106943,
      "mean_uncertainty": 0.0034858891740441322
    },
    "10": {
      "size": 3,
      "selected_id": 320,
      "max_uncertainty": 0.010853852145373821,
      "mean_uncertainty": 0.009619911201298237
    },
    "11": {
      "size": 3,
      "selected_id": 92,
      "max_uncertainty": 0.006381235085427761,
      "mean_uncertainty": 0.005042342934757471
    },
    "12": {
      "size": 4,
      "selected_id": 134,
      "max_uncertainty": 0.005142359994351864,
      "mean_uncertainty": 0.004238392226397991
    },
    "13": {
      "size": 1,
      "selected_id": 199,
      "max_uncertainty": 0.003385688178241253,
      "mean_uncertainty": 0.003385688178241253
    },
    "14": {
      "size": 3,
      "selected_id": 78,
      "max_uncertainty": 0.00649663619697094,
      "mean_uncertainty": 0.005329154431819916
    },
    "15": {
      "size": 3,
      "selected_id": 494,
      "max_uncertainty": 0.004098296631127596,
      "mean_uncertainty": 0.0038527927827090025
    },
    "16": {
      "size": 3,
      "selected_id": 173,
      "max_uncertainty": 0.004515822511166334,
      "mean_uncertainty": 0.0040381066501140594
    },
    "17": {
      "size": 5,
      "selected_id": 171,
      "max_uncertainty": 0.005157075822353363,
      "mean_uncertainty": 0.00431504100561142
    },
    "18": {
      "size": 5,
      "selected_id": 283,
      "max_uncertainty": 0.007959766313433647,
      "mean_uncertainty": 0.006436637137085199
    },
    "19": {
      "size": 4,
      "selected_id": 210,
      "max_uncertainty": 0.004834223538637161,
      "mean_uncertainty": 0.0034624163527041674
    },
    "20": {
      "size": 6,
      "selected_id": 240,
      "max_uncertainty": 0.004457220900803804,
      "mean_uncertainty": 0.003442588960751891
    },
    "21": {
      "size": 3,
      "selected_id": 300,
      "max_uncertainty": 0.006166150327771902,
      "mean_uncertainty": 0.005577612668275833
    },
    "22": {
      "size": 2,
      "selected_id": 123,
      "max_uncertainty": 0.008862116374075413,
      "mean_uncertainty": 0.008432084694504738
    },
    "23": {
      "size": 4,
      "selected_id": 417,
      "max_uncertainty": 0.0034005811903625727,
      "mean_uncertainty": 0.0029658623971045017
    },
    "24": {
      "size": 5,
      "selected_id": 120,
      "max_uncertainty": 0.005116977728903294,
      "mean_uncertainty": 0.004425260238349438
    },
    "25": {
      "size": 5,
      "selected_id": 404,
      "max_uncertainty": 0.0041006505489349365,
      "mean_uncertainty": 0.003823025617748499
    },
    "26": {
      "size": 5,
      "selected_id": 230,
      "max_uncertainty": 0.0051508196629583836,
      "mean_uncertainty": 0.004349238239228725
    },
    "27": {
      "size": 2,
      "selected_id": 151,
      "max_uncertainty": 0.004297580569982529,
      "mean_uncertainty": 0.0037794874515384436
    },
    "28": {
      "size": 4,
      "selected_id": 145,
      "max_uncertainty": 0.006678645499050617,
      "mean_uncertainty": 0.006011133547872305
    },
    "29": {
      "size": 4,
      "selected_id": 317,
      "max_uncertainty": 0.006572255864739418,
      "mean_uncertainty": 0.004643626511096954
    },
    "30": {
      "size": 3,
      "selected_id": 233,
      "max_uncertainty": 0.006589090451598167,
      "mean_uncertainty": 0.005439803469926119
    },
    "31": {
      "size": 2,
      "selected_id": 323,
      "max_uncertainty": 0.003350089769810438,
      "mean_uncertainty": 0.0030803668778389692
    },
    "32": {
      "size": 2,
      "selected_id": 158,
      "max_uncertainty": 0.0030056219547986984,
      "mean_uncertainty": 0.002880451735109091
    },
    "33": {
      "size": 2,
      "selected_id": 272,
      "max_uncertainty": 0.0046937791630625725,
      "mean_uncertainty": 0.0037632817402482033
    },
    "34": {
      "size": 6,
      "selected_id": 428,
      "max_uncertainty": 0.0076917614787817,
      "mean_uncertainty": 0.0042269411496818066
    },
    "35": {
      "size": 3,
      "selected_id": 370,
      "max_uncertainty": 0.008427759632468224,
      "mean_uncertainty": 0.00795801356434822
    },