{
  "selected_ids": [
    253,
    459,
    358,
    299,
    269,
    236,
    121,
    493,
    281,
    337,
    400,
    88,
    438,
    263,
    335,
    238,
    102,
    196,
    426,
    72,
    429,
    402,
    365,
    250,
    162,
    234,
    239,
    328,
    129,
    434,
    477,
    211,
    74,
    261,
    104,
    354,
    256,
    342,
    190,
    117,
    304,
    144,
    312,
    115,
    219,
    96,
    246,
    482,
    318,
    122,
    457,
    296,
    77,
    169,
    206,
    157,
    69,
    118,
    160,
    297,
    469,
    310,
    270,
    452
  ],
  "uncertainties": [
    0.0012228910345584154,
    0.0010873874416574836,
    0.0008815493201836944,
    0.0016689158510416746,
    0.0015969417290762067,
    0.003308364190161228,
    0.001606157748028636,
    0.0010841665789484978,
    0.0010117825586348772,
    0.0012972464319318533,
    0.0012303509283810854,
    0.001444048248231411,
    0.0009823201689869165,
    0.001059056492522359,
    0.0013275791425257921,
    0.0018117674626410007,
    0.0011372228618711233,
    0.0012550835963338614,
    0.0014904006384313107,
    0.0011430206941440701,
    0.0013690728228539228,
    0.0016943654045462608,
    0.0018569139065220952,
    0.0009985471842810512,
    0.0015531987883150578,
    0.0012504064943641424,
    0.0018594869179651141,
    0.0011264525819569826,
    0.0010500641074031591,
    0.000979284173808992,
    0.0018945741467177868,
    0.0012355141807347536,
    0.0010452910792082548,
    0.0011482498375698924,
    0.001937087276019156,
    0.003017586888745427,
    0.0014151164796203375,
    0.0009220804204232991,
    0.0010781080927699804,
    0.00094255042495206,
    0.0014094559010118246,
    0.0008859253721311688,
    0.0008654422126710415,
    0.001006871578283608,
    0.001736268401145935,
    0.0009488744544796646,
    0.0010454447474330664,
    0.0009440036956220865,
    0.0010034616570919752,
    0.001089522149413824,
    0.0010821722680702806,
    0.0009464022587053478,
    0.001104598632082343,
    0.0012795215006917715,
    0.0008682267507538199,
    0.0010784422047436237,
    0.0009385817684233189,
    0.0010695966193452477,
    0.0009716950007714331,
    0.0009078459115698934,
    0.0008887792937457561,
    0.0010707417968660593,
    0.002539181150496006,
    0.001273397938348353
  ],
  "topk_size": 64,
  "n_clusters": 64,
  "cluster_stats": {
    "0": {
      "size": 2,
      "selected_id": 253,
      "max_uncertainty": 0.0012228910345584154,
      "mean_uncertainty": 0.0011315824231132865
    },
    "1": {
      "size": 5,
      "selected_id": 459,
      "max_uncertainty": 0.0010873874416574836,
      "mean_uncertainty": 0.000981493154540658
    },
    "2": {
      "size": 1,
      "selected_id": 358,
      "max_uncertainty": 0.0008815493201836944,
      "mean_uncertainty": 0.0008815493201836944
    },
    "3": {
      "size": 1,
      "selected_id": 299,
      "max_uncertainty": 0.0016689158510416746,
      "mean_uncertainty": 0.0016689158510416746
    },
    "4": {
      "size": 1,
      "selected_id": 269,
      "max_uncertainty": 0.0015969417290762067,
      "mean_uncertainty": 0.0015969417290762067
    },
    "5": {
      "size": 2,
      "selected_id": 236,
      "max_uncertainty": 0.003308364190161228,
      "mean_uncertainty": 0.0030174204148352146
    },
    "6": {
      "size": 1,
      "selected_id": 121,
      "max_uncertainty": 0.001606157748028636,
      "mean_uncertainty": 0.001606157748028636
    },
    "7": {
      "size": 1,
      "selected_id": 493,
      "max_uncertainty": 0.0010841665789484978,
      "mean_uncertainty": 0.0010841665789484978
    },
    "8": {
      "size": 2,
      "selected_id": 281,
      "max_uncertainty": 0.0010117825586348772,
      "mean_uncertainty": 0.0010049850679934025
    },
    "9": {
      "size": 3,
      "selected_id": 337,
      "max_uncertainty": 0.0012972464319318533,
      "mean_uncertainty": 0.0010874911677092314
    },
    "10": {
      "size": 2,
      "selected_id": 400,
      "max_uncertainty": 0.0012303509283810854,
      "mean_uncertainty": 0.001057228771969676
    },
    "11": {
      "size": 4,
      "selected_id": 88,
      "max_uncertainty": 0.001444048248231411,
      "mean_uncertainty": 0.0011739264009520411
    },
    "12": {
      "size": 1,
      "selected_id": 438,
      "max_uncertainty": 0.0009823201689869165,
      "mean_uncertainty": 0.0009823201689869165
    },
    "13": {
      "size": 1,
      "selected_id": 263,
      "max_uncertainty": 0.001059056492522359,
      "mean_uncertainty": 0.001059056492522359
    },
    "14": {
      "size": 3,
      "selected_id": 335,
      "max_uncertainty": 0.0013275791425257921,
      "mean_uncertainty": 0.0012606671079993248
    },
    "15": {
      "size": 1,
      "selected_id": 238,
      "max_uncertainty": 0.0018117674626410007,
      "mean_uncertainty": 0.0018117674626410007
    },
    "16": {
      "size": 2,
      "selected_id": 102,
      "max_uncertainty": 0.0011372228618711233,
      "mean_uncertainty": 0.0010263548465445638
    },
    "17": {
      "size": 2,
      "selected_id": 196,
      "max_uncertainty": 0.0012550835963338614,
      "mean_uncertainty": 0.001090928679332137
    },
    "18": {
      "size": 2,
      "selected_id": 426,
      "max_uncertainty": 0.0014904006384313107,
      "mean_uncertainty": 0.0014022472314536572
    },
    "19": {
      "size": 4,
      "selected_id": 72,
      "max_uncertainty": 0.0011430206941440701,
      "mean_uncertainty": 0.001007454702630639
    },
    "20": {
      "size": 2,
      "selected_id": 429,
      "max_uncertainty": 0.0013690728228539228,
      "mean_uncertainty": 0.0012376243248581886
    },
    "21": {
      "size": 1,
      "selected_id": 402,
      "max_uncertainty": 0.0016943654045462608,
      "mean_uncertainty": 0.0016943654045462608
    },
    "22": {
      "size": 2,
      "selected_id": 365,
      "max_uncertainty": 0.0018569139065220952,
      "mean_uncertainty": 0.0017294527497142553
    },
    "23": {
      "size": 1,
      "selected_id": 250,
      "max_uncertainty": 0.0009985471842810512,
      "mean_uncertainty": 0.0009985471842810512
    },
    "24": {
      "size": 2,
      "selected_id": 162,
      "max_uncertainty": 0.0015531987883150578,
      "mean_uncertainty": 0.0014470703899860382
    },
    "25": {
      "size": 2,
      "selected_id": 234,
      "max_uncertainty": 0.0012504064943641424,
      "mean_uncertainty": 0.00107944430783391
    },
    "26": {
      "size": 1,
      "selected_id": 239,
      "max_uncertainty": 0.0018594869179651141,
      "mean_uncertainty": 0.0018594869179651141
    },
    "27": {
      "size": 1,
      "selected_id": 328,
      "max_uncertainty": 0.0011264525819569826,
      "mean_uncertainty": 0.0011264525819569826
    },
    "28": {
      "size": 2,
      "selected_id": 129,
      "max_uncertainty": 0.0010500641074031591,
      "mean_uncertainty": 0.0009870028588920832
    },
    "29": {
      "size": 1,
      "selected_id": 434,
      "max_uncertainty": 0.000979284173808992,
      "mean_uncertainty": 0.000979284173808992
    },
    "30": {
      "size": 2,
      "selected_id": 477,
      "max_uncertainty": 0.0018945741467177868,
      "mean_uncertainty": 0.0018392442725598812
    },
    "31": {
      "size": 1,
      "selected_id": 211,
      "max_uncertainty": 0.0012355141807347536,
      "mean_uncertainty": 0.0012355141807347536
    },
    "32": {
      "size": 1,
      "selected_id": 74,
      "max_uncertainty": 0.0010452910792082548,
      "mean_uncertainty": 0.0010452910792082548
    },
    "33": {
      "size": 2,
      "selected_id": 261,
      "max_uncertainty": 0.0011482498375698924,
      "mean_uncertainty": 0.0010590385645627975
    },
    "34": {
      "size": 1,
      "selected_id": 104,
      "max_uncertainty": 0.001937087276019156,
      "mean_uncertainty": 0.001937087276019156
    },
    "35": {
      "size": 1,
      "selected_id": 354,
      "max_uncertainty": 0.003017586888745427,