{
  "selected_ids": [
    423,
    280,
    378,
    453,
    449,
    275,
    266,
    291,
    333,
    436,
    344,
    341,
    207,
    356,
    265,
    362,
    465,
    90,
    108,
    128,
    179,
    381,
    306,
    94,
    86,
    91,
    489,
    168,
    476,
    311,
    363,
    138,
    154,
    368,
    264,
    307,
    468,
    401,
    498,
    461,
    222,
    284,
    226,
    497,
    487,
    205,
    408,
    84,
    446,
    131,
    208,
    389,
    411,
    215,
    458,
    353,
    245,
    324,
    303,
    146,
    485,
    200,
    89,
    73
  ],
  "uncertainties": [
    0.0014787219697609544,
    0.001105991075746715,
    0.0012470544315874577,
    0.002020949497818947,
    0.002120349556207657,
    0.0026106657460331917,
    0.0014873056206852198,
    0.0023116804659366608,
    0.0009701819508336484,
    0.0009835452074185014,
    0.0013518609339371324,
    0.001549548003822565,
    0.003941467963159084,
    0.002975333947688341,
    0.001222460181452334,
    0.0012008093763142824,
    0.0012727405410259962,
    0.0012078776489943266,
    0.0018342111725360155,
    0.0017516104271635413,
    0.0011170378420501947,
    0.0014657991705462337,
    0.0015359928365796804,
    0.001714600482955575,
    0.00222415616735816,
    0.0013812918914481997,
    0.0011798097984865308,
    0.002425601938739419,
    0.001420728163793683,
    0.003098880872130394,
    0.0021158240269869566,
    0.0022582998499274254,
    0.0016081627691164613,
    0.0016583326505497098,
    0.0010526912519708276,
    0.001242173369973898,
    0.0017202026210725307,
    0.0015713419998064637,
    0.0009344805730506778,
    0.0011949785985052586,
    0.0016060085035860538,
    0.0010157586075365543,
    0.0018025727476924658,
    0.0012545858044177294,
    0.0023057926446199417,
    0.0014363615773618221,
    0.0010162161197513342,
    0.0014237721916288137,
    0.0021948283538222313,
    0.002069249050691724,
    0.0013226948212832212,
    0.0012128433445468545,
    0.0014577347319573164,
    0.0019052117131650448,
    0.0010884336661547422,
    0.001142818946391344,
    0.0010448507964611053,
    0.0013324732426553965,
    0.0014168266206979752,
    0.0023237853311002254,
    0.0009539283928461373,
    0.0013423168566077948,
    0.0010640504769980907,
    0.0010833728592842817
  ],
  "topk_size": 64,
  "n_clusters": 64,
  "cluster_stats": {
    "0": {
      "size": 3,
      "selected_id": 423,
      "max_uncertainty": 0.0014787219697609544,
      "mean_uncertainty": 0.0013375991256907582
    },
    "1": {
      "size": 3,
      "selected_id": 280,
      "max_uncertainty": 0.001105991075746715,
      "mean_uncertainty": 0.000998993287794292
    },
    "2": {
      "size": 4,
      "selected_id": 378,
      "max_uncertainty": 0.0012470544315874577,
      "mean_uncertainty": 0.001082282280549407
    },
    "3": {
      "size": 2,
      "selected_id": 453,
      "max_uncertainty": 0.002020949497818947,
      "mean_uncertainty": 0.0018654069863259792
    },
    "4": {
      "size": 3,
      "selected_id": 449,
      "max_uncertainty": 0.002120349556207657,
      "mean_uncertainty": 0.0017560869455337524
    },
    "5": {
      "size": 4,
      "selected_id": 275,
      "max_uncertainty": 0.0026106657460331917,
      "mean_uncertainty": 0.0021119548473507166
    },
    "6": {
      "size": 5,
      "selected_id": 266,
      "max_uncertainty": 0.0014873056206852198,
      "mean_uncertainty": 0.0010962017113342881
    },
    "7": {
      "size": 2,
      "selected_id": 291,
      "max_uncertainty": 0.0023116804659366608,
      "mean_uncertainty": 0.0021675569005310535
    },
    "8": {
      "size": 1,
      "selected_id": 333,
      "max_uncertainty": 0.0009701819508336484,
      "mean_uncertainty": 0.0009701819508336484
    },
    "9": {
      "size": 2,
      "selected_id": 436,
      "max_uncertainty": 0.0009835452074185014,
      "mean_uncertainty": 0.0009637814364396036
    },
    "10": {
      "size": 5,
      "selected_id": 344,
      "max_uncertainty": 0.0013518609339371324,
      "mean_uncertainty": 0.0011247083311900496
    },
    "11": {
      "size": 3,
      "selected_id": 341,
      "max_uncertainty": 0.001549548003822565,
      "mean_uncertainty": 0.0012887954944744706
    },
    "12": {
      "size": 3,
      "selected_id": 207,
      "max_uncertainty": 0.003941467963159084,
      "mean_uncertainty": 0.0035120260436087847
    },
    "13": {
      "size": 2,
      "selected_id": 356,
      "max_uncertainty": 0.002975333947688341,
      "mean_uncertainty": 0.0027388460002839565
    },
    "14": {
      "size": 3,
      "selected_id": 265,
      "max_uncertainty": 0.001222460181452334,
      "mean_uncertainty": 0.0010887171374633908
    },
    "15": {
      "size": 1,
      "selected_id": 362,
      "max_uncertainty": 0.0012008093763142824,
      "mean_uncertainty": 0.0012008093763142824
    },
    "16": {
      "size": 2,
      "selected_id": 465,
      "max_uncertainty": 0.0012727405410259962,
      "mean_uncertainty": 0.0012603652430698276
    },
    "17": {
      "size": 4,
      "selected_id": 90,
      "max_uncertainty": 0.0012078776489943266,
      "mean_uncertainty": 0.0010925191454589367
    },
    "18": {
      "size": 1,
      "selected_id": 108,
      "max_uncertainty": 0.0018342111725360155,
      "mean_uncertainty": 0.0018342111725360155
    },
    "19": {
      "size": 3,
      "selected_id": 128,
      "max_uncertainty": 0.0017516104271635413,
      "mean_uncertainty": 0.0015108383959159255
    },
    "20": {
      "size": 2,
      "selected_id": 179,
      "max_uncertainty": 0.0011170378420501947,
      "mean_uncertainty": 0.0010945568792521954
    },
    "21": {
      "size": 1,
      "selected_id": 381,
      "max_uncertainty": 0.0014657991705462337,
      "mean_uncertainty": 0.0014657991705462337
    },
    "22": {
      "size": 4,
      "selected_id": 306,
      "max_uncertainty": 0.0015359928365796804,
      "mean_uncertainty": 0.001189311151392758
    },
    "23": {
      "size": 2,
      "selected_id": 94,
      "max_uncertainty": 0.001714600482955575,
      "mean_uncertainty": 0.0014306833036243916
    },
    "24": {
      "size": 2,
      "selected_id": 86,
      "max_uncertainty": 0.00222415616735816,
      "mean_uncertainty": 0.0020559830591082573
    },
    "25": {
      "size": 1,
      "selected_id": 91,
      "max_uncertainty": 0.0013812918914481997,
      "mean_uncertainty": 0.0013812918914481997
    },
    "26": {
      "size": 1,
      "selected_id": 489,
      "max_uncertainty": 0.0011798097984865308,
      "mean_uncertainty": 0.0011798097984865308
    },
    "27": {
      "size": 3,
      "selected_id": 168,
      "max_uncertainty": 0.002425601938739419,
      "mean_uncertainty": 0.0020022874232381582
    },
    "28": {
      "size": 3,
      "selected_id": 476,
      "max_uncertainty": 0.001420728163793683,
      "mean_uncertainty": 0.001240830635651946
    },
    "29": {
      "size": 1,
      "selected_id": 311,
      "max_uncertainty": 0.003098880872130394,
      "mean_uncertainty": 0.003098880872130394
    },
    "30": {
      "size": 3,
      "selected_id": 363,
      "max_uncertainty": 0.0021158240269869566,
      "mean_uncertainty": 0.001910252496600151
    },
    "31": {
      "size": 3,
      "selected_id": 138,
      "max_uncertainty": 0.0022582998499274254,
      "mean_uncertainty": 0.002198091009631753
    },
    "32": {
      "size": 3,
      "selected_id": 154,
      "max_uncertainty": 0.0016081627691164613,
      "mean_uncertainty": 0.001522863283753395
    },
    "33": {
      "size": 4,
      "selected_id": 368,
      "max_uncertainty": 0.0016583326505497098,
      "mean_uncertainty": 0.0013455789303407073
    },
    "34": {
      "size": 1,
      "selected_id": 264,
      "max_uncertainty": 0.0010526912519708276,
      "mean_uncertainty": 0.0010526912519708276
    },
    "35": {
      "size": 1,
      "selected_id": 307,
      "max_uncertainty": 0.001242173369973898,