{
  "selected_ids": [
    406,
    290,
    418,
    217,
    322,
    364,
    472,
    170,
    106,
    277,
    165,
    425,
    463,
    137,
    484,
    223,
    419,
    330,
    147,
    439,
    467,
    180,
    347,
    220,
    481,
    132,
    474,
    202,
    231,
    398,
    403,
    340,
    257,
    372,
    443,
    192,
    204,
    313,
    141,
    386,
    479,
    184,
    315,
    213,
    67,
    93,
    156,
    293,
    466,
    252,
    367,
    198,
    294,
    450,
    471,
    352,
    243,
    227,
    329,
    164,
    212,
    382,
    159,
    195
  ],
  "uncertainties": [
    0.000798730761744082,
    0.0006425312021747231,
    0.0007949394639581442,
    0.0008733273716643453,
    0.0007724646711722016,
    0.0007700631394982338,
    0.0006385754095390439,
    0.0007075883913785219,
    0.0012897583656013012,
    0.0015145245706662536,
    0.0022148978896439075,
    0.0006691751768812537,
    0.001031148829497397,
    0.0006876192055642605,
    0.0006573581486009061,
    0.0006920761079527438,
    0.0007263986626639962,
    0.0006911467644385993,
    0.0010209149913862348,
    0.0012040823930874467,
    0.0009028376662172377,
    0.0008596973493695259,
    0.0006888241041451693,
    0.0006676535122096539,
    0.0006380297127179801,
    0.0007115817279554904,
    0.001145820366218686,
    0.0006714228657074273,
    0.0006565859657712281,
    0.0006863556336611509,
    0.0008318835753016174,
    0.0006533070700243115,
    0.0008623013272881508,
    0.000778249348513782,
    0.0006908430950716138,
    0.0010476208990439773,
    0.000671492307446897,
    0.0007144195260480046,
    0.000641747610643506,
    0.001024219673126936,
    0.0010045220842584968,
    0.0007488052942790091,
    0.0006823150906711817,
    0.0007416966836899519,
    0.0012846201425418258,
    0.0008566014003008604,
    0.0006492896936833858,
    0.0007710522622801363,
    0.0010450162226334214,
    0.0008277576416730881,
    0.0007167026051320136,
    0.0007282085716724396,
    0.001323298434726894,
    0.0007825804641470313,
    0.0007435655570589006,
    0.0006493721157312393,
    0.00047154250205494463,
    0.000550677184946835,
    0.0005379363428801298,
    0.00044001583592034876,
    0.0003702949034050107,
    0.0005962905706837773,
    0.0004298207932151854,
    0.0006360373226925731
  ],
  "topk_size": 64,
  "n_clusters": 56,
  "cluster_stats": {
    "0": {
      "size": 1,
      "selected_id": 406,
      "max_uncertainty": 0.000798730761744082,
      "mean_uncertainty": 0.000798730761744082
    },
    "1": {
      "size": 1,
      "selected_id": 290,
      "max_uncertainty": 0.0006425312021747231,
      "mean_uncertainty": 0.0006425312021747231
    },
    "2": {
      "size": 1,
      "selected_id": 418,
      "max_uncertainty": 0.0007949394639581442,
      "mean_uncertainty": 0.0007949394639581442
    },
    "3": {
      "size": 1,
      "selected_id": 217,
      "max_uncertainty": 0.0008733273716643453,
      "mean_uncertainty": 0.0008733273716643453
    },
    "4": {
      "size": 1,
      "selected_id": 322,
      "max_uncertainty": 0.0007724646711722016,
      "mean_uncertainty": 0.0007724646711722016
    },
    "5": {
      "size": 1,
      "selected_id": 364,
      "max_uncertainty": 0.0007700631394982338,
      "mean_uncertainty": 0.0007700631394982338
    },
    "6": {
      "size": 1,
      "selected_id": 472,
      "max_uncertainty": 0.0006385754095390439,
      "mean_uncertainty": 0.0006385754095390439
    },
    "7": {
      "size": 1,
      "selected_id": 170,
      "max_uncertainty": 0.0007075883913785219,
      "mean_uncertainty": 0.0007075883913785219
    },
    "8": {
      "size": 1,
      "selected_id": 106,
      "max_uncertainty": 0.0012897583656013012,
      "mean_uncertainty": 0.0012897583656013012
    },
    "9": {
      "size": 1,
      "selected_id": 277,
      "max_uncertainty": 0.0015145245706662536,
      "mean_uncertainty": 0.0015145245706662536
    },
    "10": {
      "size": 1,
      "selected_id": 165,
      "max_uncertainty": 0.0022148978896439075,
      "mean_uncertainty": 0.0022148978896439075
    },
    "11": {
      "size": 1,
      "selected_id": 425,
      "max_uncertainty": 0.0006691751768812537,
      "mean_uncertainty": 0.0006691751768812537
    },
    "12": {
      "size": 1,
      "selected_id": 463,
      "max_uncertainty": 0.001031148829497397,
      "mean_uncertainty": 0.001031148829497397
    },
    "13": {
      "size": 1,
      "selected_id": 137,
      "max_uncertainty": 0.0006876192055642605,
      "mean_uncertainty": 0.0006876192055642605
    },
    "14": {
      "size": 1,
      "selected_id": 484,
      "max_uncertainty": 0.0006573581486009061,
      "mean_uncertainty": 0.0006573581486009061
    },
    "15": {
      "size": 1,
      "selected_id": 223,
      "max_uncertainty": 0.0006920761079527438,
      "mean_uncertainty": 0.0006920761079527438
    },
    "16": {
      "size": 1,
      "selected_id": 419,
      "max_uncertainty": 0.0007263986626639962,
      "mean_uncertainty": 0.0007263986626639962
    },
    "17": {
      "size": 1,
      "selected_id": 330,
      "max_uncertainty": 0.0006911467644385993,
      "mean_uncertainty": 0.0006911467644385993
    },
    "18": {
      "size": 1,
      "selected_id": 147,
      "max_uncertainty": 0.0010209149913862348,
      "mean_uncertainty": 0.0010209149913862348
    },
    "19": {
      "size": 1,
      "selected_id": 439,
      "max_uncertainty": 0.0012040823930874467,
      "mean_uncertainty": 0.0012040823930874467
    },
    "20": {
      "size": 1,
      "selected_id": 467,
      "max_uncertainty": 0.0009028376662172377,
      "mean_uncertainty": 0.0009028376662172377
    },
    "21": {
      "size": 1,
      "selected_id": 180,
      "max_uncertainty": 0.0008596973493695259,
      "mean_uncertainty": 0.0008596973493695259
    },
    "22": {
      "size": 1,
      "selected_id": 347,
      "max_uncertainty": 0.0006888241041451693,
      "mean_uncertainty": 0.0006888241041451693
    },
    "23": {
      "size": 1,
      "selected_id": 220,
      "max_uncertainty": 0.0006676535122096539,
      "mean_uncertainty": 0.0006676535122096539
    },
    "24": {
      "size": 1,
      "selected_id": 481,
      "max_uncertainty": 0.0006380297127179801,
      "mean_uncertainty": 0.0006380297127179801
    },
    "25": {
      "size": 1,
      "selected_id": 132,
      "max_uncertainty": 0.0007115817279554904,
      "mean_uncertainty": 0.0007115817279554904
    },
    "26": {
      "size": 1,
      "selected_id": 474,
      "max_uncertainty": 0.001145820366218686,
      "mean_uncertainty": 0.001145820366218686
    },
    "27": {
      "size": 1,
      "selected_id": 202,
      "max_uncertainty": 0.0006714228657074273,
      "mean_uncertainty": 0.0006714228657074273
    },
    "28": {
      "size": 1,
      "selected_id": 231,
      "max_uncertainty": 0.0006565859657712281,
      "mean_uncertainty": 0.0006565859657712281
    },
    "29": {
      "size": 1,
      "selected_id": 398,
      "max_uncertainty": 0.0006863556336611509,
      "mean_uncertainty": 0.0006863556336611509
    },
    "30": {
      "size": 1,
      "selected_id": 403,
      "max_uncertainty": 0.0008318835753016174,
      "mean_uncertainty": 0.0008318835753016174
    },
    "31": {
      "size": 1,
      "selected_id": 340,
      "max_uncertainty": 0.0006533070700243115,
      "mean_uncertainty": 0.0006533070700243115
    },
    "32": {
      "size": 1,
      "selected_id": 257,
      "max_uncertainty": 0.0008623013272881508,
      "mean_uncertainty": 0.0008623013272881508
    },
    "33": {
      "size": 1,
      "selected_id": 372,
      "max_uncertainty": 0.000778249348513782,
      "mean_uncertainty": 0.000778249348513782
    },
    "34": {
      "size": 1,
      "selected_id": 443,
      "max_uncertainty": 0.0006908430950716138,
      "mean_uncertainty": 0.0006908430950716138
    },
    "35": {
      "size": 1,
      "selected_id": 192,