{
  "variables": {
    "x_0": {
      "min": 0.0073144562930156,
      "max": 0.9975800372629172,
      "range": 0.9902655809699016
    },
    "x_1": {
      "min": 0.0296072891286132,
      "max": 0.9991047304742386,
      "range": 0.9694974413456254
    },
    "x_2": {
      "min": 0.0016607076748005,
      "max": 0.9970346578375732,
      "range": 0.9953739501627726
    },
    "x_3": {
      "min": 0.0073622697510055,
      "max": 0.9903216643262726,
      "range": 0.982959394575267
    },
    "x_4": {
      "min": 0.0045001249396591,
      "max": 0.9818059475425356,
      "range": 0.9773058226028765
    },
    "x_5": {
      "min": 0.0012330625119081,
      "max": 0.9954644725836372,
      "range": 0.9942314100717291
    }
  },
  "outputs": {
    "y_0": {
      "mean": 0.23392042820009365,
      "std": 0.9531902235500567
    },
    "y_1": {
      "mean": 0.23291512576895176,
      "std": 1.0558978594660322
    },
    "y_2": {
      "mean": 0.22212113692381608,
      "std": 1.045252380481225
    }
  }
}
