{
  "selected_ids": [
    120,
    484,
    383,
    238,
    86,
    84,
    449,
    94,
    91,
    286,
    248,
    411,
    134,
    223,
    156,
    163,
    278,
    440,
    207,
    242,
    108,
    489,
    256,
    230,
    394,
    162,
    477,
    212,
    422,
    479,
    452,
    82,
    224,
    205,
    380,
    90,
    246,
    195,
    139,
    175,
    442,
    317,
    236,
    239,
    133,
    100,
    498,
    370,
    190,
    430,
    262,
    275,
    333,
    491,
    291,
    427,
    326,
    227,
    297,
    137,
    78,
    474,
    497,
    432
  ],
  "uncertainties": [
    0.007015228271484375,
    0.00475311279296875,
    0.00777435302734375,
    0.01560211181640625,
    0.0082855224609375,
    0.005908966064453125,
    0.011749267578125,
    0.00919342041015625,
    0.007389068603515625,
    0.0115203857421875,
    0.012420654296875,
    0.00858306884765625,
    0.01540374755859375,
    0.01399993896484375,
    0.0042724609375,
    0.004901885986328125,
    0.00897216796875,
    0.01235198974609375,
    0.00817108154296875,
    0.004360198974609375,
    0.006511688232421875,
    0.0067138671875,
    0.005870819091796875,
    0.005336761474609375,
    0.0045928955078125,
    0.0133819580078125,
    0.012237548828125,
    0.005924224853515625,
    0.00502777099609375,
    0.00493621826171875,
    0.006519317626953125,
    0.004856109619140625,
    0.0062713623046875,
    0.006473541259765625,
    0.01140594482421875,
    0.00966644287109375,
    0.005680084228515625,
    0.005191802978515625,
    0.01212310791015625,
    0.01172637939453125,
    0.00830078125,
    0.004199981689453125,
    0.0066375732421875,
    0.0065155029296875,
    0.0251312255859375,
    0.007587432861328125,
    0.005474090576171875,
    0.0074462890625,
    0.006587982177734375,
    0.01055145263671875,
    0.004589080810546875,
    0.0069732666015625,
    0.00569915771484375,
    0.01016998291015625,
    0.004241943359375,
    0.008026123046875,
    0.00429534912109375,
    0.006069183349609375,
    0.005168914794921875,
    0.00504302978515625,
    0.01500701904296875,
    0.01197052001953125,
    0.004207611083984375,
    0.00502777099609375
  ],
  "topk_size": 64,
  "n_clusters": 64,
  "cluster_stats": {
    "0": {
      "size": 6,
      "selected_id": 120,
      "max_uncertainty": 0.007015228271484375,
      "mean_uncertainty": 0.00531768798828125
    },
    "1": {
      "size": 4,
      "selected_id": 484,
      "max_uncertainty": 0.00475311279296875,
      "mean_uncertainty": 0.00444793701171875
    },
    "2": {
      "size": 2,
      "selected_id": 383,
      "max_uncertainty": 0.00777435302734375,
      "mean_uncertainty": 0.007053375244140625
    },
    "3": {
      "size": 7,
      "selected_id": 238,
      "max_uncertainty": 0.01560211181640625,
      "mean_uncertainty": 0.0105133056640625
    },
    "4": {
      "size": 2,
      "selected_id": 86,
      "max_uncertainty": 0.0082855224609375,
      "mean_uncertainty": 0.0078582763671875
    },
    "5": {
      "size": 3,
      "selected_id": 84,
      "max_uncertainty": 0.005908966064453125,
      "mean_uncertainty": 0.00543975830078125
    },
    "6": {
      "size": 2,
      "selected_id": 449,
      "max_uncertainty": 0.011749267578125,
      "mean_uncertainty": 0.01015472412109375
    },
    "7": {
      "size": 6,
      "selected_id": 94,
      "max_uncertainty": 0.00919342041015625,
      "mean_uncertainty": 0.007312774658203125
    },
    "8": {
      "size": 3,
      "selected_id": 91,
      "max_uncertainty": 0.007389068603515625,
      "mean_uncertainty": 0.005794525146484375
    },
    "9": {
      "size": 2,
      "selected_id": 286,
      "max_uncertainty": 0.0115203857421875,
      "mean_uncertainty": 0.010528564453125
    },
    "10": {
      "size": 3,
      "selected_id": 248,
      "max_uncertainty": 0.012420654296875,
      "mean_uncertainty": 0.010894775390625
    },
    "11": {
      "size": 3,
      "selected_id": 411,
      "max_uncertainty": 0.00858306884765625,
      "mean_uncertainty": 0.006565093994140625
    },
    "12": {
      "size": 5,
      "selected_id": 134,
      "max_uncertainty": 0.01540374755859375,
      "mean_uncertainty": 0.0118408203125
    },
    "13": {
      "size": 4,
      "selected_id": 223,
      "max_uncertainty": 0.01399993896484375,
      "mean_uncertainty": 0.00911712646484375
    },
    "14": {
      "size": 1,
      "selected_id": 156,
      "max_uncertainty": 0.0042724609375,
      "mean_uncertainty": 0.0042724609375
    },
    "15": {
      "size": 3,
      "selected_id": 163,
      "max_uncertainty": 0.004901885986328125,
      "mean_uncertainty": 0.004673004150390625
    },
    "16": {
      "size": 7,
      "selected_id": 278,
      "max_uncertainty": 0.00897216796875,
      "mean_uncertainty": 0.007450103759765625
    },
    "17": {
      "size": 4,
      "selected_id": 440,
      "max_uncertainty": 0.01235198974609375,
      "mean_uncertainty": 0.00901031494140625
    },
    "18": {
      "size": 3,
      "selected_id": 207,
      "max_uncertainty": 0.00817108154296875,
      "mean_uncertainty": 0.00736236572265625
    },
    "19": {
      "size": 1,
      "selected_id": 242,
      "max_uncertainty": 0.004360198974609375,
      "mean_uncertainty": 0.004360198974609375
    },
    "20": {
      "size": 4,
      "selected_id": 108,
      "max_uncertainty": 0.006511688232421875,
      "mean_uncertainty": 0.00514984130859375
    },
    "21": {
      "size": 3,
      "selected_id": 489,
      "max_uncertainty": 0.0067138671875,
      "mean_uncertainty": 0.005046844482421875
    },
    "22": {
      "size": 4,
      "selected_id": 256,
      "max_uncertainty": 0.005870819091796875,
      "mean_uncertainty": 0.00485992431640625
    },
    "23": {
      "size": 2,
      "selected_id": 230,
      "max_uncertainty": 0.005336761474609375,
      "mean_uncertainty": 0.00505828857421875
    },
    "24": {
      "size": 3,
      "selected_id": 394,
      "max_uncertainty": 0.0045928955078125,
      "mean_uncertainty": 0.0042877197265625
    },
    "25": {
      "size": 7,
      "selected_id": 162,
      "max_uncertainty": 0.0133819580078125,
      "mean_uncertainty": 0.0099945068359375
    },
    "26": {
      "size": 3,
      "selected_id": 477,
      "max_uncertainty": 0.012237548828125,
      "mean_uncertainty": 0.01019287109375
    },
    "27": {
      "size": 3,
      "selected_id": 212,
      "max_uncertainty": 0.005924224853515625,
      "mean_uncertainty": 0.00528717041015625
    },
    "28": {
      "size": 2,
      "selected_id": 422,
      "max_uncertainty": 0.00502777099609375,
      "mean_uncertainty": 0.0046844482421875
    },
    "29": {
      "size": 1,
      "selected_id": 479,
      "max_uncertainty": 0.00493621826171875,
      "mean_uncertainty": 0.00493621826171875
    },
    "30": {
      "size": 3,
      "selected_id": 452,
      "max_uncertainty": 0.006519317626953125,
      "mean_uncertainty": 0.004955291748046875
    },
    "31": {
      "size": 2,
      "selected_id": 82,
      "max_uncertainty": 0.004856109619140625,
      "mean_uncertainty": 0.00467681884765625
    },
    "32": {
      "size": 4,
      "selected_id": 224,
      "max_uncertainty": 0.0062713623046875,
      "mean_uncertainty": 0.005100250244140625
    },
    "33": {
      "size": 3,
      "selected_id": 205,
      "max_uncertainty": 0.006473541259765625,
      "mean_uncertainty": 0.005496978759765625
    },
    "34": {
      "size": 3,
      "selected_id": 380,
      "max_uncertainty": 0.01140594482421875,
      "mean_uncertainty": 0.00978851318359375
    },
    "35": {
      "size": 5,
      "selected_id": 90,
      "max_uncertainty": 0.00966644287109375,
      "mean_uncertainty": 0.00759124755859375
    },
    "36": {
      "size": 6,
      "selected_id": 246,
      "max_uncertainty": 0.005680084228515625,
      "mean_uncertainty": 0.004947662353515625
    },
    "37": {
      "size": 7,
      "selected_id": 195,