{
  "selected_ids": [
    468,
    387,
    218,
    104,
    241,
    77,
    261,
    247,
    475,
    167,
    448,
    122,
    328,
    398,
    293,
    355,
    351,
    210,
    178,
    418,
    410,
    494,
    320,
    200,
    368,
    146,
    169,
    199,
    109,
    341,
    462,
    463,
    155,
    323,
    240,
    336,
    179,
    161,
    267,
    93,
    70,
    443,
    245,
    354,
    322,
    228,
    128,
    436,
    423,
    144,
    461,
    469,
    350,
    158,
    305,
    103,
    273,
    476,
    437,
    213,
    143,
    268,
    365,
    138
  ],
  "uncertainties": [
    0.014984130859375,
    0.007381439208984375,
    0.00958251953125,
    0.0121307373046875,
    0.01338958740234375,
    0.01532745361328125,
    0.0163726806640625,
    0.00902557373046875,
    0.0140533447265625,
    0.008880615234375,
    0.01328277587890625,
    0.0211029052734375,
    0.03662109375,
    0.01198577880859375,
    0.00879669189453125,
    0.007503509521484375,
    0.01244354248046875,
    0.0294647216796875,
    0.00783538818359375,
    0.012908935546875,
    0.010650634765625,
    0.01375579833984375,
    0.0186309814453125,
    0.01024627685546875,
    0.01032257080078125,
    0.010284423828125,
    0.00836181640625,
    0.008575439453125,
    0.013092041015625,
    0.03656005859375,
    0.0145263671875,
    0.0088958740234375,
    0.0111541748046875,
    0.00909423828125,
    0.007556915283203125,
    0.01151275634765625,
    0.017669677734375,
    0.0173187255859375,
    0.00725555419921875,
    0.00824737548828125,
    0.00865936279296875,
    0.0075836181640625,
    0.00732421875,
    0.01117706298828125,
    0.016632080078125,
    0.00836181640625,
    0.01172637939453125,
    0.00946807861328125,
    0.0206451416015625,
    0.0126190185546875,
    0.0175628662109375,
    0.013824462890625,
    0.008331298828125,
    0.007472991943359375,
    0.017303466796875,
    0.01311492919921875,
    0.0082550048828125,
    0.0118865966796875,
    0.014923095703125,
    0.01043701171875,
    0.0113677978515625,
    0.01181793212890625,
    0.0172576904296875,
    0.01434326171875
  ],
  "topk_size": 64,
  "n_clusters": 64,
  "cluster_stats": {
    "0": {
      "size": 2,
      "selected_id": 468,
      "max_uncertainty": 0.014984130859375,
      "mean_uncertainty": 0.013580322265625
    },
    "1": {
      "size": 1,
      "selected_id": 387,
      "max_uncertainty": 0.007381439208984375,
      "mean_uncertainty": 0.007381439208984375
    },
    "2": {
      "size": 3,
      "selected_id": 218,
      "max_uncertainty": 0.00958251953125,
      "mean_uncertainty": 0.00872802734375
    },
    "3": {
      "size": 2,
      "selected_id": 104,
      "max_uncertainty": 0.0121307373046875,
      "mean_uncertainty": 0.01207733154296875
    },
    "4": {
      "size": 1,
      "selected_id": 241,
      "max_uncertainty": 0.01338958740234375,
      "mean_uncertainty": 0.01338958740234375
    },
    "5": {
      "size": 3,
      "selected_id": 77,
      "max_uncertainty": 0.01532745361328125,
      "mean_uncertainty": 0.01285552978515625
    },
    "6": {
      "size": 2,
      "selected_id": 261,
      "max_uncertainty": 0.0163726806640625,
      "mean_uncertainty": 0.016326904296875
    },
    "7": {
      "size": 3,
      "selected_id": 247,
      "max_uncertainty": 0.00902557373046875,
      "mean_uncertainty": 0.00843048095703125
    },
    "8": {
      "size": 1,
      "selected_id": 475,
      "max_uncertainty": 0.0140533447265625,
      "mean_uncertainty": 0.0140533447265625
    },
    "9": {
      "size": 2,
      "selected_id": 167,
      "max_uncertainty": 0.008880615234375,
      "mean_uncertainty": 0.0080413818359375
    },
    "10": {
      "size": 2,
      "selected_id": 448,
      "max_uncertainty": 0.01328277587890625,
      "mean_uncertainty": 0.012542724609375
    },
    "11": {
      "size": 7,
      "selected_id": 122,
      "max_uncertainty": 0.0211029052734375,
      "mean_uncertainty": 0.01499176025390625
    },
    "12": {
      "size": 3,
      "selected_id": 328,
      "max_uncertainty": 0.03662109375,
      "mean_uncertainty": 0.0272369384765625
    },
    "13": {
      "size": 2,
      "selected_id": 398,
      "max_uncertainty": 0.01198577880859375,
      "mean_uncertainty": 0.00994873046875
    },
    "14": {
      "size": 2,
      "selected_id": 293,
      "max_uncertainty": 0.00879669189453125,
      "mean_uncertainty": 0.00797271728515625
    },
    "15": {
      "size": 1,
      "selected_id": 355,
      "max_uncertainty": 0.007503509521484375,
      "mean_uncertainty": 0.007503509521484375
    },
    "16": {
      "size": 2,
      "selected_id": 351,
      "max_uncertainty": 0.01244354248046875,
      "mean_uncertainty": 0.010498046875
    },
    "17": {
      "size": 2,
      "selected_id": 210,
      "max_uncertainty": 0.0294647216796875,
      "mean_uncertainty": 0.025299072265625
    },
    "18": {
      "size": 2,
      "selected_id": 178,
      "max_uncertainty": 0.00783538818359375,
      "mean_uncertainty": 0.007648468017578125
    },
    "19": {
      "size": 3,
      "selected_id": 418,
      "max_uncertainty": 0.012908935546875,
      "mean_uncertainty": 0.010284423828125
    },
    "20": {
      "size": 2,
      "selected_id": 410,
      "max_uncertainty": 0.010650634765625,
      "mean_uncertainty": 0.0091094970703125
    },
    "21": {
      "size": 3,
      "selected_id": 494,
      "max_uncertainty": 0.01375579833984375,
      "mean_uncertainty": 0.01186370849609375
    },
    "22": {
      "size": 3,
      "selected_id": 320,
      "max_uncertainty": 0.0186309814453125,
      "mean_uncertainty": 0.017120361328125
    },
    "23": {
      "size": 2,
      "selected_id": 200,
      "max_uncertainty": 0.01024627685546875,
      "mean_uncertainty": 0.00968170166015625
    },
    "24": {
      "size": 1,
      "selected_id": 368,
      "max_uncertainty": 0.01032257080078125,
      "mean_uncertainty": 0.01032257080078125
    },
    "25": {
      "size": 2,
      "selected_id": 146,
      "max_uncertainty": 0.010284423828125,
      "mean_uncertainty": 0.00984954833984375
    },
    "26": {
      "size": 3,
      "selected_id": 169,
      "max_uncertainty": 0.00836181640625,
      "mean_uncertainty": 0.00785064697265625
    },
    "27": {
      "size": 2,
      "selected_id": 199,
      "max_uncertainty": 0.008575439453125,
      "mean_uncertainty": 0.008148193359375
    },
    "28": {
      "size": 2,
      "selected_id": 109,
      "max_uncertainty": 0.013092041015625,
      "mean_uncertainty": 0.0130767822265625
    },
    "29": {
      "size": 4,
      "selected_id": 341,
      "max_uncertainty": 0.03656005859375,
      "mean_uncertainty": 0.0279388427734375
    },
    "30": {
      "size": 1,
      "selected_id": 462,
      "max_uncertainty": 0.0145263671875,
      "mean_uncertainty": 0.0145263671875
    },
    "31": {
      "size": 2,
      "selected_id": 463,
      "max_uncertainty": 0.0088958740234375,
      "mean_uncertainty": 0.0080718994140625
    },
    "32": {
      "size": 4,
      "selected_id": 155,
      "max_uncertainty": 0.0111541748046875,
      "mean_uncertainty": 0.0102386474609375
    },
    "33": {
      "size": 1,
      "selected_id": 323,
      "max_uncertainty": 0.00909423828125,
      "mean_uncertainty": 0.00909423828125
    },
    "34": {
      "size": 1,
      "selected_id": 240,
      "max_uncertainty": 0.007556915283203125,
      "mean_uncertainty": 0.007556915283203125
    },
    "35": {
      "size": 2,
      "selected_id": 336,
      "max_uncertainty": 0.01151275634765625,
      "mean_uncertainty": 0.0109100341796875
    },
    "36": {
      "size": 5,
      "selected_id": 179,
      "max_uncertainty": 0.017669677734375,
      "mean_uncertainty": 0.011932373046875
    },
    "37": {
      "size": 1,
      "selected_id": 161,
      "max_uncertainty": 0.0173187255859375,
      "mean_uncertainty": 0.0173187255859375
    },
    "38": {
      "size": 1,