{
  "selected_ids": [
    226,
    72,
    371,
    364,
    141,
    271,
    492,
    265,
    222,
    391,
    367,
    348,
    192,
    165,
    345,
    251,
    481,
    361,
    157,
    318,
    337,
    384,
    488,
    407,
    220,
    397,
    204,
    284,
    296,
    272,
    460,
    482,
    87,
    330,
    406,
    182,
    151,
    152,
    342,
    132,
    243,
    358,
    184,
    416,
    313,
    80,
    168,
    495,
    198,
    255,
    369,
    310,
    215,
    281,
    471,
    67,
    117,
    191,
    237,
    233,
    459,
    493,
    403,
    306
  ],
  "uncertainties": [
    0.0053253173828125,
    0.0035915374755859375,
    0.0037441253662109375,
    0.01221466064453125,
    0.006011962890625,
    0.003978729248046875,
    0.01284027099609375,
    0.005428314208984375,
    0.00403594970703125,
    0.0087432861328125,
    0.010162353515625,
    0.00447845458984375,
    0.002849578857421875,
    0.01392364501953125,
    0.007656097412109375,
    0.006877899169921875,
    0.0034770965576171875,
    0.004154205322265625,
    0.0027751922607421875,
    0.00313568115234375,
    0.00395965576171875,
    0.00560760498046875,
    0.007526397705078125,
    0.0029697418212890625,
    0.0023250579833984375,
    0.0024547576904296875,
    0.00415802001953125,
    0.00687408447265625,
    0.0025157928466796875,
    0.003543853759765625,
    0.0083160400390625,
    0.0072479248046875,
    0.0023555755615234375,
    0.004604339599609375,
    0.003147125244140625,
    0.0074920654296875,
    0.00605010986328125,
    0.00299835205078125,
    0.00231170654296875,
    0.004241943359375,
    0.003116607666015625,
    0.01078033447265625,
    0.004791259765625,
    0.0029582977294921875,
    0.0066070556640625,
    0.0026073455810546875,
    0.003780364990234375,
    0.004302978515625,
    0.00522613525390625,
    0.0031032562255859375,
    0.002483367919921875,
    0.003650665283203125,
    0.002410888671875,
    0.00893402099609375,
    0.00327301025390625,
    0.01285552978515625,
    0.001407623291015625,
    0.0017452239990234375,
    0.000774383544921875,
    0.0017547607421875,
    0.002231597900390625,
    0.0009851455688476562,
    0.0016155242919921875,
    0.0008363723754882812
  ],
  "topk_size": 64,
  "n_clusters": 56,
  "cluster_stats": {
    "0": {
      "size": 1,
      "selected_id": 226,
      "max_uncertainty": 0.0053253173828125,
      "mean_uncertainty": 0.0053253173828125
    },
    "1": {
      "size": 1,
      "selected_id": 72,
      "max_uncertainty": 0.0035915374755859375,
      "mean_uncertainty": 0.0035915374755859375
    },
    "2": {
      "size": 1,
      "selected_id": 371,
      "max_uncertainty": 0.0037441253662109375,
      "mean_uncertainty": 0.0037441253662109375
    },
    "3": {
      "size": 1,
      "selected_id": 364,
      "max_uncertainty": 0.01221466064453125,
      "mean_uncertainty": 0.01221466064453125
    },
    "4": {
      "size": 1,
      "selected_id": 141,
      "max_uncertainty": 0.006011962890625,
      "mean_uncertainty": 0.006011962890625
    },
    "5": {
      "size": 1,
      "selected_id": 271,
      "max_uncertainty": 0.003978729248046875,
      "mean_uncertainty": 0.003978729248046875
    },
    "6": {
      "size": 1,
      "selected_id": 492,
      "max_uncertainty": 0.01284027099609375,
      "mean_uncertainty": 0.01284027099609375
    },
    "7": {
      "size": 1,
      "selected_id": 265,
      "max_uncertainty": 0.005428314208984375,
      "mean_uncertainty": 0.005428314208984375
    },
    "8": {
      "size": 1,
      "selected_id": 222,
      "max_uncertainty": 0.00403594970703125,
      "mean_uncertainty": 0.00403594970703125
    },
    "9": {
      "size": 1,
      "selected_id": 391,
      "max_uncertainty": 0.0087432861328125,
      "mean_uncertainty": 0.0087432861328125
    },
    "10": {
      "size": 1,
      "selected_id": 367,
      "max_uncertainty": 0.010162353515625,
      "mean_uncertainty": 0.010162353515625
    },
    "11": {
      "size": 1,
      "selected_id": 348,
      "max_uncertainty": 0.00447845458984375,
      "mean_uncertainty": 0.00447845458984375
    },
    "12": {
      "size": 1,
      "selected_id": 192,
      "max_uncertainty": 0.002849578857421875,
      "mean_uncertainty": 0.002849578857421875
    },
    "13": {
      "size": 1,
      "selected_id": 165,
      "max_uncertainty": 0.01392364501953125,
      "mean_uncertainty": 0.01392364501953125
    },
    "14": {
      "size": 1,
      "selected_id": 345,
      "max_uncertainty": 0.007656097412109375,
      "mean_uncertainty": 0.007656097412109375
    },
    "15": {
      "size": 1,
      "selected_id": 251,
      "max_uncertainty": 0.006877899169921875,
      "mean_uncertainty": 0.006877899169921875
    },
    "16": {
      "size": 1,
      "selected_id": 481,
      "max_uncertainty": 0.0034770965576171875,
      "mean_uncertainty": 0.0034770965576171875
    },
    "17": {
      "size": 1,
      "selected_id": 361,
      "max_uncertainty": 0.004154205322265625,
      "mean_uncertainty": 0.004154205322265625
    },
    "18": {
      "size": 1,
      "selected_id": 157,
      "max_uncertainty": 0.0027751922607421875,
      "mean_uncertainty": 0.0027751922607421875
    },
    "19": {
      "size": 1,
      "selected_id": 318,
      "max_uncertainty": 0.00313568115234375,
      "mean_uncertainty": 0.00313568115234375
    },
    "20": {
      "size": 1,
      "selected_id": 337,
      "max_uncertainty": 0.00395965576171875,
      "mean_uncertainty": 0.00395965576171875
    },
    "21": {
      "size": 1,
      "selected_id": 384,
      "max_uncertainty": 0.00560760498046875,
      "mean_uncertainty": 0.00560760498046875
    },
    "22": {
      "size": 1,
      "selected_id": 488,
      "max_uncertainty": 0.007526397705078125,
      "mean_uncertainty": 0.007526397705078125
    },
    "23": {
      "size": 1,
      "selected_id": 407,
      "max_uncertainty": 0.0029697418212890625,
      "mean_uncertainty": 0.0029697418212890625
    },
    "24": {
      "size": 1,
      "selected_id": 220,
      "max_uncertainty": 0.0023250579833984375,
      "mean_uncertainty": 0.0023250579833984375
    },
    "25": {
      "size": 1,
      "selected_id": 397,
      "max_uncertainty": 0.0024547576904296875,
      "mean_uncertainty": 0.0024547576904296875
    },
    "26": {
      "size": 1,
      "selected_id": 204,
      "max_uncertainty": 0.00415802001953125,
      "mean_uncertainty": 0.00415802001953125
    },
    "27": {
      "size": 1,
      "selected_id": 284,
      "max_uncertainty": 0.00687408447265625,
      "mean_uncertainty": 0.00687408447265625
    },
    "28": {
      "size": 1,
      "selected_id": 296,
      "max_uncertainty": 0.0025157928466796875,
      "mean_uncertainty": 0.0025157928466796875
    },
    "29": {
      "size": 1,
      "selected_id": 272,
      "max_uncertainty": 0.003543853759765625,
      "mean_uncertainty": 0.003543853759765625
    },
    "30": {
      "size": 1,
      "selected_id": 460,
      "max_uncertainty": 0.0083160400390625,
      "mean_uncertainty": 0.0083160400390625
    },
    "31": {
      "size": 1,
      "selected_id": 482,
      "max_uncertainty": 0.0072479248046875,
      "mean_uncertainty": 0.0072479248046875
    },
    "32": {
      "size": 1,
      "selected_id": 87,
      "max_uncertainty": 0.0023555755615234375,
      "mean_uncertainty": 0.0023555755615234375
    },
    "33": {
      "size": 1,
      "selected_id": 330,
      "max_uncertainty": 0.004604339599609375,
      "mean_uncertainty": 0.004604339599609375
    },
    "34": {
      "size": 1,
      "selected_id": 406,
      "max_uncertainty": 0.003147125244140625,
      "mean_uncertainty": 0.003147125244140625
    },
    "35": {
      "size": 1,
      "selected_id": 182,
      "max_uncertainty": 0.0074920654296875,
      "mean_uncertainty": 0.0074920654296875
    },
    "36": {
      "size": 1,
      "selected_id": 151,
      "max_uncertainty": 0.00605010986328125,