{
  "selected_ids": [
    259,
    249,
    170,
    378,
    126,
    263,
    171,
    105,
    363,
    415,
    294,
    425,
    123,
    292,
    299,
    254,
    208,
    382,
    290,
    487,
    352,
    113,
    314,
    160,
    329,
    197,
    88,
    124,
    180,
    76,
    121,
    401,
    417,
    164,
    300,
    451,
    304,
    381,
    89,
    188,
    307,
    115,
    96,
    260,
    467,
    73,
    147,
    405,
    386,
    250,
    334,
    203,
    276,
    217,
    392,
    149,
    257,
    446,
    221,
    130,
    102,
    450,
    466,
    202
  ],
  "uncertainties": [
    0.01023101806640625,
    0.007404327392578125,
    0.0066986083984375,
    0.0188751220703125,
    0.010284423828125,
    0.025634765625,
    0.006534576416015625,
    0.0094757080078125,
    0.00601959228515625,
    0.006282806396484375,
    0.01169586181640625,
    0.01129150390625,
    0.01505279541015625,
    0.017730712890625,
    0.01158905029296875,
    0.007282257080078125,
    0.0088043212890625,
    0.007778167724609375,
    0.01007843017578125,
    0.0184326171875,
    0.01009368896484375,
    0.018768310546875,
    0.00634002685546875,
    0.00565338134765625,
    0.00933074951171875,
    0.0260772705078125,
    0.0157318115234375,
    0.007389068603515625,
    0.029510498046875,
    0.00785064697265625,
    0.00792694091796875,
    0.006999969482421875,
    0.01300048828125,
    0.0064239501953125,
    0.01561737060546875,
    0.008880615234375,
    0.00934600830078125,
    0.00846099853515625,
    0.01001739501953125,
    0.008575439453125,
    0.0218658447265625,
    0.005859375,
    0.0110626220703125,
    0.0075225830078125,
    0.007747650146484375,
    0.01027679443359375,
    0.009429931640625,
    0.014434814453125,
    0.01300048828125,
    0.00868988037109375,
    0.00705718994140625,
    0.0072784423828125,
    0.00995635986328125,
    0.01187896728515625,
    0.00914764404296875,
    0.01275634765625,
    0.006351470947265625,
    0.0206298828125,
    0.022857666015625,
    0.0159759521484375,
    0.021759033203125,
    0.0091094970703125,
    0.0164337158203125,
    0.005863189697265625
  ],
  "topk_size": 64,
  "n_clusters": 64,
  "cluster_stats": {
    "0": {
      "size": 1,
      "selected_id": 259,
      "max_uncertainty": 0.01023101806640625,
      "mean_uncertainty": 0.01023101806640625
    },
    "1": {
      "size": 4,
      "selected_id": 249,
      "max_uncertainty": 0.007404327392578125,
      "mean_uncertainty": 0.0069580078125
    },
    "2": {
      "size": 1,
      "selected_id": 170,
      "max_uncertainty": 0.0066986083984375,
      "mean_uncertainty": 0.0066986083984375
    },
    "3": {
      "size": 2,
      "selected_id": 378,
      "max_uncertainty": 0.0188751220703125,
      "mean_uncertainty": 0.015533447265625
    },
    "4": {
      "size": 3,
      "selected_id": 126,
      "max_uncertainty": 0.010284423828125,
      "mean_uncertainty": 0.00897979736328125
    },
    "5": {
      "size": 1,
      "selected_id": 263,
      "max_uncertainty": 0.025634765625,
      "mean_uncertainty": 0.025634765625
    },
    "6": {
      "size": 3,
      "selected_id": 171,
      "max_uncertainty": 0.006534576416015625,
      "mean_uncertainty": 0.006229400634765625
    },
    "7": {
      "size": 1,
      "selected_id": 105,
      "max_uncertainty": 0.0094757080078125,
      "mean_uncertainty": 0.0094757080078125
    },
    "8": {
      "size": 1,
      "selected_id": 363,
      "max_uncertainty": 0.00601959228515625,
      "mean_uncertainty": 0.00601959228515625
    },
    "9": {
      "size": 1,
      "selected_id": 415,
      "max_uncertainty": 0.006282806396484375,
      "mean_uncertainty": 0.006282806396484375
    },
    "10": {
      "size": 1,
      "selected_id": 294,
      "max_uncertainty": 0.01169586181640625,
      "mean_uncertainty": 0.01169586181640625
    },
    "11": {
      "size": 2,
      "selected_id": 425,
      "max_uncertainty": 0.01129150390625,
      "mean_uncertainty": 0.0096588134765625
    },
    "12": {
      "size": 2,
      "selected_id": 123,
      "max_uncertainty": 0.01505279541015625,
      "mean_uncertainty": 0.0147552490234375
    },
    "13": {
      "size": 4,
      "selected_id": 292,
      "max_uncertainty": 0.017730712890625,
      "mean_uncertainty": 0.01320648193359375
    },
    "14": {
      "size": 2,
      "selected_id": 299,
      "max_uncertainty": 0.01158905029296875,
      "mean_uncertainty": 0.0106658935546875
    },
    "15": {
      "size": 2,
      "selected_id": 254,
      "max_uncertainty": 0.007282257080078125,
      "mean_uncertainty": 0.00655364990234375
    },
    "16": {
      "size": 1,
      "selected_id": 208,
      "max_uncertainty": 0.0088043212890625,
      "mean_uncertainty": 0.0088043212890625
    },
    "17": {
      "size": 1,
      "selected_id": 382,
      "max_uncertainty": 0.007778167724609375,
      "mean_uncertainty": 0.007778167724609375
    },
    "18": {
      "size": 4,
      "selected_id": 290,
      "max_uncertainty": 0.01007843017578125,
      "mean_uncertainty": 0.00891876220703125
    },
    "19": {
      "size": 1,
      "selected_id": 487,
      "max_uncertainty": 0.0184326171875,
      "mean_uncertainty": 0.0184326171875
    },
    "20": {
      "size": 2,
      "selected_id": 352,
      "max_uncertainty": 0.01009368896484375,
      "mean_uncertainty": 0.0080718994140625
    },
    "21": {
      "size": 1,
      "selected_id": 113,
      "max_uncertainty": 0.018768310546875,
      "mean_uncertainty": 0.018768310546875
    },
    "22": {
      "size": 3,
      "selected_id": 314,
      "max_uncertainty": 0.00634002685546875,
      "mean_uncertainty": 0.005962371826171875
    },
    "23": {
      "size": 1,
      "selected_id": 160,
      "max_uncertainty": 0.00565338134765625,
      "mean_uncertainty": 0.00565338134765625
    },
    "24": {
      "size": 1,
      "selected_id": 329,
      "max_uncertainty": 0.00933074951171875,
      "mean_uncertainty": 0.00933074951171875
    },
    "25": {
      "size": 1,
      "selected_id": 197,
      "max_uncertainty": 0.0260772705078125,
      "mean_uncertainty": 0.0260772705078125
    },
    "26": {
      "size": 1,
      "selected_id": 88,
      "max_uncertainty": 0.0157318115234375,
      "mean_uncertainty": 0.0157318115234375
    },
    "27": {
      "size": 1,
      "selected_id": 124,
      "max_uncertainty": 0.007389068603515625,
      "mean_uncertainty": 0.007389068603515625
    },
    "28": {
      "size": 1,
      "selected_id": 180,
      "max_uncertainty": 0.029510498046875,
      "mean_uncertainty": 0.029510498046875
    },
    "29": {
      "size": 1,
      "selected_id": 76,
      "max_uncertainty": 0.00785064697265625,
      "mean_uncertainty": 0.00785064697265625
    },
    "30": {
      "size": 2,
      "selected_id": 121,
      "max_uncertainty": 0.00792694091796875,
      "mean_uncertainty": 0.00780487060546875
    },
    "31": {
      "size": 1,
      "selected_id": 401,
      "max_uncertainty": 0.006999969482421875,
      "mean_uncertainty": 0.006999969482421875
    },
    "32": {
      "size": 1,
      "selected_id": 417,
      "max_uncertainty": 0.01300048828125,
      "mean_uncertainty": 0.01300048828125
    },
    "33": {
      "size": 1,
      "selected_id": 164,
      "max_uncertainty": 0.0064239501953125,
      "mean_uncertainty": 0.0064239501953125
    },
    "34": {
      "size": 2,
      "selected_id": 300,
      "max_uncertainty": 0.01561737060546875,
      "mean_uncertainty": 0.013519287109375
    },
    "35": {
      "size": 1,
      "selected_id": 451,
      "max_uncertainty": 0.008880615234375,
      "mean_uncertainty": 0.008880615234375
    },
    "36": {
      "size": 2,
      "selected_id": 304,
      "max_uncertainty": 0.00934600830078125,
      "mean_uncertainty": 0.0088653564453125
    },
    "37": {
      "size": 1,
      "selected_id": 381,
      "max_uncertainty": 0.00846099853515625,