{
  "selected_ids": [
    357,
    852,
    525,
    548,
    378,
    539,
    267,
    182,
    199,
    742,
    674,
    536,
    684,
    164,
    727,
    514,
    817,
    428,
    198,
    584,
    137,
    617,
    247,
    723,
    827,
    609,
    333,
    577,
    833,
    158,
    177,
    372,
    590,
    672,
    763,
    805,
    510,
    397,
    140,
    552,
    415,
    927,
    585,
    883,
    279,
    690,
    460,
    194,
    537,
    518,
    374,
    779,
    680,
    291,
    999,
    248,
    979,
    855,
    535,
    836,
    414,
    360,
    751,
    240
  ],
  "uncertainties": [
    0.00788116455078125,
    0.006439208984375,
    0.0440673828125,
    0.009490966796875,
    0.0130615234375,
    0.00475311279296875,
    0.003753662109375,
    0.0199432373046875,
    0.00978851318359375,
    0.0035686492919921875,
    0.01203155517578125,
    0.005046844482421875,
    0.004375457763671875,
    0.004528045654296875,
    0.005657196044921875,
    0.00568389892578125,
    0.00682830810546875,
    0.0222930908203125,
    0.01425933837890625,
    0.00859832763671875,
    0.005809783935546875,
    0.0139617919921875,
    0.006504058837890625,
    0.0101318359375,
    0.0071868896484375,
    0.008636474609375,
    0.0132293701171875,
    0.00972747802734375,
    0.005077362060546875,
    0.00847625732421875,
    0.012237548828125,
    0.00751495361328125,
    0.006023406982421875,
    0.004764556884765625,
    0.00527191162109375,
    0.01073455810546875,
    0.0051116943359375,
    0.00494384765625,
    0.00841522216796875,
    0.004756927490234375,
    0.028106689453125,
    0.005489349365234375,
    0.00751495361328125,
    0.0070037841796875,
    0.00501251220703125,
    0.004047393798828125,
    0.0094757080078125,
    0.006847381591796875,
    0.02728271484375,
    0.00942230224609375,
    0.004878997802734375,
    0.00531768798828125,
    0.00623321533203125,
    0.003902435302734375,
    0.003940582275390625,
    0.00449371337890625,
    0.007232666015625,
    0.0165557861328125,
    0.017364501953125,
    0.0210113525390625,
    0.00426483154296875,
    0.005405426025390625,
    0.00940704345703125,
    0.0108642578125
  ],
  "topk_size": 64,
  "n_clusters": 64,
  "cluster_stats": {
    "0": {
      "size": 10,
      "selected_id": 357,
      "max_uncertainty": 0.00788116455078125,
      "mean_uncertainty": 0.00556182861328125
    },
    "1": {
      "size": 8,
      "selected_id": 852,
      "max_uncertainty": 0.006439208984375,
      "mean_uncertainty": 0.004581451416015625
    },
    "2": {
      "size": 4,
      "selected_id": 525,
      "max_uncertainty": 0.0440673828125,
      "mean_uncertainty": 0.033416748046875
    },
    "3": {
      "size": 6,
      "selected_id": 548,
      "max_uncertainty": 0.009490966796875,
      "mean_uncertainty": 0.0067291259765625
    },
    "4": {
      "size": 6,
      "selected_id": 378,
      "max_uncertainty": 0.0130615234375,
      "mean_uncertainty": 0.0092315673828125
    },
    "5": {
      "size": 7,
      "selected_id": 539,
      "max_uncertainty": 0.00475311279296875,
      "mean_uncertainty": 0.004093170166015625
    },
    "6": {
      "size": 4,
      "selected_id": 267,
      "max_uncertainty": 0.003753662109375,
      "mean_uncertainty": 0.003505706787109375
    },
    "7": {
      "size": 5,
      "selected_id": 182,
      "max_uncertainty": 0.0199432373046875,
      "mean_uncertainty": 0.0166473388671875
    },
    "8": {
      "size": 10,
      "selected_id": 199,
      "max_uncertainty": 0.00978851318359375,
      "mean_uncertainty": 0.00640106201171875
    },
    "9": {
      "size": 4,
      "selected_id": 742,
      "max_uncertainty": 0.0035686492919921875,
      "mean_uncertainty": 0.003414154052734375
    },
    "10": {
      "size": 9,
      "selected_id": 674,
      "max_uncertainty": 0.01203155517578125,
      "mean_uncertainty": 0.00849151611328125
    },
    "11": {
      "size": 8,
      "selected_id": 536,
      "max_uncertainty": 0.005046844482421875,
      "mean_uncertainty": 0.004154205322265625
    },
    "12": {
      "size": 15,
      "selected_id": 684,
      "max_uncertainty": 0.004375457763671875,
      "mean_uncertainty": 0.003490447998046875
    },
    "13": {
      "size": 13,
      "selected_id": 164,
      "max_uncertainty": 0.004528045654296875,
      "mean_uncertainty": 0.003726959228515625
    },
    "14": {
      "size": 10,
      "selected_id": 727,
      "max_uncertainty": 0.005657196044921875,
      "mean_uncertainty": 0.0037097930908203125
    },
    "15": {
      "size": 6,
      "selected_id": 514,
      "max_uncertainty": 0.00568389892578125,
      "mean_uncertainty": 0.004650115966796875
    },
    "16": {
      "size": 12,
      "selected_id": 817,
      "max_uncertainty": 0.00682830810546875,
      "mean_uncertainty": 0.005138397216796875
    },
    "17": {
      "size": 6,
      "selected_id": 428,
      "max_uncertainty": 0.0222930908203125,
      "mean_uncertainty": 0.0159912109375
    },
    "18": {
      "size": 6,
      "selected_id": 198,
      "max_uncertainty": 0.01425933837890625,
      "mean_uncertainty": 0.0126495361328125
    },
    "19": {
      "size": 5,
      "selected_id": 584,
      "max_uncertainty": 0.00859832763671875,
      "mean_uncertainty": 0.006145477294921875
    },
    "20": {
      "size": 9,
      "selected_id": 137,
      "max_uncertainty": 0.005809783935546875,
      "mean_uncertainty": 0.004238128662109375
    },
    "21": {
      "size": 6,
      "selected_id": 617,
      "max_uncertainty": 0.0139617919921875,
      "mean_uncertainty": 0.0108642578125
    },
    "22": {
      "size": 14,
      "selected_id": 247,
      "max_uncertainty": 0.006504058837890625,
      "mean_uncertainty": 0.00469207763671875
    },
    "23": {
      "size": 7,
      "selected_id": 723,
      "max_uncertainty": 0.0101318359375,
      "mean_uncertainty": 0.0070343017578125
    },
    "24": {
      "size": 1,
      "selected_id": 827,
      "max_uncertainty": 0.0071868896484375,
      "mean_uncertainty": 0.0071868896484375
    },
    "25": {
      "size": 12,
      "selected_id": 609,
      "max_uncertainty": 0.008636474609375,
      "mean_uncertainty": 0.00572967529296875
    },
    "26": {
      "size": 6,
      "selected_id": 333,
      "max_uncertainty": 0.0132293701171875,
      "mean_uncertainty": 0.0115814208984375
    },
    "27": {
      "size": 5,
      "selected_id": 577,
      "max_uncertainty": 0.00972747802734375,
      "mean_uncertainty": 0.008148193359375
    },
    "28": {
      "size": 5,
      "selected_id": 833,
      "max_uncertainty": 0.005077362060546875,
      "mean_uncertainty": 0.004764556884765625
    },
    "29": {
      "size": 13,
      "selected_id": 158,
      "max_uncertainty": 0.00847625732421875,
      "mean_uncertainty": 0.0060882568359375
    },
    "30": {
      "size": 6,
      "selected_id": 177,
      "max_uncertainty": 0.012237548828125,
      "mean_uncertainty": 0.00946044921875
    },
    "31": {
      "size": 4,
      "selected_id": 372,
      "max_uncertainty": 0.00751495361328125,
      "mean_uncertainty": 0.005947113037109375
    },
    "32": {
      "size": 8,
      "selected_id": 590,
      "max_uncertainty": 0.006023406982421875,
      "mean_uncertainty": 0.004955291748046875
    },
    "33": {
      "size": 6,
      "selected_id": 672,
      "max_uncertainty": 0.004764556884765625,
      "mean_uncertainty": 0.0039215087890625
    },
    "34": {
      "size": 10,
      "selected_id": 763,
      "max_uncertainty": 0.00527191162109375,
      "mean_uncertainty": 0.004241943359375
    },
    "35": {
      "size": 5,
      "selected_id": 805,
      "max_uncertainty": 0.01073455810546875,
      "mean_uncertainty": 0.007564544677734375
    },
    "36": {
      "size": 7,
      "selected_id": 510,
      "max_uncertainty": 0.0051116943359375,
      "mean_uncertainty": 0.00399017333984375
    },
    "37": {
      "size": 9,
      "selected_id": 397,