{
  "selected_ids": [
    724,
    210,
    447,
    710,
    303,
    760,
    812,
    376,
    254,
    804,
    435,
    939,
    712,
    809,
    892,
    602,
    280,
    725,
    730,
    219,
    846,
    611,
    872,
    935,
    353,
    850,
    645,
    547,
    765,
    366,
    796,
    133,
    673,
    371,
    776,
    494,
    530,
    230,
    802,
    578,
    481,
    770,
    682,
    396,
    977,
    313,
    653,
    801,
    997,
    691,
    189,
    749,
    832,
    463,
    468,
    381,
    862,
    948,
    831,
    503,
    572,
    395,
    554,
    582
  ],
  "uncertainties": [
    0.0010557174682617188,
    0.0006594657897949219,
    0.00043892860412597656,
    0.001995086669921875,
    0.0027561187744140625,
    0.00128936767578125,
    0.000522613525390625,
    0.004817962646484375,
    0.0006189346313476562,
    0.0006890296936035156,
    0.0030460357666015625,
    0.0013589859008789062,
    0.00047898292541503906,
    0.0006442070007324219,
    0.0037097930908203125,
    0.0006384849548339844,
    0.001262664794921875,
    0.002033233642578125,
    0.00174713134765625,
    0.0007233619689941406,
    0.0015430450439453125,
    0.0013113021850585938,
    0.0014505386352539062,
    0.001506805419921875,
    0.0006275177001953125,
    0.000514984130859375,
    0.0005011558532714844,
    0.0008816719055175781,
    0.0008273124694824219,
    0.0007996559143066406,
    0.0012750625610351562,
    0.0006375312805175781,
    0.0004048347473144531,
    0.0010938644409179688,
    0.0014286041259765625,
    0.005367279052734375,
    0.0022602081298828125,
    0.0006546974182128906,
    0.0014677047729492188,
    0.002521514892578125,
    0.0036945343017578125,
    0.0017213821411132812,
    0.0013017654418945312,
    0.0014934539794921875,
    0.00222015380859375,
    0.0012235641479492188,
    0.0004322528839111328,
    0.001537322998046875,
    0.0009102821350097656,
    0.0011463165283203125,
    0.0009298324584960938,
    0.0004374980926513672,
    0.002315521240234375,
    0.0010614395141601562,
    0.0016222000122070312,
    0.0010204315185546875,
    0.0025272369384765625,
    0.002155303955078125,
    0.0009179115295410156,
    0.0007128715515136719,
    0.0014514923095703125,
    0.0005640983581542969,
    0.0005908012390136719,
    0.00044727325439453125
  ],
  "topk_size": 64,
  "n_clusters": 64,
  "cluster_stats": {
    "0": {
      "size": 3,
      "selected_id": 724,
      "max_uncertainty": 0.0010557174682617188,
      "mean_uncertainty": 0.0007281303405761719
    },
    "1": {
      "size": 3,
      "selected_id": 210,
      "max_uncertainty": 0.0006594657897949219,
      "mean_uncertainty": 0.0005698204040527344
    },
    "2": {
      "size": 3,
      "selected_id": 447,
      "max_uncertainty": 0.00043892860412597656,
      "mean_uncertainty": 0.0003829002380371094
    },
    "3": {
      "size": 6,
      "selected_id": 710,
      "max_uncertainty": 0.001995086669921875,
      "mean_uncertainty": 0.00135040283203125
    },
    "4": {
      "size": 4,
      "selected_id": 303,
      "max_uncertainty": 0.0027561187744140625,
      "mean_uncertainty": 0.002422332763671875
    },
    "5": {
      "size": 4,
      "selected_id": 760,
      "max_uncertainty": 0.00128936767578125,
      "mean_uncertainty": 0.000885009765625
    },
    "6": {
      "size": 3,
      "selected_id": 812,
      "max_uncertainty": 0.000522613525390625,
      "mean_uncertainty": 0.0004444122314453125
    },
    "7": {
      "size": 3,
      "selected_id": 376,
      "max_uncertainty": 0.004817962646484375,
      "mean_uncertainty": 0.003932952880859375
    },
    "8": {
      "size": 4,
      "selected_id": 254,
      "max_uncertainty": 0.0006189346313476562,
      "mean_uncertainty": 0.00046753883361816406
    },
    "9": {
      "size": 2,
      "selected_id": 804,
      "max_uncertainty": 0.0006890296936035156,
      "mean_uncertainty": 0.0006685256958007812
    },
    "10": {
      "size": 3,
      "selected_id": 435,
      "max_uncertainty": 0.0030460357666015625,
      "mean_uncertainty": 0.0019330978393554688
    },
    "11": {
      "size": 1,
      "selected_id": 939,
      "max_uncertainty": 0.0013589859008789062,
      "mean_uncertainty": 0.0013589859008789062
    },
    "12": {
      "size": 2,
      "selected_id": 712,
      "max_uncertainty": 0.00047898292541503906,
      "mean_uncertainty": 0.0004703998565673828
    },
    "13": {
      "size": 4,
      "selected_id": 809,
      "max_uncertainty": 0.0006442070007324219,
      "mean_uncertainty": 0.000484466552734375
    },
    "14": {
      "size": 3,
      "selected_id": 892,
      "max_uncertainty": 0.0037097930908203125,
      "mean_uncertainty": 0.0030078887939453125
    },
    "15": {
      "size": 1,
      "selected_id": 602,
      "max_uncertainty": 0.0006384849548339844,
      "mean_uncertainty": 0.0006384849548339844
    },
    "16": {
      "size": 5,
      "selected_id": 280,
      "max_uncertainty": 0.001262664794921875,
      "mean_uncertainty": 0.0009775161743164062
    },
    "17": {
      "size": 3,
      "selected_id": 725,
      "max_uncertainty": 0.002033233642578125,
      "mean_uncertainty": 0.0014934539794921875
    },
    "18": {
      "size": 3,
      "selected_id": 730,
      "max_uncertainty": 0.00174713134765625,
      "mean_uncertainty": 0.0012063980102539062
    },
    "19": {
      "size": 5,
      "selected_id": 219,
      "max_uncertainty": 0.0007233619689941406,
      "mean_uncertainty": 0.0005679130554199219
    },
    "20": {
      "size": 2,
      "selected_id": 846,
      "max_uncertainty": 0.0015430450439453125,
      "mean_uncertainty": 0.0011920928955078125
    },
    "21": {
      "size": 6,
      "selected_id": 611,
      "max_uncertainty": 0.0013113021850585938,
      "mean_uncertainty": 0.0007305145263671875
    },
    "22": {
      "size": 2,
      "selected_id": 872,
      "max_uncertainty": 0.0014505386352539062,
      "mean_uncertainty": 0.0011539459228515625
    },
    "23": {
      "size": 2,
      "selected_id": 935,
      "max_uncertainty": 0.001506805419921875,
      "mean_uncertainty": 0.001354217529296875
    },
    "24": {
      "size": 2,
      "selected_id": 353,
      "max_uncertainty": 0.0006275177001953125,
      "mean_uncertainty": 0.000484466552734375
    },
    "25": {
      "size": 2,
      "selected_id": 850,
      "max_uncertainty": 0.000514984130859375,
      "mean_uncertainty": 0.0004496574401855469
    },
    "26": {
      "size": 4,
      "selected_id": 645,
      "max_uncertainty": 0.0005011558532714844,
      "mean_uncertainty": 0.00044083595275878906
    },
    "27": {
      "size": 4,
      "selected_id": 547,
      "max_uncertainty": 0.0008816719055175781,
      "mean_uncertainty": 0.0005645751953125
    },
    "28": {
      "size": 2,
      "selected_id": 765,
      "max_uncertainty": 0.0008273124694824219,
      "mean_uncertainty": 0.00066375732421875
    },
    "29": {
      "size": 3,
      "selected_id": 366,
      "max_uncertainty": 0.0007996559143066406,
      "mean_uncertainty": 0.0007429122924804688
    },
    "30": {
      "size": 1,
      "selected_id": 796,
      "max_uncertainty": 0.0012750625610351562,
      "mean_uncertainty": 0.0012750625610351562
    },
    "31": {
      "size": 2,
      "selected_id": 133,
      "max_uncertainty": 0.0006375312805175781,
      "mean_uncertainty": 0.0005426406860351562
    },
    "32": {
      "size": 1,
      "selected_id": 673,
      "max_uncertainty": 0.0004048347473144531,
      "mean_uncertainty": 0.0004048347473144531
    },
    "33": {
      "size": 5,
      "selected_id": 371,
      "max_uncertainty": 0.0010938644409179688,
      "mean_uncertainty": 0.0007009506225585938
    },
    "34": {
      "size": 4,
      "selected_id": 776,
      "max_uncertainty": 0.0014286041259765625,
      "mean_uncertainty": 0.0008230209350585938
    },
    "35": {
      "size": 2,
      "selected_id": 494,
      "max_uncertainty": 0.005367279052734375,