{
  "selected_ids": [
    423,
    600,
    245,
    241,
    808,
    903,
    816,
    297,
    532,
    485,
    560,
    613,
    433,
    138,
    155,
    957,
    844,
    713,
    516,
    321,
    172,
    486,
    382,
    542,
    687,
    420,
    413,
    950,
    211,
    235,
    180,
    242,
    226,
    491,
    426,
    278,
    744,
    594,
    995,
    417,
    350,
    657,
    569,
    419,
    380,
    418,
    218,
    244,
    842,
    416,
    731,
    528,
    767,
    635,
    734,
    987,
    261,
    864,
    829,
    821,
    337,
    351,
    173,
    249
  ],
  "uncertainties": [
    0.0009918212890625,
    0.0004432201385498047,
    0.0007228851318359375,
    0.001110076904296875,
    0.0007767677307128906,
    0.00041866302490234375,
    0.0011911392211914062,
    0.0015010833740234375,
    0.000782012939453125,
    0.00039887428283691406,
    0.0005664825439453125,
    0.00017714500427246094,
    0.00031685829162597656,
    0.0012998580932617188,
    0.0008950233459472656,
    0.00023758411407470703,
    0.0003437995910644531,
    0.0009055137634277344,
    0.0007853507995605469,
    0.0005698204040527344,
    0.0005550384521484375,
    0.000644683837890625,
    0.0015382766723632812,
    0.0004634857177734375,
    0.00038313865661621094,
    0.00036597251892089844,
    0.0007243156433105469,
    0.0002868175506591797,
    0.0005927085876464844,
    0.0006036758422851562,
    0.0001690387725830078,
    0.000278472900390625,
    0.0007171630859375,
    0.0005612373352050781,
    0.00040340423583984375,
    0.0010557174682617188,
    0.00022900104522705078,
    0.0003745555877685547,
    0.0004982948303222656,
    0.0007581710815429688,
    0.0014200210571289062,
    0.00135040283203125,
    0.0005435943603515625,
    0.0005135536193847656,
    0.00040221214294433594,
    0.00019693374633789062,
    0.000202178955078125,
    0.0005664825439453125,
    0.0003781318664550781,
    0.0012350082397460938,
    0.00018477439880371094,
    0.0001709461212158203,
    0.00113677978515625,
    0.00024175643920898438,
    0.00041031837463378906,
    0.00030040740966796875,
    0.001453399658203125,
    0.00035881996154785156,
    0.0004563331604003906,
    0.0008950233459472656,
    0.00031447410583496094,
    0.0003933906555175781,
    0.0008645057678222656,
    0.00021946430206298828
  ],
  "topk_size": 64,
  "n_clusters": 64,
  "cluster_stats": {
    "0": {
      "size": 4,
      "selected_id": 423,
      "max_uncertainty": 0.0009918212890625,
      "mean_uncertainty": 0.0005631446838378906
    },
    "1": {
      "size": 3,
      "selected_id": 600,
      "max_uncertainty": 0.0004432201385498047,
      "mean_uncertainty": 0.00028133392333984375
    },
    "2": {
      "size": 4,
      "selected_id": 245,
      "max_uncertainty": 0.0007228851318359375,
      "mean_uncertainty": 0.00039505958557128906
    },
    "3": {
      "size": 3,
      "selected_id": 241,
      "max_uncertainty": 0.001110076904296875,
      "mean_uncertainty": 0.0006966590881347656
    },
    "4": {
      "size": 4,
      "selected_id": 808,
      "max_uncertainty": 0.0007767677307128906,
      "mean_uncertainty": 0.000537872314453125
    },
    "5": {
      "size": 5,
      "selected_id": 903,
      "max_uncertainty": 0.00041866302490234375,
      "mean_uncertainty": 0.00031256675720214844
    },
    "6": {
      "size": 6,
      "selected_id": 816,
      "max_uncertainty": 0.0011911392211914062,
      "mean_uncertainty": 0.0009660720825195312
    },
    "7": {
      "size": 1,
      "selected_id": 297,
      "max_uncertainty": 0.0015010833740234375,
      "mean_uncertainty": 0.0015010833740234375
    },
    "8": {
      "size": 5,
      "selected_id": 532,
      "max_uncertainty": 0.000782012939453125,
      "mean_uncertainty": 0.00043010711669921875
    },
    "9": {
      "size": 3,
      "selected_id": 485,
      "max_uncertainty": 0.00039887428283691406,
      "mean_uncertainty": 0.0002359151840209961
    },
    "10": {
      "size": 2,
      "selected_id": 560,
      "max_uncertainty": 0.0005664825439453125,
      "mean_uncertainty": 0.0004553794860839844
    },
    "11": {
      "size": 2,
      "selected_id": 613,
      "max_uncertainty": 0.00017714500427246094,
      "mean_uncertainty": 0.00017404556274414062
    },
    "12": {
      "size": 3,
      "selected_id": 433,
      "max_uncertainty": 0.00031685829162597656,
      "mean_uncertainty": 0.0002237558364868164
    },
    "13": {
      "size": 1,
      "selected_id": 138,
      "max_uncertainty": 0.0012998580932617188,
      "mean_uncertainty": 0.0012998580932617188
    },
    "14": {
      "size": 1,
      "selected_id": 155,
      "max_uncertainty": 0.0008950233459472656,
      "mean_uncertainty": 0.0008950233459472656
    },
    "15": {
      "size": 3,
      "selected_id": 957,
      "max_uncertainty": 0.00023758411407470703,
      "mean_uncertainty": 0.00018310546875
    },
    "16": {
      "size": 3,
      "selected_id": 844,
      "max_uncertainty": 0.0003437995910644531,
      "mean_uncertainty": 0.0002460479736328125
    },
    "17": {
      "size": 2,
      "selected_id": 713,
      "max_uncertainty": 0.0009055137634277344,
      "mean_uncertainty": 0.000751495361328125
    },
    "18": {
      "size": 5,
      "selected_id": 516,
      "max_uncertainty": 0.0007853507995605469,
      "mean_uncertainty": 0.0005431175231933594
    },
    "19": {
      "size": 2,
      "selected_id": 321,
      "max_uncertainty": 0.0005698204040527344,
      "mean_uncertainty": 0.0005626678466796875
    },
    "20": {
      "size": 3,
      "selected_id": 172,
      "max_uncertainty": 0.0005550384521484375,
      "mean_uncertainty": 0.0002999305725097656
    },
    "21": {
      "size": 1,
      "selected_id": 486,
      "max_uncertainty": 0.000644683837890625,
      "mean_uncertainty": 0.000644683837890625
    },
    "22": {
      "size": 1,
      "selected_id": 382,
      "max_uncertainty": 0.0015382766723632812,
      "mean_uncertainty": 0.0015382766723632812
    },
    "23": {
      "size": 3,
      "selected_id": 542,
      "max_uncertainty": 0.0004634857177734375,
      "mean_uncertainty": 0.00041413307189941406
    },
    "24": {
      "size": 7,
      "selected_id": 687,
      "max_uncertainty": 0.00038313865661621094,
      "mean_uncertainty": 0.0002079010009765625
    },
    "25": {
      "size": 1,
      "selected_id": 420,
      "max_uncertainty": 0.00036597251892089844,
      "mean_uncertainty": 0.00036597251892089844
    },
    "26": {
      "size": 4,
      "selected_id": 413,
      "max_uncertainty": 0.0007243156433105469,
      "mean_uncertainty": 0.0005731582641601562
    },
    "27": {
      "size": 1,
      "selected_id": 950,
      "max_uncertainty": 0.0002868175506591797,
      "mean_uncertainty": 0.0002868175506591797
    },
    "28": {
      "size": 2,
      "selected_id": 211,
      "max_uncertainty": 0.0005927085876464844,
      "mean_uncertainty": 0.0004687309265136719
    },
    "29": {
      "size": 4,
      "selected_id": 235,
      "max_uncertainty": 0.0006036758422851562,
      "mean_uncertainty": 0.00037407875061035156
    },
    "30": {
      "size": 2,
      "selected_id": 180,
      "max_uncertainty": 0.0001690387725830078,
      "mean_uncertainty": 0.00016427040100097656
    },
    "31": {
      "size": 1,
      "selected_id": 242,
      "max_uncertainty": 0.000278472900390625,
      "mean_uncertainty": 0.000278472900390625
    },
    "32": {
      "size": 2,
      "selected_id": 226,
      "max_uncertainty": 0.0007171630859375,
      "mean_uncertainty": 0.0005412101745605469
    },
    "33": {
      "size": 3,
      "selected_id": 491,
      "max_uncertainty": 0.0005612373352050781,
      "mean_uncertainty": 0.0005397796630859375
    },
    "34": {
      "size": 4,
      "selected_id": 426,
      "max_uncertainty": 0.00040340423583984375,
      "mean_uncertainty": 0.0002384185791015625
    },
    "35": {
      "size": 2,
      "selected_id": 278,