{
  "selected_ids": [
    400,
    996,
    152,
    799,
    401,
    639,
    688,
    761,
    475,
    259,
    557,
    795,
    675,
    184,
    409,
    458,
    868,
    785,
    131,
    179,
    798,
    446,
    599,
    607,
    782,
    921,
    476,
    792,
    208,
    190,
    331,
    144,
    540,
    993,
    800,
    933,
    729,
    275,
    222,
    151,
    495,
    621,
    308,
    756,
    705,
    328,
    314,
    595,
    462,
    807,
    961,
    434,
    741,
    480,
    926,
    361,
    484,
    790,
    640,
    349,
    575,
    132,
    793,
    969
  ],
  "uncertainties": [
    0.0023937225341796875,
    0.0013799667358398438,
    0.0017099380493164062,
    0.0026702880859375,
    0.0012922286987304688,
    0.00199127197265625,
    0.0012083053588867188,
    0.0013856887817382812,
    0.0011539459228515625,
    0.00159454345703125,
    0.0022487640380859375,
    0.0033016204833984375,
    0.007190704345703125,
    0.004199981689453125,
    0.0032215118408203125,
    0.001209259033203125,
    0.00116729736328125,
    0.002117156982421875,
    0.003101348876953125,
    0.0010995864868164062,
    0.0011119842529296875,
    0.0026836395263671875,
    0.0017070770263671875,
    0.0013265609741210938,
    0.0013885498046875,
    0.0020542144775390625,
    0.002651214599609375,
    0.0020847320556640625,
    0.0013208389282226562,
    0.0015134811401367188,
    0.0013675689697265625,
    0.002994537353515625,
    0.001728057861328125,
    0.0021419525146484375,
    0.0012073516845703125,
    0.0016546249389648438,
    0.0022373199462890625,
    0.0018072128295898438,
    0.0017948150634765625,
    0.0013036727905273438,
    0.005218505859375,
    0.0027008056640625,
    0.0009870529174804688,
    0.0014486312866210938,
    0.00209808349609375,
    0.0012445449829101562,
    0.002197265625,
    0.0021533966064453125,
    0.004291534423828125,
    0.002277374267578125,
    0.004268646240234375,
    0.0018672943115234375,
    0.0024166107177734375,
    0.0044097900390625,
    0.002410888671875,
    0.0014562606811523438,
    0.0013675689697265625,
    0.0015745162963867188,
    0.0011548995971679688,
    0.003543853759765625,
    0.00145721435546875,
    0.0013589859008789062,
    0.0017843246459960938,
    0.00312042236328125
  ],
  "topk_size": 64,
  "n_clusters": 64,
  "cluster_stats": {
    "0": {
      "size": 4,
      "selected_id": 400,
      "max_uncertainty": 0.0023937225341796875,
      "mean_uncertainty": 0.0015916824340820312
    },
    "1": {
      "size": 6,
      "selected_id": 996,
      "max_uncertainty": 0.0013799667358398438,
      "mean_uncertainty": 0.0010614395141601562
    },
    "2": {
      "size": 6,
      "selected_id": 152,
      "max_uncertainty": 0.0017099380493164062,
      "mean_uncertainty": 0.0012454986572265625
    },
    "3": {
      "size": 7,
      "selected_id": 799,
      "max_uncertainty": 0.0026702880859375,
      "mean_uncertainty": 0.00246429443359375
    },
    "4": {
      "size": 4,
      "selected_id": 401,
      "max_uncertainty": 0.0012922286987304688,
      "mean_uncertainty": 0.0010423660278320312
    },
    "5": {
      "size": 7,
      "selected_id": 639,
      "max_uncertainty": 0.00199127197265625,
      "mean_uncertainty": 0.0012531280517578125
    },
    "6": {
      "size": 7,
      "selected_id": 688,
      "max_uncertainty": 0.0012083053588867188,
      "mean_uncertainty": 0.0009899139404296875
    },
    "7": {
      "size": 1,
      "selected_id": 761,
      "max_uncertainty": 0.0013856887817382812,
      "mean_uncertainty": 0.0013856887817382812
    },
    "8": {
      "size": 4,
      "selected_id": 475,
      "max_uncertainty": 0.0011539459228515625,
      "mean_uncertainty": 0.0009031295776367188
    },
    "9": {
      "size": 4,
      "selected_id": 259,
      "max_uncertainty": 0.00159454345703125,
      "mean_uncertainty": 0.0010099411010742188
    },
    "10": {
      "size": 10,
      "selected_id": 557,
      "max_uncertainty": 0.0022487640380859375,
      "mean_uncertainty": 0.0014829635620117188
    },
    "11": {
      "size": 5,
      "selected_id": 795,
      "max_uncertainty": 0.0033016204833984375,
      "mean_uncertainty": 0.002361297607421875
    },
    "12": {
      "size": 3,
      "selected_id": 675,
      "max_uncertainty": 0.007190704345703125,
      "mean_uncertainty": 0.0064849853515625
    },
    "13": {
      "size": 8,
      "selected_id": 184,
      "max_uncertainty": 0.004199981689453125,
      "mean_uncertainty": 0.0031147003173828125
    },
    "14": {
      "size": 3,
      "selected_id": 409,
      "max_uncertainty": 0.0032215118408203125,
      "mean_uncertainty": 0.0029964447021484375
    },
    "15": {
      "size": 2,
      "selected_id": 458,
      "max_uncertainty": 0.001209259033203125,
      "mean_uncertainty": 0.0011234283447265625
    },
    "16": {
      "size": 5,
      "selected_id": 868,
      "max_uncertainty": 0.00116729736328125,
      "mean_uncertainty": 0.0010480880737304688
    },
    "17": {
      "size": 5,
      "selected_id": 785,
      "max_uncertainty": 0.002117156982421875,
      "mean_uncertainty": 0.001392364501953125
    },
    "18": {
      "size": 7,
      "selected_id": 131,
      "max_uncertainty": 0.003101348876953125,
      "mean_uncertainty": 0.002094268798828125
    },
    "19": {
      "size": 5,
      "selected_id": 179,
      "max_uncertainty": 0.0010995864868164062,
      "mean_uncertainty": 0.0008330345153808594
    },
    "20": {
      "size": 3,
      "selected_id": 798,
      "max_uncertainty": 0.0011119842529296875,
      "mean_uncertainty": 0.0008821487426757812
    },
    "21": {
      "size": 7,
      "selected_id": 446,
      "max_uncertainty": 0.0026836395263671875,
      "mean_uncertainty": 0.0018911361694335938
    },
    "22": {
      "size": 3,
      "selected_id": 599,
      "max_uncertainty": 0.0017070770263671875,
      "mean_uncertainty": 0.00141143798828125
    },
    "23": {
      "size": 3,
      "selected_id": 607,
      "max_uncertainty": 0.0013265609741210938,
      "mean_uncertainty": 0.001056671142578125
    },
    "24": {
      "size": 2,
      "selected_id": 782,
      "max_uncertainty": 0.0013885498046875,
      "mean_uncertainty": 0.0010890960693359375
    },
    "25": {
      "size": 7,
      "selected_id": 921,
      "max_uncertainty": 0.0020542144775390625,
      "mean_uncertainty": 0.0010547637939453125
    },
    "26": {
      "size": 10,
      "selected_id": 476,
      "max_uncertainty": 0.002651214599609375,
      "mean_uncertainty": 0.0017547607421875
    },
    "27": {
      "size": 7,
      "selected_id": 792,
      "max_uncertainty": 0.0020847320556640625,
      "mean_uncertainty": 0.0014257431030273438
    },
    "28": {
      "size": 4,
      "selected_id": 208,
      "max_uncertainty": 0.0013208389282226562,
      "mean_uncertainty": 0.0010881423950195312
    },
    "29": {
      "size": 6,
      "selected_id": 190,
      "max_uncertainty": 0.0015134811401367188,
      "mean_uncertainty": 0.0010528564453125
    },
    "30": {
      "size": 7,
      "selected_id": 331,
      "max_uncertainty": 0.0013675689697265625,
      "mean_uncertainty": 0.0010128021240234375
    },
    "31": {
      "size": 4,
      "selected_id": 144,
      "max_uncertainty": 0.002994537353515625,
      "mean_uncertainty": 0.0023040771484375
    },
    "32": {
      "size": 7,
      "selected_id": 540,
      "max_uncertainty": 0.001728057861328125,
      "mean_uncertainty": 0.00140380859375
    },
    "33": {
      "size": 5,
      "selected_id": 993,
      "max_uncertainty": 0.0021419525146484375,
      "mean_uncertainty": 0.0013275146484375
    },
    "34": {
      "size": 6,
      "selected_id": 800,
      "max_uncertainty": 0.0012073516845703125,
      "mean_uncertainty": 0.0010004043579101562
    },
    "35": {
      "size": 8,
      "selected_id": 933,
      "max_uncertainty": 0.0016546249389648438,
      "mean_uncertainty": 0.0010309219360351562
    },