{
  "selected_ids": [
    563,
    489,
    652,
    472,
    981,
    326,
    255,
    213,
    562,
    678,
    493,
    170,
    886,
    661,
    838,
    843,
    243,
    402,
    430,
    497,
    859,
    608,
    153,
    383,
    648,
    295,
    851,
    526,
    555,
    573,
    338,
    311,
    967,
    315,
    622,
    427,
    865,
    412,
    988,
    212,
    750,
    368,
    375,
    202,
    783,
    564,
    425,
    453,
    461,
    871,
    771,
    502,
    339,
    457,
    647,
    693,
    870,
    861,
    774,
    879,
    134,
    911,
    204,
    719
  ],
  "uncertainties": [
    0.0014400482177734375,
    0.001262664794921875,
    0.0015201568603515625,
    0.0028591156005859375,
    0.0008788108825683594,
    0.0007915496826171875,
    0.0009140968322753906,
    0.004650115966796875,
    0.0013179779052734375,
    0.0007586479187011719,
    0.00240325927734375,
    0.0014600753784179688,
    0.003509521484375,
    0.0010929107666015625,
    0.0019779205322265625,
    0.0010242462158203125,
    0.0009322166442871094,
    0.0014247894287109375,
    0.0017185211181640625,
    0.0031871795654296875,
    0.00211334228515625,
    0.00046443939208984375,
    0.0017328262329101562,
    0.0011444091796875,
    0.0005841255187988281,
    0.00115966796875,
    0.0007214546203613281,
    0.0009360313415527344,
    0.007228851318359375,
    0.0010318756103515625,
    0.00220489501953125,
    0.0022220611572265625,
    0.0015201568603515625,
    0.0007586479187011719,
    0.002620697021484375,
    0.0018749237060546875,
    0.00064849853515625,
    0.0008182525634765625,
    0.0011844635009765625,
    0.0008540153503417969,
    0.000640869140625,
    0.00043582916259765625,
    0.0005979537963867188,
    0.0016260147094726562,
    0.00231170654296875,
    0.0012998580932617188,
    0.0010528564453125,
    0.0007634162902832031,
    0.001003265380859375,
    0.001399993896484375,
    0.0021076202392578125,
    0.0003898143768310547,
    0.00107574462890625,
    0.0005407333374023438,
    0.0014791488647460938,
    0.0022144317626953125,
    0.0029926300048828125,
    0.002460479736328125,
    0.00429534912109375,
    0.0018148422241210938,
    0.0048980712890625,
    0.0009031295776367188,
    0.0021839141845703125,
    0.0006899833679199219
  ],
  "topk_size": 64,
  "n_clusters": 64,
  "cluster_stats": {
    "0": {
      "size": 4,
      "selected_id": 563,
      "max_uncertainty": 0.0014400482177734375,
      "mean_uncertainty": 0.0011157989501953125
    },
    "1": {
      "size": 3,
      "selected_id": 489,
      "max_uncertainty": 0.001262664794921875,
      "mean_uncertainty": 0.000926971435546875
    },
    "2": {
      "size": 5,
      "selected_id": 652,
      "max_uncertainty": 0.0015201568603515625,
      "mean_uncertainty": 0.0010080337524414062
    },
    "3": {
      "size": 4,
      "selected_id": 472,
      "max_uncertainty": 0.0028591156005859375,
      "mean_uncertainty": 0.002285003662109375
    },
    "4": {
      "size": 8,
      "selected_id": 981,
      "max_uncertainty": 0.0008788108825683594,
      "mean_uncertainty": 0.0006461143493652344
    },
    "5": {
      "size": 3,
      "selected_id": 326,
      "max_uncertainty": 0.0007915496826171875,
      "mean_uncertainty": 0.0006070137023925781
    },
    "6": {
      "size": 6,
      "selected_id": 255,
      "max_uncertainty": 0.0009140968322753906,
      "mean_uncertainty": 0.0006318092346191406
    },
    "7": {
      "size": 2,
      "selected_id": 213,
      "max_uncertainty": 0.004650115966796875,
      "mean_uncertainty": 0.00434112548828125
    },
    "8": {
      "size": 5,
      "selected_id": 562,
      "max_uncertainty": 0.0013179779052734375,
      "mean_uncertainty": 0.0010852813720703125
    },
    "9": {
      "size": 5,
      "selected_id": 678,
      "max_uncertainty": 0.0007586479187011719,
      "mean_uncertainty": 0.0005970001220703125
    },
    "10": {
      "size": 5,
      "selected_id": 493,
      "max_uncertainty": 0.00240325927734375,
      "mean_uncertainty": 0.0016775131225585938
    },
    "11": {
      "size": 5,
      "selected_id": 170,
      "max_uncertainty": 0.0014600753784179688,
      "mean_uncertainty": 0.0010013580322265625
    },
    "12": {
      "size": 2,
      "selected_id": 886,
      "max_uncertainty": 0.003509521484375,
      "mean_uncertainty": 0.0033721923828125
    },
    "13": {
      "size": 9,
      "selected_id": 661,
      "max_uncertainty": 0.0010929107666015625,
      "mean_uncertainty": 0.0005941390991210938
    },
    "14": {
      "size": 2,
      "selected_id": 838,
      "max_uncertainty": 0.0019779205322265625,
      "mean_uncertainty": 0.0016679763793945312
    },
    "15": {
      "size": 4,
      "selected_id": 843,
      "max_uncertainty": 0.0010242462158203125,
      "mean_uncertainty": 0.0007495880126953125
    },
    "16": {
      "size": 6,
      "selected_id": 243,
      "max_uncertainty": 0.0009322166442871094,
      "mean_uncertainty": 0.0008254051208496094
    },
    "17": {
      "size": 6,
      "selected_id": 402,
      "max_uncertainty": 0.0014247894287109375,
      "mean_uncertainty": 0.000946044921875
    },
    "18": {
      "size": 5,
      "selected_id": 430,
      "max_uncertainty": 0.0017185211181640625,
      "mean_uncertainty": 0.0012140274047851562
    },
    "19": {
      "size": 2,
      "selected_id": 497,
      "max_uncertainty": 0.0031871795654296875,
      "mean_uncertainty": 0.0030918121337890625
    },
    "20": {
      "size": 3,
      "selected_id": 859,
      "max_uncertainty": 0.00211334228515625,
      "mean_uncertainty": 0.001964569091796875
    },
    "21": {
      "size": 1,
      "selected_id": 608,
      "max_uncertainty": 0.00046443939208984375,
      "mean_uncertainty": 0.00046443939208984375
    },
    "22": {
      "size": 7,
      "selected_id": 153,
      "max_uncertainty": 0.0017328262329101562,
      "mean_uncertainty": 0.0014238357543945312
    },
    "23": {
      "size": 4,
      "selected_id": 383,
      "max_uncertainty": 0.0011444091796875,
      "mean_uncertainty": 0.0007801055908203125
    },
    "24": {
      "size": 4,
      "selected_id": 648,
      "max_uncertainty": 0.0005841255187988281,
      "mean_uncertainty": 0.0004734992980957031
    },
    "25": {
      "size": 7,
      "selected_id": 295,
      "max_uncertainty": 0.00115966796875,
      "mean_uncertainty": 0.00077056884765625
    },
    "26": {
      "size": 4,
      "selected_id": 851,
      "max_uncertainty": 0.0007214546203613281,
      "mean_uncertainty": 0.0005292892456054688
    },
    "27": {
      "size": 2,
      "selected_id": 526,
      "max_uncertainty": 0.0009360313415527344,
      "mean_uncertainty": 0.0007762908935546875
    },
    "28": {
      "size": 4,
      "selected_id": 555,
      "max_uncertainty": 0.007228851318359375,
      "mean_uncertainty": 0.005649566650390625
    },
    "29": {
      "size": 5,
      "selected_id": 573,
      "max_uncertainty": 0.0010318756103515625,
      "mean_uncertainty": 0.0007495880126953125
    },
    "30": {
      "size": 3,
      "selected_id": 338,
      "max_uncertainty": 0.00220489501953125,
      "mean_uncertainty": 0.002178192138671875
    },
    "31": {
      "size": 2,
      "selected_id": 311,
      "max_uncertainty": 0.0022220611572265625,
      "mean_uncertainty": 0.0017766952514648438
    },
    "32": {
      "size": 6,
      "selected_id": 967,
      "max_uncertainty": 0.0015201568603515625,
      "mean_uncertainty": 0.0009551048278808594
    },
    "33": {
      "size": 3,
      "selected_id": 315,
      "max_uncertainty": 0.0007586479187011719,
      "mean_uncertainty": 0.0005636215209960938
    },
    "34": {
      "size": 1,
      "selected_id": 622,
      "max_uncertainty": 0.002620697021484375,
      "mean_uncertainty": 0.002620697021484375
    },
    "35": {
      "size": 4,
      "selected_id": 427,
      "max_uncertainty": 0.0018749237060546875,