{
  "selected_ids": [
    355,
    305,
    513,
    700,
    797,
    520,
    587,
    839,
    231,
    728,
    874,
    319,
    866,
    857,
    501,
    421,
    894,
    290,
    364,
    737,
    784,
    272,
    889,
    928,
    951,
    818,
    193,
    515,
    431,
    523,
    631,
    823,
    236,
    941,
    399,
    662,
    354,
    697,
    596,
    576,
    669,
    553,
    780,
    910,
    856,
    946,
    422,
    788,
    943,
    253,
    265,
    174,
    449,
    923,
    347,
    711,
    885,
    651,
    888,
    985,
    307,
    848,
    561,
    500
  ],
  "uncertainties": [
    0.0031909942626953125,
    0.005031585693359375,
    0.001667022705078125,
    0.0038909912109375,
    0.0036182403564453125,
    0.0032100677490234375,
    0.0148468017578125,
    0.00428009033203125,
    0.0027141571044921875,
    0.0016374588012695312,
    0.0080718994140625,
    0.003875732421875,
    0.0037384033203125,
    0.003204345703125,
    0.0022106170654296875,
    0.003948211669921875,
    0.0027446746826171875,
    0.00327301025390625,
    0.0028362274169921875,
    0.007633209228515625,
    0.004352569580078125,
    0.0015783309936523438,
    0.002643585205078125,
    0.00443267822265625,
    0.0050201416015625,
    0.002323150634765625,
    0.004810333251953125,
    0.005344390869140625,
    0.004497528076171875,
    0.0018854141235351562,
    0.0030231475830078125,
    0.003719329833984375,
    0.0087890625,
    0.00240325927734375,
    0.0044708251953125,
    0.0020389556884765625,
    0.0019893646240234375,
    0.0021572113037109375,
    0.003658294677734375,
    0.003055572509765625,
    0.00971221923828125,
    0.0017604827880859375,
    0.001434326171875,
    0.00208282470703125,
    0.005828857421875,
    0.0019702911376953125,
    0.0024547576904296875,
    0.005634307861328125,
    0.00350189208984375,
    0.008270263671875,
    0.0078887939453125,
    0.0021533966064453125,
    0.00421142578125,
    0.0018291473388671875,
    0.00440216064453125,
    0.0027446746826171875,
    0.01010894775390625,
    0.0037994384765625,
    0.004688262939453125,
    0.0025577545166015625,
    0.0014133453369140625,
    0.00405120849609375,
    0.005970001220703125,
    0.0014696121215820312
  ],
  "topk_size": 64,
  "n_clusters": 64,
  "cluster_stats": {
    "0": {
      "size": 6,
      "selected_id": 355,
      "max_uncertainty": 0.0031909942626953125,
      "mean_uncertainty": 0.0022335052490234375
    },
    "1": {
      "size": 8,
      "selected_id": 305,
      "max_uncertainty": 0.005031585693359375,
      "mean_uncertainty": 0.00321197509765625
    },
    "2": {
      "size": 3,
      "selected_id": 513,
      "max_uncertainty": 0.001667022705078125,
      "mean_uncertainty": 0.0014848709106445312
    },
    "3": {
      "size": 8,
      "selected_id": 700,
      "max_uncertainty": 0.0038909912109375,
      "mean_uncertainty": 0.00313568115234375
    },
    "4": {
      "size": 1,
      "selected_id": 797,
      "max_uncertainty": 0.0036182403564453125,
      "mean_uncertainty": 0.0036182403564453125
    },
    "5": {
      "size": 8,
      "selected_id": 520,
      "max_uncertainty": 0.0032100677490234375,
      "mean_uncertainty": 0.002170562744140625
    },
    "6": {
      "size": 4,
      "selected_id": 587,
      "max_uncertainty": 0.0148468017578125,
      "mean_uncertainty": 0.01055908203125
    },
    "7": {
      "size": 9,
      "selected_id": 839,
      "max_uncertainty": 0.00428009033203125,
      "mean_uncertainty": 0.00278472900390625
    },
    "8": {
      "size": 7,
      "selected_id": 231,
      "max_uncertainty": 0.0027141571044921875,
      "mean_uncertainty": 0.0020198822021484375
    },
    "9": {
      "size": 7,
      "selected_id": 728,
      "max_uncertainty": 0.0016374588012695312,
      "mean_uncertainty": 0.0014247894287109375
    },
    "10": {
      "size": 6,
      "selected_id": 874,
      "max_uncertainty": 0.0080718994140625,
      "mean_uncertainty": 0.006103515625
    },
    "11": {
      "size": 5,
      "selected_id": 319,
      "max_uncertainty": 0.003875732421875,
      "mean_uncertainty": 0.003215789794921875
    },
    "12": {
      "size": 9,
      "selected_id": 866,
      "max_uncertainty": 0.0037384033203125,
      "mean_uncertainty": 0.001739501953125
    },
    "13": {
      "size": 8,
      "selected_id": 857,
      "max_uncertainty": 0.003204345703125,
      "mean_uncertainty": 0.0019626617431640625
    },
    "14": {
      "size": 5,
      "selected_id": 501,
      "max_uncertainty": 0.0022106170654296875,
      "mean_uncertainty": 0.001697540283203125
    },
    "15": {
      "size": 5,
      "selected_id": 421,
      "max_uncertainty": 0.003948211669921875,
      "mean_uncertainty": 0.0025348663330078125
    },
    "16": {
      "size": 11,
      "selected_id": 894,
      "max_uncertainty": 0.0027446746826171875,
      "mean_uncertainty": 0.0020885467529296875
    },
    "17": {
      "size": 8,
      "selected_id": 290,
      "max_uncertainty": 0.00327301025390625,
      "mean_uncertainty": 0.0023822784423828125
    },
    "18": {
      "size": 8,
      "selected_id": 364,
      "max_uncertainty": 0.0028362274169921875,
      "mean_uncertainty": 0.002044677734375
    },
    "19": {
      "size": 4,
      "selected_id": 737,
      "max_uncertainty": 0.007633209228515625,
      "mean_uncertainty": 0.006195068359375
    },
    "20": {
      "size": 4,
      "selected_id": 784,
      "max_uncertainty": 0.004352569580078125,
      "mean_uncertainty": 0.0035877227783203125
    },
    "21": {
      "size": 4,
      "selected_id": 272,
      "max_uncertainty": 0.0015783309936523438,
      "mean_uncertainty": 0.00146484375
    },
    "22": {
      "size": 5,
      "selected_id": 889,
      "max_uncertainty": 0.002643585205078125,
      "mean_uncertainty": 0.0019407272338867188
    },
    "23": {
      "size": 4,
      "selected_id": 928,
      "max_uncertainty": 0.00443267822265625,
      "mean_uncertainty": 0.0033111572265625
    },
    "24": {
      "size": 2,
      "selected_id": 951,
      "max_uncertainty": 0.0050201416015625,
      "mean_uncertainty": 0.00423431396484375
    },
    "25": {
      "size": 2,
      "selected_id": 818,
      "max_uncertainty": 0.002323150634765625,
      "mean_uncertainty": 0.00183868408203125
    },
    "26": {
      "size": 3,
      "selected_id": 193,
      "max_uncertainty": 0.004810333251953125,
      "mean_uncertainty": 0.00396728515625
    },
    "27": {
      "size": 4,
      "selected_id": 515,
      "max_uncertainty": 0.005344390869140625,
      "mean_uncertainty": 0.00341033935546875
    },
    "28": {
      "size": 9,
      "selected_id": 431,
      "max_uncertainty": 0.004497528076171875,
      "mean_uncertainty": 0.0027141571044921875
    },
    "29": {
      "size": 7,
      "selected_id": 523,
      "max_uncertainty": 0.0018854141235351562,
      "mean_uncertainty": 0.00167083740234375
    },
    "30": {
      "size": 6,
      "selected_id": 631,
      "max_uncertainty": 0.0030231475830078125,
      "mean_uncertainty": 0.00208282470703125
    },
    "31": {
      "size": 2,
      "selected_id": 823,
      "max_uncertainty": 0.003719329833984375,
      "mean_uncertainty": 0.003665924072265625
    },
    "32": {
      "size": 4,
      "selected_id": 236,
      "max_uncertainty": 0.0087890625,
      "mean_uncertainty": 0.00699615478515625
    },
    "33": {
      "size": 7,
      "selected_id": 941,
      "max_uncertainty": 0.00240325927734375,
      "mean_uncertainty": 0.0018062591552734375
    },
    "34": {
      "size": 6,
      "selected_id": 399,
      "max_uncertainty": 0.0044708251953125,
      "mean_uncertainty": 0.0033512115478515625
    },
    "35": {
      "size": 3,
      "selected_id": 662,
      "max_uncertainty": 0.0020389556884765625,
      "mean_uncertainty": 0.0015659332275390625
    },
    "36": {
      "size": 8,
      "selected_id": 354,
      "max_uncertainty": 0.0019893646240234375,