{
  "selected_ids": [
    478,
    302,
    810,
    568,
    920,
    660,
    504,
    262,
    545,
    845,
    356,
    917,
    960,
    508,
    965,
    165,
    625,
    860,
    683,
    237,
    876,
    130,
    717,
    740,
    559,
    293,
    310,
    646,
    681,
    902,
    706,
    336,
    492,
    450,
    668,
    192,
    667,
    258,
    335,
    507,
    959,
    451,
    187,
    952,
    176,
    318,
    456,
    877,
    757,
    745,
    694,
    778,
    324,
    304,
    627,
    343,
    630,
    626,
    726,
    968,
    980,
    385,
    283,
    229
  ],
  "uncertainties": [
    0.00605010986328125,
    0.00296783447265625,
    0.004291534423828125,
    0.00548553466796875,
    0.01096343994140625,
    0.00382232666015625,
    0.0025959014892578125,
    0.020355224609375,
    0.007511138916015625,
    0.013092041015625,
    0.00766754150390625,
    0.002361297607421875,
    0.003986358642578125,
    0.0026149749755859375,
    0.0112457275390625,
    0.008544921875,
    0.00505828857421875,
    0.011627197265625,
    0.0028133392333984375,
    0.006549835205078125,
    0.004535675048828125,
    0.00655364990234375,
    0.0057525634765625,
    0.0080108642578125,
    0.005214691162109375,
    0.0125579833984375,
    0.01290130615234375,
    0.0031986236572265625,
    0.023956298828125,
    0.005016326904296875,
    0.00971221923828125,
    0.0023288726806640625,
    0.005084991455078125,
    0.0032978057861328125,
    0.00446319580078125,
    0.004913330078125,
    0.004581451416015625,
    0.0030975341796875,
    0.00801849365234375,
    0.006504058837890625,
    0.0186767578125,
    0.00286865234375,
    0.0031681060791015625,
    0.0028171539306640625,
    0.005474090576171875,
    0.0077972412109375,
    0.0023670196533203125,
    0.0027923583984375,
    0.00597381591796875,
    0.013031005859375,
    0.01091766357421875,
    0.00452423095703125,
    0.004802703857421875,
    0.01024627685546875,
    0.006687164306640625,
    0.00884246826171875,
    0.01220703125,
    0.002655029296875,
    0.00527191162109375,
    0.004726409912109375,
    0.0035953521728515625,
    0.00452423095703125,
    0.00984954833984375,
    0.002437591552734375
  ],
  "topk_size": 64,
  "n_clusters": 64,
  "cluster_stats": {
    "0": {
      "size": 6,
      "selected_id": 478,
      "max_uncertainty": 0.00605010986328125,
      "mean_uncertainty": 0.004974365234375
    },
    "1": {
      "size": 6,
      "selected_id": 302,
      "max_uncertainty": 0.00296783447265625,
      "mean_uncertainty": 0.00241851806640625
    },
    "2": {
      "size": 8,
      "selected_id": 810,
      "max_uncertainty": 0.004291534423828125,
      "mean_uncertainty": 0.002956390380859375
    },
    "3": {
      "size": 1,
      "selected_id": 568,
      "max_uncertainty": 0.00548553466796875,
      "mean_uncertainty": 0.00548553466796875
    },
    "4": {
      "size": 5,
      "selected_id": 920,
      "max_uncertainty": 0.01096343994140625,
      "mean_uncertainty": 0.009307861328125
    },
    "5": {
      "size": 6,
      "selected_id": 660,
      "max_uncertainty": 0.00382232666015625,
      "mean_uncertainty": 0.0027618408203125
    },
    "6": {
      "size": 7,
      "selected_id": 504,
      "max_uncertainty": 0.0025959014892578125,
      "mean_uncertainty": 0.0021228790283203125
    },
    "7": {
      "size": 2,
      "selected_id": 262,
      "max_uncertainty": 0.020355224609375,
      "mean_uncertainty": 0.0177459716796875
    },
    "8": {
      "size": 5,
      "selected_id": 545,
      "max_uncertainty": 0.007511138916015625,
      "mean_uncertainty": 0.00662994384765625
    },
    "9": {
      "size": 3,
      "selected_id": 845,
      "max_uncertainty": 0.013092041015625,
      "mean_uncertainty": 0.01142120361328125
    },
    "10": {
      "size": 3,
      "selected_id": 356,
      "max_uncertainty": 0.00766754150390625,
      "mean_uncertainty": 0.006221771240234375
    },
    "11": {
      "size": 8,
      "selected_id": 917,
      "max_uncertainty": 0.002361297607421875,
      "mean_uncertainty": 0.00203704833984375
    },
    "12": {
      "size": 11,
      "selected_id": 960,
      "max_uncertainty": 0.003986358642578125,
      "mean_uncertainty": 0.002696990966796875
    },
    "13": {
      "size": 1,
      "selected_id": 508,
      "max_uncertainty": 0.0026149749755859375,
      "mean_uncertainty": 0.0026149749755859375
    },
    "14": {
      "size": 8,
      "selected_id": 965,
      "max_uncertainty": 0.0112457275390625,
      "mean_uncertainty": 0.00992584228515625
    },
    "15": {
      "size": 7,
      "selected_id": 165,
      "max_uncertainty": 0.008544921875,
      "mean_uncertainty": 0.006259918212890625
    },
    "16": {
      "size": 8,
      "selected_id": 625,
      "max_uncertainty": 0.00505828857421875,
      "mean_uncertainty": 0.0037078857421875
    },
    "17": {
      "size": 5,
      "selected_id": 860,
      "max_uncertainty": 0.011627197265625,
      "mean_uncertainty": 0.00916290283203125
    },
    "18": {
      "size": 5,
      "selected_id": 683,
      "max_uncertainty": 0.0028133392333984375,
      "mean_uncertainty": 0.0022430419921875
    },
    "19": {
      "size": 7,
      "selected_id": 237,
      "max_uncertainty": 0.006549835205078125,
      "mean_uncertainty": 0.0032958984375
    },
    "20": {
      "size": 9,
      "selected_id": 876,
      "max_uncertainty": 0.004535675048828125,
      "mean_uncertainty": 0.0032958984375
    },
    "21": {
      "size": 5,
      "selected_id": 130,
      "max_uncertainty": 0.00655364990234375,
      "mean_uncertainty": 0.0046844482421875
    },
    "22": {
      "size": 8,
      "selected_id": 717,
      "max_uncertainty": 0.0057525634765625,
      "mean_uncertainty": 0.0046539306640625
    },
    "23": {
      "size": 7,
      "selected_id": 740,
      "max_uncertainty": 0.0080108642578125,
      "mean_uncertainty": 0.00653839111328125
    },
    "24": {
      "size": 9,
      "selected_id": 559,
      "max_uncertainty": 0.005214691162109375,
      "mean_uncertainty": 0.003925323486328125
    },
    "25": {
      "size": 5,
      "selected_id": 293,
      "max_uncertainty": 0.0125579833984375,
      "mean_uncertainty": 0.0082855224609375
    },
    "26": {
      "size": 5,
      "selected_id": 310,
      "max_uncertainty": 0.01290130615234375,
      "mean_uncertainty": 0.00882720947265625
    },
    "27": {
      "size": 8,
      "selected_id": 646,
      "max_uncertainty": 0.0031986236572265625,
      "mean_uncertainty": 0.002471923828125
    },
    "28": {
      "size": 3,
      "selected_id": 681,
      "max_uncertainty": 0.023956298828125,
      "mean_uncertainty": 0.0207672119140625
    },
    "29": {
      "size": 7,
      "selected_id": 902,
      "max_uncertainty": 0.005016326904296875,
      "mean_uncertainty": 0.003780364990234375
    },
    "30": {
      "size": 3,
      "selected_id": 706,
      "max_uncertainty": 0.00971221923828125,
      "mean_uncertainty": 0.008636474609375
    },
    "31": {
      "size": 10,
      "selected_id": 336,
      "max_uncertainty": 0.0023288726806640625,
      "mean_uncertainty": 0.0020904541015625
    },
    "32": {
      "size": 11,
      "selected_id": 492,
      "max_uncertainty": 0.005084991455078125,
      "mean_uncertainty": 0.002994537353515625
    },
    "33": {
      "size": 6,
      "selected_id": 450,
      "max_uncertainty": 0.0032978057861328125,
      "mean_uncertainty": 0.00266265869140625
    },
    "34": {
      "size": 9,
      "selected_id": 668,
      "max_uncertainty": 0.00446319580078125,
      "mean_uncertainty": 0.00347900390625
    },
    "35": {
      "size": 6,
      "selected_id": 192,
      "max_uncertainty": 0.004913330078125,
      "mean_uncertainty": 0.0034198760986328125
    },
    "36": {
      "size": 6,
      "selected_id": 667,
      "max_uncertainty": 0.004581451416015625,
      "mean_uncertainty": 0.003818511962890625
    },
    "37": {
      "size": 10,