{
  "selected_ids": [
    162,
    895,
    330,
    703,
    341,
    292,
    483,
    260,
    897,
    670,
    922,
    813,
    914,
    538,
    393,
    386,
    878,
    306,
    567,
    183,
    949,
    820,
    702,
    953,
    406,
    772,
    215,
    147,
    991,
    586,
    962,
    945,
    185,
    298,
    498,
    454,
    605,
    477,
    391,
    488,
    263,
    467,
    239,
    411,
    905,
    169,
    666,
    519,
    482,
    715,
    919,
    789,
    722,
    593,
    345,
    398,
    641,
    496,
    358,
    614,
    819,
    135,
    934,
    847
  ],
  "uncertainties": [
    0.0016183853149414062,
    0.0008373260498046875,
    0.0010242462158203125,
    0.0023479461669921875,
    0.001544952392578125,
    0.00481414794921875,
    0.000705718994140625,
    0.0033473968505859375,
    0.002025604248046875,
    0.00455474853515625,
    0.0016202926635742188,
    0.0016231536865234375,
    0.001239776611328125,
    0.0009679794311523438,
    0.0009984970092773438,
    0.0015516281127929688,
    0.0021610260009765625,
    0.005615234375,
    0.00269317626953125,
    0.00473785400390625,
    0.0013818740844726562,
    0.0007205009460449219,
    0.00269317626953125,
    0.0012111663818359375,
    0.0004363059997558594,
    0.0009522438049316406,
    0.0011072158813476562,
    0.003040313720703125,
    0.0031070709228515625,
    0.0024433135986328125,
    0.0009016990661621094,
    0.0007710456848144531,
    0.002765655517578125,
    0.0014562606811523438,
    0.003326416015625,
    0.007282257080078125,
    0.0007801055908203125,
    0.0016241073608398438,
    0.00150299072265625,
    0.001865386962890625,
    0.0014219284057617188,
    0.00441741943359375,
    0.0005383491516113281,
    0.0015249252319335938,
    0.0008931159973144531,
    0.0018014907836914062,
    0.00104522705078125,
    0.0007801055908203125,
    0.00420379638671875,
    0.0008797645568847656,
    0.004360198974609375,
    0.001651763916015625,
    0.0007581710815429688,
    0.0019092559814453125,
    0.0016241073608398438,
    0.0011234283447265625,
    0.0006265640258789062,
    0.0020923614501953125,
    0.0017032623291015625,
    0.002685546875,
    0.00213623046875,
    0.0007543563842773438,
    0.0019550323486328125,
    0.0010738372802734375
  ],
  "topk_size": 64,
  "n_clusters": 64,
  "cluster_stats": {
    "0": {
      "size": 6,
      "selected_id": 162,
      "max_uncertainty": 0.0016183853149414062,
      "mean_uncertainty": 0.0012998580932617188
    },
    "1": {
      "size": 3,
      "selected_id": 895,
      "max_uncertainty": 0.0008373260498046875,
      "mean_uncertainty": 0.0006952285766601562
    },
    "2": {
      "size": 6,
      "selected_id": 330,
      "max_uncertainty": 0.0010242462158203125,
      "mean_uncertainty": 0.0007462501525878906
    },
    "3": {
      "size": 6,
      "selected_id": 703,
      "max_uncertainty": 0.0023479461669921875,
      "mean_uncertainty": 0.0017414093017578125
    },
    "4": {
      "size": 4,
      "selected_id": 341,
      "max_uncertainty": 0.001544952392578125,
      "mean_uncertainty": 0.0012683868408203125
    },
    "5": {
      "size": 1,
      "selected_id": 292,
      "max_uncertainty": 0.00481414794921875,
      "mean_uncertainty": 0.00481414794921875
    },
    "6": {
      "size": 7,
      "selected_id": 483,
      "max_uncertainty": 0.000705718994140625,
      "mean_uncertainty": 0.0005645751953125
    },
    "7": {
      "size": 3,
      "selected_id": 260,
      "max_uncertainty": 0.0033473968505859375,
      "mean_uncertainty": 0.0029544830322265625
    },
    "8": {
      "size": 11,
      "selected_id": 897,
      "max_uncertainty": 0.002025604248046875,
      "mean_uncertainty": 0.001346588134765625
    },
    "9": {
      "size": 5,
      "selected_id": 670,
      "max_uncertainty": 0.00455474853515625,
      "mean_uncertainty": 0.0034122467041015625
    },
    "10": {
      "size": 6,
      "selected_id": 922,
      "max_uncertainty": 0.0016202926635742188,
      "mean_uncertainty": 0.0012693405151367188
    },
    "11": {
      "size": 2,
      "selected_id": 813,
      "max_uncertainty": 0.0016231536865234375,
      "mean_uncertainty": 0.001560211181640625
    },
    "12": {
      "size": 4,
      "selected_id": 914,
      "max_uncertainty": 0.001239776611328125,
      "mean_uncertainty": 0.0007901191711425781
    },
    "13": {
      "size": 5,
      "selected_id": 538,
      "max_uncertainty": 0.0009679794311523438,
      "mean_uncertainty": 0.0006952285766601562
    },
    "14": {
      "size": 6,
      "selected_id": 393,
      "max_uncertainty": 0.0009984970092773438,
      "mean_uncertainty": 0.0006885528564453125
    },
    "15": {
      "size": 3,
      "selected_id": 386,
      "max_uncertainty": 0.0015516281127929688,
      "mean_uncertainty": 0.0011234283447265625
    },
    "16": {
      "size": 9,
      "selected_id": 878,
      "max_uncertainty": 0.0021610260009765625,
      "mean_uncertainty": 0.0009112358093261719
    },
    "17": {
      "size": 1,
      "selected_id": 306,
      "max_uncertainty": 0.005615234375,
      "mean_uncertainty": 0.005615234375
    },
    "18": {
      "size": 4,
      "selected_id": 567,
      "max_uncertainty": 0.00269317626953125,
      "mean_uncertainty": 0.0015716552734375
    },
    "19": {
      "size": 8,
      "selected_id": 183,
      "max_uncertainty": 0.00473785400390625,
      "mean_uncertainty": 0.0026226043701171875
    },
    "20": {
      "size": 7,
      "selected_id": 949,
      "max_uncertainty": 0.0013818740844726562,
      "mean_uncertainty": 0.0008020401000976562
    },
    "21": {
      "size": 3,
      "selected_id": 820,
      "max_uncertainty": 0.0007205009460449219,
      "mean_uncertainty": 0.0005879402160644531
    },
    "22": {
      "size": 3,
      "selected_id": 702,
      "max_uncertainty": 0.00269317626953125,
      "mean_uncertainty": 0.0021266937255859375
    },
    "23": {
      "size": 5,
      "selected_id": 953,
      "max_uncertainty": 0.0012111663818359375,
      "mean_uncertainty": 0.0010776519775390625
    },
    "24": {
      "size": 1,
      "selected_id": 406,
      "max_uncertainty": 0.0004363059997558594,
      "mean_uncertainty": 0.0004363059997558594
    },
    "25": {
      "size": 7,
      "selected_id": 772,
      "max_uncertainty": 0.0009522438049316406,
      "mean_uncertainty": 0.00069427490234375
    },
    "26": {
      "size": 5,
      "selected_id": 215,
      "max_uncertainty": 0.0011072158813476562,
      "mean_uncertainty": 0.0008325576782226562
    },
    "27": {
      "size": 2,
      "selected_id": 147,
      "max_uncertainty": 0.003040313720703125,
      "mean_uncertainty": 0.002410888671875
    },
    "28": {
      "size": 2,
      "selected_id": 991,
      "max_uncertainty": 0.0031070709228515625,
      "mean_uncertainty": 0.0023479461669921875
    },
    "29": {
      "size": 4,
      "selected_id": 586,
      "max_uncertainty": 0.0024433135986328125,
      "mean_uncertainty": 0.001728057861328125
    },
    "30": {
      "size": 6,
      "selected_id": 962,
      "max_uncertainty": 0.0009016990661621094,
      "mean_uncertainty": 0.0006070137023925781
    },
    "31": {
      "size": 3,
      "selected_id": 945,
      "max_uncertainty": 0.0007710456848144531,
      "mean_uncertainty": 0.0006694793701171875
    },
    "32": {
      "size": 1,
      "selected_id": 185,
      "max_uncertainty": 0.002765655517578125,
      "mean_uncertainty": 0.002765655517578125
    },
    "33": {
      "size": 6,
      "selected_id": 298,
      "max_uncertainty": 0.0014562606811523438,
      "mean_uncertainty": 0.0007219314575195312
    },
    "34": {
      "size": 3,
      "selected_id": 498,
      "max_uncertainty": 0.003326416015625,
      "mean_uncertainty": 0.0018510818481445312
    },
    "35": {
      "size": 2,
      "selected_id": 454,
      "max_uncertainty": 0.007282257080078125,
      "mean_uncertainty": 0.006267547607421875
    },