{
  "variables": {
    "x_0": {
      "min": 0.0073622697510055,
      "max": 0.992375564055837,
      "range": 0.9850132943048315
    },
    "x_1": {
      "min": 0.0374125561761797,
      "max": 0.9706980243949032,
      "range": 0.9332854682187235
    },
    "x_2": {
      "min": 0.0216120798803304,
      "max": 0.975622351636756,
      "range": 0.9540102717564256
    }
  },
  "outputs": {
    "ts_0_0": {
      "mean": -0.11773676683454694,
      "std": 0.9016790718914317
    },
    "ts_1_0": {
      "mean": -0.15075535436551432,
      "std": 0.5997833965001867
    },
    "ts_2_0": {
      "mean": -0.0211335993095849,
      "std": 0.5527334491923448
    },
    "ts_3_0": {
      "mean": 0.018021451297368134,
      "std": 0.4803685278300572
    },
    "ts_4_0": {
      "mean": -0.0015220237473277658,
      "std": 0.33713988245340454
    },
    "ts_5_0": {
      "mean": -0.023567982071350496,
      "std": 0.40969254103862435
    },
    "ts_6_0": {
      "mean": 0.0014596238219242493,
      "std": 0.35408235609844957
    },
    "ts_7_0": {
      "mean": 0.05052894708789652,
      "std": 0.23775625582293067
    },
    "ts_8_0": {
      "mean": -0.01675073355705338,
      "std": 0.27693150641552516
    },
    "ts_9_0": {
      "mean": 0.0045015127334305525,
      "std": 0.31321746459933325
    },
    "ts_10_0": {
      "mean": 0.006977451805606835,
      "std": 0.25193892650384164
    },
    "ts_11_0": {
      "mean": -0.020808014176900366,
      "std": 0.2476902893116742
    },
    "ts_12_0": {
      "mean": -0.06133766169448097,
      "std": 0.23861198343995046
    },
    "ts_13_0": {
      "mean": 0.022505746486994705,
      "std": 0.20282992623459742
    },
    "ts_14_0": {
      "mean": 0.02570090896700053,
      "std": 0.24318694445102845
    },
    "ts_15_0": {
      "mean": 0.020964081776820177,
      "std": 0.20074542144651097
    },
    "ts_16_0": {
      "mean": 0.0196520393014985,
      "std": 0.19415080259390716
    },
    "ts_17_0": {
      "mean": -0.06066598207963509,
      "std": 0.16620006367853848
    },
    "ts_18_0": {
      "mean": 0.001523314536152699,
      "std": 0.22702256358817255
    },
    "ts_19_0": {
      "mean": -0.009118369336949768,
      "std": 0.131069604347189
    }
  }
}
